schema_version,pipeline_version,target_id,program_id,observation_id,signal_filter,color_filter,record_type,method_id,method_variant,quantity_family,quantity_name,primary_unit,sma,intens,x0_full,y0_full,eps,pa,node_origin,grad,region_id
sbf-table-2,sbf-3.1,NGC 4461,7763,014,F150W,F115W,07_isophotes:full_family_nodes,isophote_family_extension_v1,default,model_family_nodes,model_family_nodes,mixed_or_not_applicable,10.0,517.0581385149216,1081.301152188112,3057.5632493141825,0.18697589110133936,2.9550947571000363,fitted,-18.296250970456704,
sbf-table-2,sbf-3.1,NGC 4461,7763,014,F150W,F115W,07_isophotes:full_family_nodes,isophote_family_extension_v1,default,model_family_nodes,model_family_nodes,mixed_or_not_applicable,20.0,334.0956288103545,1081.2690214887068,3057.688753316725,0.22064485296231506,2.929189900906648,fitted,-13.774549359428352,
sbf-table-2,sbf-3.1,NGC 4461,7763,014,F150W,F115W,07_isophotes:full_family_nodes,isophote_family_extension_v1,default,model_family_nodes,model_family_nodes,mixed_or_not_applicable,30.0,241.56715132635455,1081.2228838114788,3057.5451436983276,0.24529325973167082,2.934902351486933,fitted,-7.40790723409078,
sbf-table-2,sbf-3.1,NGC 4461,7763,014,F150W,F115W,07_isophotes:full_family_nodes,isophote_family_extension_v1,default,model_family_nodes,model_family_nodes,mixed_or_not_applicable,40.0,185.93748412853893,1081.08384036695,3057.6819273352344,0.2742065987275305,2.9194079509741684,fitted,-4.864578802301134,
sbf-table-2,sbf-3.1,NGC 4461,7763,014,F150W,F115W,07_isophotes:full_family_nodes,isophote_family_extension_v1,default,model_family_nodes,model_family_nodes,mixed_or_not_applicable,50.0,144.27557528033188,1081.08384036695,3057.6819273352344,0.2742065987275305,2.9194079509741684,fitted,-3.5695761167322546,
sbf-table-2,sbf-3.1,NGC 4461,7763,014,F150W,F115W,07_isophotes:full_family_nodes,isophote_family_extension_v1,default,model_family_nodes,model_family_nodes,mixed_or_not_applicable,60.0,114.54596179389384,1081.2294148297774,3057.574780676693,0.2674342474961115,2.9215044469561104,fitted,-2.55395480351637,
sbf-table-2,sbf-3.1,NGC 4461,7763,014,F150W,F115W,07_isophotes:full_family_nodes,isophote_family_extension_v1,default,model_family_nodes,model_family_nodes,mixed_or_not_applicable,70.0,93.19647921000448,1081.2180428830375,3057.6034970443093,0.27249056777558167,2.900817475438816,fitted,-1.878909047549471,
sbf-table-2,sbf-3.1,NGC 4461,7763,014,F150W,F115W,07_isophotes:full_family_nodes,isophote_family_extension_v1,default,model_family_nodes,model_family_nodes,mixed_or_not_applicable,80.0,76.96778084290442,1081.4035578711012,3057.345695932348,0.2703195928206919,2.9091549201887865,fitted,-1.4798988243381799,
sbf-table-2,sbf-3.1,NGC 4461,7763,014,F150W,F115W,07_isophotes:full_family_nodes,isophote_family_extension_v1,default,model_family_nodes,model_family_nodes,mixed_or_not_applicable,90.0,63.598502723240884,1080.8367090154002,3057.3498450217003,0.2562497553204928,2.9158387452359706,fitted,-1.103124013198904,
sbf-table-2,sbf-3.1,NGC 4461,7763,014,F150W,F115W,07_isophotes:full_family_nodes,isophote_family_extension_v1,default,model_family_nodes,model_family_nodes,mixed_or_not_applicable,100.0,54.90530057892634,1080.981150173464,3057.5654342450366,0.26518195418300616,2.900796640577299,fitted,-0.8200108051061896,
sbf-table-2,sbf-3.1,NGC 4461,7763,014,F150W,F115W,07_isophotes:full_family_nodes,isophote_family_extension_v1,default,model_family_nodes,model_family_nodes,mixed_or_not_applicable,110.0,47.19828662111709,1081.551785063375,3057.6759075376167,0.2550842497944083,2.905307208091642,fitted,-0.6327191524809305,
sbf-table-2,sbf-3.1,NGC 4461,7763,014,F150W,F115W,07_isophotes:full_family_nodes,isophote_family_extension_v1,default,model_family_nodes,model_family_nodes,mixed_or_not_applicable,120.0,42.25091752930773,1081.4329981006651,3057.483879903427,0.26738880080761823,2.89397199520223,fitted,-0.46865445143157414,
sbf-table-2,sbf-3.1,NGC 4461,7763,014,F150W,F115W,07_isophotes:full_family_nodes,isophote_family_extension_v1,default,model_family_nodes,model_family_nodes,mixed_or_not_applicable,130.0,37.82519759248561,1080.8514922326758,3057.4674495197564,0.2732344115080599,2.8829777319569545,fitted,-0.4295259095076499,
sbf-table-2,sbf-3.1,NGC 4461,7763,014,F150W,F115W,07_isophotes:full_family_nodes,isophote_family_extension_v1,default,model_family_nodes,model_family_nodes,mixed_or_not_applicable,140.0,33.66039933915473,1080.8226917026732,3057.4117541558453,0.26268527960826316,2.8854143857819183,fitted,-0.3710549416662355,
sbf-table-2,sbf-3.1,NGC 4461,7763,014,F150W,F115W,07_isophotes:full_family_nodes,isophote_family_extension_v1,default,model_family_nodes,model_family_nodes,mixed_or_not_applicable,150.0,30.4040987591609,1081.1681186968099,3057.615348739238,0.2644755527239399,2.886918277938007,fitted,-0.31421154758595315,
sbf-table-2,sbf-3.1,NGC 4461,7763,014,F150W,F115W,07_isophotes:full_family_nodes,isophote_family_extension_v1,default,model_family_nodes,model_family_nodes,mixed_or_not_applicable,160.0,27.376168387435666,1081.390896507613,3057.857802765139,0.25729595706519337,2.874535467510766,fitted,-0.2984113320594373,
sbf-table-2,sbf-3.1,NGC 4461,7763,014,F150W,F115W,07_isophotes:full_family_nodes,isophote_family_extension_v1,default,model_family_nodes,model_family_nodes,mixed_or_not_applicable,170.0,24.435872117972153,1081.0415473880023,3057.278779471396,0.23884603990763872,2.885957930628724,fitted,-0.2421357765153232,
sbf-table-2,sbf-3.1,NGC 4461,7763,014,F150W,F115W,07_isophotes:full_family_nodes,isophote_family_extension_v1,default,model_family_nodes,model_family_nodes,mixed_or_not_applicable,180.0,22.533452857129202,1080.582289446812,3056.9575165184574,0.24317687688853534,2.9181146849734576,fitted,-0.19073007627040167,
sbf-table-2,sbf-3.1,NGC 4461,7763,014,F150W,F115W,07_isophotes:full_family_nodes,isophote_family_extension_v1,default,model_family_nodes,model_family_nodes,mixed_or_not_applicable,190.0,20.62127059256412,1080.612610074744,3058.0795424386247,0.22901953474084008,2.914723243801079,fitted,-0.1691377570132513,
sbf-table-2,sbf-3.1,NGC 4461,7763,014,F150W,F115W,07_isophotes:full_family_nodes,isophote_family_extension_v1,default,model_family_nodes,model_family_nodes,mixed_or_not_applicable,200.0,19.150697716864176,1080.350698440383,3058.320839368246,0.22434570702914552,2.901022936195199,fitted,-0.1427243999449866,
sbf-table-2,sbf-3.1,NGC 4461,7763,014,F150W,F115W,07_isophotes:full_family_nodes,isophote_family_extension_v1,default,model_family_nodes,model_family_nodes,mixed_or_not_applicable,210.0,17.766782593664388,1079.9882240211393,3056.8432855638666,0.22434570702914552,2.9216303885120314,fitted,-0.13607506979413006,
sbf-table-2,sbf-3.1,NGC 4461,7763,014,F150W,F115W,07_isophotes:full_family_nodes,isophote_family_extension_v1,default,model_family_nodes,model_family_nodes,mixed_or_not_applicable,220.0,16.429196320981575,1081.1062373191132,3057.4179019360804,0.21433497270457488,2.9282640708680923,fitted,-0.09939435192420394,
sbf-table-2,sbf-3.1,NGC 4461,7763,014,F150W,F115W,07_isophotes:full_family_nodes,isophote_family_extension_v1,default,model_family_nodes,model_family_nodes,mixed_or_not_applicable,230.0,15.77889555518031,1078.856953606628,3056.809135584133,0.22611679061636356,2.901299773240307,fitted,-0.07946173976247,
sbf-table-2,sbf-3.1,NGC 4461,7763,014,F150W,F115W,07_isophotes:full_family_nodes,isophote_family_extension_v1,default,model_family_nodes,model_family_nodes,mixed_or_not_applicable,240.0,14.839961525732175,1080.3378256768542,3057.5070443378236,0.23175796255246306,2.9277000756783242,fitted,-0.08265183881898963,
sbf-table-2,sbf-3.1,NGC 4461,7763,014,F150W,F115W,07_isophotes:full_family_nodes,isophote_family_extension_v1,default,model_family_nodes,model_family_nodes,mixed_or_not_applicable,250.0,14.125858778800517,1079.7842716801804,3057.66188857288,0.23061617806411985,2.932079798994761,fitted,-0.07889144006173873,
sbf-table-2,sbf-3.1,NGC 4461,7763,014,F150W,F115W,07_isophotes:full_family_nodes,isophote_family_extension_v1,default,model_family_nodes,model_family_nodes,mixed_or_not_applicable,260.0,13.2621327244974,1081.0854305827884,3057.3441284459414,0.22690035242692916,2.902067800307806,fitted,-0.06379636473203654,
sbf-table-2,sbf-3.1,NGC 4461,7763,014,F150W,F115W,07_isophotes:full_family_nodes,isophote_family_extension_v1,default,model_family_nodes,model_family_nodes,mixed_or_not_applicable,270.0,12.849931484159786,1079.4621601371293,3057.6831214078334,0.24384549045466747,2.911263239473619,fitted,-0.05014850063597791,
sbf-table-2,sbf-3.1,NGC 4461,7763,014,F150W,F115W,07_isophotes:full_family_nodes,isophote_family_extension_v1,default,model_family_nodes,model_family_nodes,mixed_or_not_applicable,280.0,12.259162711777842,1078.6390850727394,3058.666997156787,0.24536233726032103,2.929462407360362,fitted,-0.06116193036871183,
sbf-table-2,sbf-3.1,NGC 4461,7763,014,F150W,F115W,07_isophotes:full_family_nodes,isophote_family_extension_v1,default,model_family_nodes,model_family_nodes,mixed_or_not_applicable,290.0,11.62669287678555,1081.0552251413171,3057.185367019989,0.24115070544930362,2.9077029707101425,fitted,-0.05403599249069453,
sbf-table-2,sbf-3.1,NGC 4461,7763,014,F150W,F115W,07_isophotes:full_family_nodes,isophote_family_extension_v1,default,model_family_nodes,model_family_nodes,mixed_or_not_applicable,300.0,11.178442861963951,1081.0552251413171,3057.185367019989,0.24798633752600227,2.9077029707101425,fitted,-0.03721686059610807,
sbf-table-2,sbf-3.1,NGC 4461,7763,014,F150W,F115W,07_isophotes:full_family_nodes,isophote_family_extension_v1,default,model_family_nodes,model_family_nodes,mixed_or_not_applicable,310.0,10.882355664863388,1081.3015355558834,3058.219198550919,0.25769400471915455,2.9077029707101425,fitted,-0.04164908374464682,
sbf-table-2,sbf-3.1,NGC 4461,7763,014,F150W,F115W,07_isophotes:full_family_nodes,isophote_family_extension_v1,default,model_family_nodes,model_family_nodes,mixed_or_not_applicable,320.0,10.345461187071015,1079.0428806253594,3057.4970555330515,0.25754569412522077,2.924701888393094,fitted,-0.038944418318378825,
sbf-table-2,sbf-3.1,NGC 4461,7763,014,F150W,F115W,07_isophotes:full_family_nodes,isophote_family_extension_v1,default,model_family_nodes,model_family_nodes,mixed_or_not_applicable,330.0,10.103467298495811,1081.3698793377962,3056.9842851586473,0.2689521908259354,2.9483880426953597,fitted,-0.028279458794701194,
sbf-table-2,sbf-3.1,NGC 4461,7763,014,F150W,F115W,07_isophotes:full_family_nodes,isophote_family_extension_v1,default,model_family_nodes,model_family_nodes,mixed_or_not_applicable,340.0,9.779872011176991,1080.3726536000684,3055.7616338189728,0.2804454204009028,2.9388906662460386,fitted,-0.03469578253915025,
sbf-table-2,sbf-3.1,NGC 4461,7763,014,F150W,F115W,07_isophotes:full_family_nodes,isophote_family_extension_v1,default,model_family_nodes,model_family_nodes,mixed_or_not_applicable,350.0,9.409551647712806,1082.6399014095923,3057.438480987119,0.27676525132883356,2.928590804829617,fitted,-0.030187365624941176,
sbf-table-2,sbf-3.1,NGC 4461,7763,014,F150W,F115W,07_isophotes:full_family_nodes,isophote_family_extension_v1,default,model_family_nodes,model_family_nodes,mixed_or_not_applicable,360.0,9.176124698678167,1080.690519328131,3055.580386813054,0.288425511663483,2.928590804829617,fitted,-0.02931449766828482,
sbf-table-2,sbf-3.1,NGC 4461,7763,014,F150W,F115W,07_isophotes:full_family_nodes,isophote_family_extension_v1,default,model_family_nodes,model_family_nodes,mixed_or_not_applicable,370.0,8.82326169434711,1081.2101315679408,3057.982854861489,0.288425511663483,2.928590804829617,fitted,-0.026729627277566514,
sbf-table-2,sbf-3.1,NGC 4461,7763,014,F150W,F115W,07_isophotes:full_family_nodes,isophote_family_extension_v1,default,model_family_nodes,model_family_nodes,mixed_or_not_applicable,380.0,8.641532153126837,1079.9731705546665,3058.6113085734505,0.297160673876561,2.9277454511332195,fitted,-0.022036911897176915,
sbf-table-2,sbf-3.1,NGC 4461,7763,014,F150W,F115W,07_isophotes:full_family_nodes,isophote_family_extension_v1,default,model_family_nodes,model_family_nodes,mixed_or_not_applicable,390.0,8.382523456403572,1082.4529808679172,3055.4601782331097,0.3036267175830525,2.917479920274523,fitted,-0.030310092954999136,
sbf-table-2,sbf-3.1,NGC 4461,7763,014,F150W,F115W,07_isophotes:full_family_nodes,isophote_family_extension_v1,default,model_family_nodes,model_family_nodes,mixed_or_not_applicable,400.0,8.035330294026855,1080.379069936764,3057.8299788753948,0.3036267175830525,2.917479920274523,fitted,-0.03105391180928483,
sbf-table-2,sbf-3.1,NGC 4461,7763,014,F150W,F115W,07_isophotes:full_family_nodes,isophote_family_extension_v1,default,model_family_nodes,model_family_nodes,mixed_or_not_applicable,410.0,7.761445220217875,1078.9608328642125,3058.149081061687,0.3036267175830525,2.9211144644109774,fitted,-0.02713130184263992,
sbf-table-2,sbf-3.1,NGC 4461,7763,014,F150W,F115W,07_isophotes:full_family_nodes,isophote_family_extension_v1,default,model_family_nodes,model_family_nodes,mixed_or_not_applicable,420.0,7.492704257174056,1078.9608328642125,3058.149081061687,0.3036267175830525,2.9211144644109774,fitted,-0.016740856597634003,
sbf-table-2,sbf-3.1,NGC 4461,7763,014,F150W,F115W,07_isophotes:full_family_nodes,isophote_family_extension_v1,default,model_family_nodes,model_family_nodes,mixed_or_not_applicable,430.0,7.426628088265195,1079.3775847253382,3056.7710206693646,0.32159902215849784,2.90993716749943,fitted,-0.01320127172004364,
sbf-table-2,sbf-3.1,NGC 4461,7763,014,F150W,F115W,07_isophotes:full_family_nodes,isophote_family_extension_v1,default,model_family_nodes,model_family_nodes,mixed_or_not_applicable,440.0,7.228678822773183,1081.8727653020085,3056.39682185063,0.3289759231878597,2.906852375418905,fitted,-0.02630394516787322,
sbf-table-2,sbf-3.1,NGC 4461,7763,014,F150W,F115W,07_isophotes:full_family_nodes,isophote_family_extension_v1,default,model_family_nodes,model_family_nodes,mixed_or_not_applicable,450.0,6.900549184907731,1079.1559594033388,3057.684585152959,0.3252215030022084,2.8923610129665853,fitted,-0.021294126742126142,
sbf-table-2,sbf-3.1,NGC 4461,7763,014,F150W,F115W,07_isophotes:full_family_nodes,isophote_family_extension_v1,default,model_family_nodes,model_family_nodes,mixed_or_not_applicable,460.0,6.8027962879306605,1079.1559594033388,3057.684585152959,0.3360900685058737,2.912796648976575,fitted,-0.016541333072768748,
sbf-table-2,sbf-3.1,NGC 4461,7763,014,F150W,F115W,07_isophotes:full_family_nodes,isophote_family_extension_v1,default,model_family_nodes,model_family_nodes,mixed_or_not_applicable,470.0,6.569722523452356,1082.2753617116305,3056.9581583410577,0.3360900685058737,2.912796648976575,fitted,-0.02130200116095766,
sbf-table-2,sbf-3.1,NGC 4461,7763,014,F150W,F115W,07_isophotes:full_family_nodes,isophote_family_extension_v1,default,model_family_nodes,model_family_nodes,mixed_or_not_applicable,480.0,6.376756264711507,1082.2753617116305,3056.9581583410577,0.3360900685058737,2.912796648976575,fitted,-0.01824633273570959,
sbf-table-2,sbf-3.1,NGC 4461,7763,014,F150W,F115W,07_isophotes:full_family_nodes,isophote_family_extension_v1,default,model_family_nodes,model_family_nodes,mixed_or_not_applicable,490.0,6.204795868738164,1082.2753617116305,3056.9581583410577,0.3435930387327085,2.9077983365275704,fitted,-0.01723011939868053,
sbf-table-2,sbf-3.1,NGC 4461,7763,014,F150W,F115W,07_isophotes:full_family_nodes,isophote_family_extension_v1,default,model_family_nodes,model_family_nodes,mixed_or_not_applicable,500.0,6.032153876737897,1082.2753617116305,3056.9581583410577,0.34803165948294357,2.887550842943535,fitted,-0.017028020372523312,
sbf-table-2,sbf-3.1,NGC 4461,7763,014,F150W,F115W,07_isophotes:full_family_nodes,isophote_family_extension_v1,default,model_family_nodes,model_family_nodes,mixed_or_not_applicable,510.0,5.864235461287698,1076.6213648057017,3058.4262284036286,0.34803165948294357,2.887550842943535,fitted,-0.013770430648788023,
sbf-table-2,sbf-3.1,NGC 4461,7763,014,F150W,F115W,07_isophotes:full_family_nodes,isophote_family_extension_v1,default,model_family_nodes,model_family_nodes,mixed_or_not_applicable,520.0,5.756745263762136,1076.6213648057017,3058.4262284036286,0.357988068645906,2.884009080106584,fitted,-0.012314286158042798,
sbf-table-2,sbf-3.1,NGC 4461,7763,014,F150W,F115W,07_isophotes:full_family_nodes,isophote_family_extension_v1,default,model_family_nodes,model_family_nodes,mixed_or_not_applicable,530.0,5.617949738126842,1076.4674875227531,3058.002515043604,0.3630770872549429,2.8793143447933667,fitted,-0.015852955048562524,
sbf-table-2,sbf-3.1,NGC 4461,7763,014,F150W,F115W,07_isophotes:full_family_nodes,isophote_family_extension_v1,default,model_family_nodes,model_family_nodes,mixed_or_not_applicable,540.0,5.439686162790886,1076.4674875227531,3058.002515043604,0.3630770872549429,2.8793143447933667,fitted,-0.010398304422130656,
sbf-table-2,sbf-3.1,NGC 4461,7763,014,F150W,F115W,07_isophotes:full_family_nodes,isophote_family_extension_v1,default,model_family_nodes,model_family_nodes,mixed_or_not_applicable,550.0,5.409983649684229,1078.5959127837634,3056.2056630159227,0.37598362656835216,2.901040037036059,fitted,-0.011150927123103171,
sbf-table-2,sbf-3.1,NGC 4461,7763,014,F150W,F115W,07_isophotes:full_family_nodes,isophote_family_extension_v1,default,model_family_nodes,model_family_nodes,mixed_or_not_applicable,560.0,5.216667620328822,1081.514589585862,3055.029490279166,0.3715047133014123,2.8858507912629983,fitted,-0.016264871219528,
sbf-table-2,sbf-3.1,NGC 4461,7763,014,F150W,F115W,07_isophotes:full_family_nodes,isophote_family_extension_v1,default,model_family_nodes,model_family_nodes,mixed_or_not_applicable,570.0,5.084686225293669,1081.514589585862,3055.029490279166,0.3739704949027517,2.8858507912629983,fitted,-0.014567964390934041,
sbf-table-2,sbf-3.1,NGC 4461,7763,014,F150W,F115W,07_isophotes:full_family_nodes,isophote_family_extension_v1,default,model_family_nodes,model_family_nodes,mixed_or_not_applicable,580.0,4.925308332510141,1081.514589585862,3055.029490279166,0.37964505233354157,2.8858507912629983,fitted,-0.01371306092698501,
sbf-table-2,sbf-3.1,NGC 4461,7763,014,F150W,F115W,07_isophotes:full_family_nodes,isophote_family_extension_v1,default,model_family_nodes,model_family_nodes,mixed_or_not_applicable,590.0,4.8104250067539684,1081.514589585862,3055.029490279166,0.37964505233354157,2.8858507912629983,fitted,-0.006570507587760277,
sbf-table-2,sbf-3.1,NGC 4461,7763,014,F150W,F115W,07_isophotes:full_family_nodes,isophote_family_extension_v1,default,model_family_nodes,model_family_nodes,mixed_or_not_applicable,600.0,4.793898180754936,1081.6861398474648,3055.6855965249265,0.3986775025190265,2.8858507912629983,fitted,-0.008019397459327181,
sbf-table-2,sbf-3.1,NGC 4461,7763,014,F150W,F115W,07_isophotes:full_family_nodes,isophote_family_extension_v1,default,model_family_nodes,model_family_nodes,mixed_or_not_applicable,610.0,4.650037057567425,1082.2624367273731,3057.8896851622017,0.39737666004173655,2.8858507912629983,fitted,-0.013577408692044735,
sbf-table-2,sbf-3.1,NGC 4461,7763,014,F150W,F115W,07_isophotes:full_family_nodes,isophote_family_extension_v1,default,model_family_nodes,model_family_nodes,mixed_or_not_applicable,620.0,4.522350006914041,1081.994455646984,3056.864772352706,0.3987000147423066,2.8894121230849015,fitted,-0.008565810980967693,
sbf-table-2,sbf-3.1,NGC 4461,7763,014,F150W,F115W,07_isophotes:full_family_nodes,isophote_family_extension_v1,default,model_family_nodes,model_family_nodes,mixed_or_not_applicable,630.0,4.478720837948071,1082.056786083467,3057.014663227768,0.40437209125875795,2.8800793122272035,fitted,-0.008613197760316238,
sbf-table-2,sbf-3.1,NGC 4461,7763,014,F150W,F115W,07_isophotes:full_family_nodes,isophote_family_extension_v1,default,model_family_nodes,model_family_nodes,mixed_or_not_applicable,640.0,4.3500860517077165,1082.056786083467,3057.014663227768,0.40437209125875795,2.8800793122272035,fitted,-0.011544498841771621,
sbf-table-2,sbf-3.1,NGC 4461,7763,014,F150W,F115W,07_isophotes:full_family_nodes,isophote_family_extension_v1,default,model_family_nodes,model_family_nodes,mixed_or_not_applicable,650.0,4.2478308611126385,1082.056786083467,3057.014663227768,0.4063065445391261,2.8800793122272035,fitted,-0.007751160488328157,
sbf-table-2,sbf-3.1,NGC 4461,7763,014,F150W,F115W,07_isophotes:full_family_nodes,isophote_family_extension_v1,default,model_family_nodes,model_family_nodes,mixed_or_not_applicable,660.0,4.195062841941153,1083.5982974605006,3054.7639978698203,0.4155652769727091,2.883455366345785,fitted,-0.00631991398318057,
sbf-table-2,sbf-3.1,NGC 4461,7763,014,F150W,F115W,07_isophotes:full_family_nodes,isophote_family_extension_v1,default,model_family_nodes,model_family_nodes,mixed_or_not_applicable,670.0,4.121432581449027,1079.385131448764,3059.001545095082,0.4200464040280017,2.8805960584935573,fitted,-0.008826881009829268,
sbf-table-2,sbf-3.1,NGC 4461,7763,014,F150W,F115W,07_isophotes:full_family_nodes,isophote_family_extension_v1,default,model_family_nodes,model_family_nodes,mixed_or_not_applicable,680.0,4.018525221744568,1079.0449500517364,3057.72788176579,0.4227220020693704,2.8805960584935573,fitted,-0.011066736332659134,
sbf-table-2,sbf-3.1,NGC 4461,7763,014,F150W,F115W,07_isophotes:full_family_nodes,isophote_family_extension_v1,default,model_family_nodes,model_family_nodes,mixed_or_not_applicable,690.0,3.9000978547958445,1082.1721086620619,3058.1594729314033,0.4239431435023817,2.871065412605946,fitted,-0.012037039355330736,
sbf-table-2,sbf-3.1,NGC 4461,7763,014,F150W,F115W,07_isophotes:full_family_nodes,isophote_family_extension_v1,default,model_family_nodes,model_family_nodes,mixed_or_not_applicable,700.0,3.777784434637953,1082.1721086620619,3058.1594729314033,0.4239431435023817,2.871065412605946,fitted,-0.001992228731055068,
sbf-table-2,sbf-3.1,NGC 4461,7763,014,F150W,F115W,07_isophotes:full_family_nodes,isophote_family_extension_v1,default,model_family_nodes,model_family_nodes,mixed_or_not_applicable,710.0,3.860253280174743,1081.1534460136577,3058.4316755769964,0.4377311872948822,2.8804777554274574,fitted,-0.0038639193958037053,
sbf-table-2,sbf-3.1,NGC 4461,7763,014,F150W,F115W,07_isophotes:full_family_nodes,isophote_family_extension_v1,default,model_family_nodes,model_family_nodes,mixed_or_not_applicable,720.0,3.700506046721879,1080.957781364591,3057.699440704028,0.4377311872948822,2.8804777554274574,fitted,-0.013647560875368114,
sbf-table-2,sbf-3.1,NGC 4461,7763,014,F150W,F115W,07_isophotes:full_family_nodes,isophote_family_extension_v1,default,model_family_nodes,model_family_nodes,mixed_or_not_applicable,730.0,3.587302062667381,1081.5554283565662,3055.9218846730164,0.43580932410873857,2.8776440995452535,fitted,-0.011449906633911055,
sbf-table-2,sbf-3.1,NGC 4461,7763,014,F150W,F115W,07_isophotes:full_family_nodes,isophote_family_extension_v1,default,model_family_nodes,model_family_nodes,mixed_or_not_applicable,740.0,3.471507914043658,1081.5554283565662,3055.9218846730164,0.43706976435919725,2.8723961309775725,fitted,-0.00794057421185983,
sbf-table-2,sbf-3.1,NGC 4461,7763,014,F150W,F115W,07_isophotes:full_family_nodes,isophote_family_extension_v1,default,model_family_nodes,model_family_nodes,mixed_or_not_applicable,750.0,3.4284905784301842,1079.9070322676946,3055.8608812988427,0.4415356428131711,2.8741172896994005,fitted,-0.0036145632523937763,
sbf-table-2,sbf-3.1,NGC 4461,7763,014,F150W,F115W,07_isophotes:full_family_nodes,isophote_family_extension_v1,default,model_family_nodes,model_family_nodes,mixed_or_not_applicable,760.0,3.3992166489957825,1079.9493378197665,3056.017085203151,0.44797856076520426,2.877102314789479,fitted,-0.0066850072016857,
sbf-table-2,sbf-3.1,NGC 4461,7763,014,F150W,F115W,07_isophotes:full_family_nodes,isophote_family_extension_v1,default,model_family_nodes,model_family_nodes,mixed_or_not_applicable,770.0,3.2947904343964702,1079.9493378197665,3056.017085203151,0.44797856076520426,2.8706687026785054,fitted,-0.005610400658648151,
sbf-table-2,sbf-3.1,NGC 4461,7763,014,F150W,F115W,07_isophotes:full_family_nodes,isophote_family_extension_v1,default,model_family_nodes,model_family_nodes,mixed_or_not_applicable,780.0,3.2870086358228194,1079.9493378197665,3056.017085203151,0.4568434277327286,2.8706687026785054,fitted,-0.005395632356094504,
sbf-table-2,sbf-3.1,NGC 4461,7763,014,F150W,F115W,07_isophotes:full_family_nodes,isophote_family_extension_v1,default,model_family_nodes,model_family_nodes,mixed_or_not_applicable,790.0,3.18687778727458,1083.008144694628,3055.1674920759465,0.4568434277327286,2.8706687026785054,fitted,-0.008705659072968941,
sbf-table-2,sbf-3.1,NGC 4461,7763,014,F150W,F115W,07_isophotes:full_family_nodes,isophote_family_extension_v1,default,model_family_nodes,model_family_nodes,mixed_or_not_applicable,800.0,3.1128954543634406,1079.4235855110167,3056.1680451448337,0.4568434277327286,2.8643366529248313,fitted,-0.005436125563087724,
sbf-table-2,sbf-3.1,NGC 4461,7763,014,F150W,F115W,07_isophotes:full_family_nodes,isophote_family_extension_v1,default,model_family_nodes,model_family_nodes,mixed_or_not_applicable,810.0,3.0781552760128257,1079.6493028703458,3056.961188673431,0.46277128907272025,2.8643366529248313,fitted,-0.0075370858452983745,
sbf-table-2,sbf-3.1,NGC 4461,7763,014,F150W,F115W,07_isophotes:full_family_nodes,isophote_family_extension_v1,default,model_family_nodes,model_family_nodes,mixed_or_not_applicable,820.0,2.962153737457473,1083.1625875625061,3058.0082578211704,0.4609038634783059,2.8693746784291116,fitted,-0.009519038866767504,
sbf-table-2,sbf-3.1,NGC 4461,7763,014,F150W,F115W,07_isophotes:full_family_nodes,isophote_family_extension_v1,default,model_family_nodes,model_family_nodes,mixed_or_not_applicable,830.0,2.8877744986774756,1083.1758739427682,3058.004511452456,0.4609038634783059,2.8667575432828105,fitted,-0.004504428342598921,
sbf-table-2,sbf-3.1,NGC 4461,7763,014,F150W,F115W,07_isophotes:full_family_nodes,isophote_family_extension_v1,default,model_family_nodes,model_family_nodes,mixed_or_not_applicable,840.0,2.8720651706054947,1087.5804151451885,3054.624181601383,0.46756265879952563,2.861106255251195,fitted,-0.0041553140748559645,
sbf-table-2,sbf-3.1,NGC 4461,7763,014,F150W,F115W,07_isophotes:full_family_nodes,isophote_family_extension_v1,default,model_family_nodes,model_family_nodes,mixed_or_not_applicable,850.0,2.8046682171803563,1087.15892626293,3053.1610901180456,0.46756265879952563,2.861106255251195,fitted,-0.007048743814882652,
sbf-table-2,sbf-3.1,NGC 4461,7763,014,F150W,F115W,07_isophotes:full_family_nodes,isophote_family_extension_v1,default,model_family_nodes,model_family_nodes,mixed_or_not_applicable,860.0,2.7310902943078417,1087.15892626293,3053.1610901180456,0.46756265879952563,2.861106255251195,fitted,-0.007651912512951919,
sbf-table-2,sbf-3.1,NGC 4461,7763,014,F150W,F115W,07_isophotes:full_family_nodes,isophote_family_extension_v1,default,model_family_nodes,model_family_nodes,mixed_or_not_applicable,870.0,2.651629966921318,1087.15892626293,3053.1610901180456,0.46756265879952563,2.861106255251195,fitted,-0.006995552567350604,
sbf-table-2,sbf-3.1,NGC 4461,7763,014,F150W,F115W,07_isophotes:full_family_nodes,isophote_family_extension_v1,default,model_family_nodes,model_family_nodes,mixed_or_not_applicable,880.0,2.5911792429608296,1087.15892626293,3053.1610901180456,0.4676767741153794,2.861106255251195,fitted,-0.0037221285219403823,
sbf-table-2,sbf-3.1,NGC 4461,7763,014,F150W,F115W,07_isophotes:full_family_nodes,isophote_family_extension_v1,default,model_family_nodes,model_family_nodes,mixed_or_not_applicable,890.0,2.5771873964825103,1076.7335759831385,3056.164435627625,0.474407449103057,2.875593902702554,fitted,-7.165530071135961e-05,
sbf-table-2,sbf-3.1,NGC 4461,7763,014,F150W,F115W,07_isophotes:full_family_nodes,isophote_family_extension_v1,default,model_family_nodes,model_family_nodes,mixed_or_not_applicable,900.0,2.5897461369466024,1076.7335759831385,3056.164435627625,0.48266053440377654,2.875593902702554,fitted,-0.0041398618230174215,
sbf-table-2,sbf-3.1,NGC 4461,7763,014,F150W,F115W,07_isophotes:full_family_nodes,isophote_family_extension_v1,default,model_family_nodes,model_family_nodes,mixed_or_not_applicable,910.0,2.494390160022162,1079.3552166503887,3057.126453642276,0.48266053440377654,2.8699467974960937,fitted,-0.005983575284604292,
sbf-table-2,sbf-3.1,NGC 4461,7763,014,F150W,F115W,07_isophotes:full_family_nodes,isophote_family_extension_v1,default,model_family_nodes,model_family_nodes,mixed_or_not_applicable,920.0,2.4700746312545165,1080.9962263114753,3056.159156536324,0.48266053440377654,2.8699467974960937,fitted,-0.002136110761226928,
sbf-table-2,sbf-3.1,NGC 4461,7763,014,F150W,F115W,07_isophotes:full_family_nodes,isophote_family_extension_v1,default,model_family_nodes,model_family_nodes,mixed_or_not_applicable,930.0,2.4516679447976233,1075.0479622221285,3057.840204426362,0.4877320600401464,2.871791791416949,fitted,-0.004876402829193683,
sbf-table-2,sbf-3.1,NGC 4461,7763,014,F150W,F115W,07_isophotes:full_family_nodes,isophote_family_extension_v1,default,model_family_nodes,model_family_nodes,mixed_or_not_applicable,940.0,2.372546574670643,1084.0512216935454,3055.2384713145757,0.48628361575703516,2.8602793140851843,fitted,-0.007652852809548749,
sbf-table-2,sbf-3.1,NGC 4461,7763,014,F150W,F115W,07_isophotes:full_family_nodes,isophote_family_extension_v1,default,model_family_nodes,model_family_nodes,mixed_or_not_applicable,950.0,2.2986108886066483,1083.3558833346538,3052.745712505292,0.48628361575703516,2.8695641002305226,fitted,-0.006203814937241936,
sbf-table-2,sbf-3.1,NGC 4461,7763,014,F150W,F115W,07_isophotes:full_family_nodes,isophote_family_extension_v1,default,model_family_nodes,model_family_nodes,mixed_or_not_applicable,960.0,2.248470275925804,1076.3894058102023,3057.545544174411,0.48628361575703516,2.8533836798565395,fitted,-0.0019397946689741375,
sbf-table-2,sbf-3.1,NGC 4461,7763,014,F150W,F115W,07_isophotes:full_family_nodes,isophote_family_extension_v1,default,model_family_nodes,model_family_nodes,mixed_or_not_applicable,970.0,2.2598149952271656,1080.6435990465375,3058.445065870606,0.4925746188556618,2.862933005146706,fitted,-0.0019442953619896119,
sbf-table-2,sbf-3.1,NGC 4461,7763,014,F150W,F115W,07_isophotes:full_family_nodes,isophote_family_extension_v1,default,model_family_nodes,model_family_nodes,mixed_or_not_applicable,980.0,2.209584368686012,1080.4644764733898,3057.818990179088,0.4925746188556618,2.8705739056973654,fitted,-0.004311088066940605,
sbf-table-2,sbf-3.1,NGC 4461,7763,014,F150W,F115W,07_isophotes:full_family_nodes,isophote_family_extension_v1,default,model_family_nodes,model_family_nodes,mixed_or_not_applicable,990.0,2.1735932338883535,1088.3754429397386,3055.3162109278765,0.4925746188556618,2.8551942287908676,fitted,-0.0038266248398728608,
sbf-table-2,sbf-3.1,NGC 4461,7763,014,F150W,F115W,07_isophotes:full_family_nodes,isophote_family_extension_v1,default,model_family_nodes,model_family_nodes,mixed_or_not_applicable,1000.0,2.1330518718885547,1084.7171980870005,3056.3550079867155,0.49491168857798556,2.861140188941907,fitted,-0.0033316380338096695,
sbf-table-2,sbf-3.1,NGC 4461,7763,014,F150W,F115W,07_isophotes:full_family_nodes,isophote_family_extension_v1,default,model_family_nodes,model_family_nodes,mixed_or_not_applicable,1010.0,2.10696047321216,1079.0769859206314,3058.6364465434353,0.5038544942981186,2.8536442842229506,fitted,-0.002845023900141097,
sbf-table-2,sbf-3.1,NGC 4461,7763,014,F150W,F115W,07_isophotes:full_family_nodes,isophote_family_extension_v1,default,model_family_nodes,model_family_nodes,mixed_or_not_applicable,1020.0,2.0761513938857328,1077.784100638783,3054.119053512831,0.503609636505932,2.8628424822445124,fitted,-0.0040628615941563865,
sbf-table-2,sbf-3.1,NGC 4461,7763,014,F150W,F115W,07_isophotes:full_family_nodes,isophote_family_extension_v1,default,model_family_nodes,model_family_nodes,mixed_or_not_applicable,1030.0,2.0257032413290323,1077.784100638783,3054.119053512831,0.503609636505932,2.8628424822445124,fitted,-0.004354561749641828,
sbf-table-2,sbf-3.1,NGC 4461,7763,014,F150W,F115W,07_isophotes:full_family_nodes,isophote_family_extension_v1,default,model_family_nodes,model_family_nodes,mixed_or_not_applicable,1040.0,1.9890601588928962,1078.5337470657416,3056.7383481958977,0.5051238824810977,2.8578292966513907,fitted,-0.003996335205495349,
sbf-table-2,sbf-3.1,NGC 4461,7763,014,F150W,F115W,07_isophotes:full_family_nodes,isophote_family_extension_v1,default,model_family_nodes,model_family_nodes,mixed_or_not_applicable,1050.0,1.9457765372191254,1078.6027858810344,3056.9750797886895,0.5051238824810977,2.8578292966513907,fitted,-0.0030207946732607517,
sbf-table-2,sbf-3.1,NGC 4461,7763,014,F150W,F115W,07_isophotes:full_family_nodes,isophote_family_extension_v1,default,model_family_nodes,model_family_nodes,mixed_or_not_applicable,1060.0,1.9286442654276812,1078.1504432278612,3055.424013242731,0.506639758842792,2.8577885934730127,fitted,-0.001819475722101586,
sbf-table-2,sbf-3.1,NGC 4461,7763,014,F150W,F115W,07_isophotes:full_family_nodes,isophote_family_extension_v1,default,model_family_nodes,model_family_nodes,mixed_or_not_applicable,1070.0,1.9532428057060447,1079.2970977279388,3059.243868139784,0.5168005094438458,2.8499682184078012,fitted,-0.002599193335928085,
sbf-table-2,sbf-3.1,NGC 4461,7763,014,F150W,F115W,07_isophotes:full_family_nodes,isophote_family_extension_v1,default,model_family_nodes,model_family_nodes,mixed_or_not_applicable,1080.0,1.8766603987091195,1077.5202416880938,3053.3246202366877,0.5101817858762463,2.8499682184078012,fitted,-0.0064734328621062764,
sbf-table-2,sbf-3.1,NGC 4461,7763,014,F150W,F115W,07_isophotes:full_family_nodes,isophote_family_extension_v1,default,model_family_nodes,model_family_nodes,mixed_or_not_applicable,1090.0,1.8237741484639192,1077.4143220210149,3052.971769609967,0.5101817858762463,2.8499682184078012,fitted,-0.0029538745749567497,
sbf-table-2,sbf-3.1,NGC 4461,7763,014,F150W,F115W,07_isophotes:full_family_nodes,isophote_family_extension_v1,default,model_family_nodes,model_family_nodes,mixed_or_not_applicable,1100.0,1.8175829072099845,1078.1721927628241,3055.4964675588594,0.5152211645959992,2.8429203724779186,fitted,-0.003756454897451056,
sbf-table-2,sbf-3.1,NGC 4461,7763,014,F150W,F115W,07_isophotes:full_family_nodes,isophote_family_extension_v1,default,model_family_nodes,model_family_nodes,mixed_or_not_applicable,1110.0,1.748645050514898,1077.5698504632996,3053.5015567430355,0.5102179102695366,2.835417052251035,fitted,-0.0057222185614861035,
sbf-table-2,sbf-3.1,NGC 4461,7763,014,F150W,F115W,07_isophotes:full_family_nodes,isophote_family_extension_v1,default,model_family_nodes,model_family_nodes,mixed_or_not_applicable,1120.0,1.7031385359802624,1077.5698504632996,3053.5015567430355,0.5102179102695366,2.835417052251035,fitted,-0.0027263588895166556,
sbf-table-2,sbf-3.1,NGC 4461,7763,014,F150W,F115W,07_isophotes:full_family_nodes,isophote_family_extension_v1,default,model_family_nodes,model_family_nodes,mixed_or_not_applicable,1130.0,1.694117872724565,1079.6475309155826,3060.0740858223708,0.5116111928832071,2.835417052251035,fitted,-0.0021697814315935647,
sbf-table-2,sbf-3.1,NGC 4461,7763,014,F150W,F115W,07_isophotes:full_family_nodes,isophote_family_extension_v1,default,model_family_nodes,model_family_nodes,mixed_or_not_applicable,1140.0,1.6597429073483911,1079.5313881153666,3060.016834690903,0.5124885591645606,2.8501321895261333,fitted,-0.0026835858828652913,
sbf-table-2,sbf-3.1,NGC 4461,7763,014,F150W,F115W,07_isophotes:full_family_nodes,isophote_family_extension_v1,default,model_family_nodes,model_family_nodes,mixed_or_not_applicable,1150.0,1.640446155067259,1079.5313881153666,3060.016834690903,0.5124885591645606,2.8501321895261333,fitted,-0.0014264749174497905,
sbf-table-2,sbf-3.1,NGC 4461,7763,014,F150W,F115W,07_isophotes:full_family_nodes,isophote_family_extension_v1,default,model_family_nodes,model_family_nodes,mixed_or_not_applicable,1160.0,1.6834699447698247,1079.5313881153666,3060.016834690903,0.5246162362881513,2.836533211629935,fitted,-0.0014512671937670903,
sbf-table-2,sbf-3.1,NGC 4461,7763,014,F150W,F115W,07_isophotes:full_family_nodes,isophote_family_extension_v1,default,model_family_nodes,model_family_nodes,mixed_or_not_applicable,1170.0,1.649186287171488,1079.5313881153666,3060.016834690903,0.5246162362881513,2.836533211629935,fitted,-0.0014095609292064,
sbf-table-2,sbf-3.1,NGC 4461,7763,014,F150W,F115W,07_isophotes:full_family_nodes,isophote_family_extension_v1,default,model_family_nodes,model_family_nodes,mixed_or_not_applicable,1180.0,1.7175431077875525,1077.1793587092814,3052.5474321916226,0.5409656532928929,2.836533211629935,fitted,-0.0014555450065996207,
sbf-table-2,sbf-3.1,NGC 4461,7763,014,F150W,F115W,07_isophotes:full_family_nodes,isophote_family_extension_v1,default,model_family_nodes,model_family_nodes,mixed_or_not_applicable,1190.0,1.6861528113159705,1076.8156997826472,3051.3925508417296,0.5409656532928929,2.836533211629935,fitted,-0.003254698748066298,
sbf-table-2,sbf-3.1,NGC 4461,7763,014,F150W,F115W,07_isophotes:full_family_nodes,isophote_family_extension_v1,default,model_family_nodes,model_family_nodes,mixed_or_not_applicable,1200.0,1.6524491328262265,1079.826873613755,3060.955215866943,0.5403711126116304,2.836533211629935,fitted,-0.003017677100708416,
sbf-table-2,sbf-3.1,NGC 4461,7763,014,F150W,F115W,07_isophotes:full_family_nodes,isophote_family_extension_v1,default,model_family_nodes,model_family_nodes,mixed_or_not_applicable,1210.0,1.6257992693018022,1099.0360541867467,3045.0861200176732,0.5403711126116304,2.846428622130071,fitted,-0.001270696544399519,
sbf-table-2,sbf-3.1,NGC 4461,7763,014,F150W,F115W,07_isophotes:full_family_nodes,isophote_family_extension_v1,default,model_family_nodes,model_family_nodes,mixed_or_not_applicable,1220.0,1.6270352019382361,1100.3038313415593,3046.213660715089,0.5460899284657653,2.846428622130071,fitted,-0.00014732758926998545,
sbf-table-2,sbf-3.1,NGC 4461,7763,014,F150W,F115W,07_isophotes:full_family_nodes,isophote_family_extension_v1,default,model_family_nodes,model_family_nodes,mixed_or_not_applicable,1230.0,1.6228527175164025,1113.6876995996574,3043.9823096230048,0.5460899284657653,2.845918090257162,fitted,-0.0012632281348615604,
sbf-table-2,sbf-3.1,NGC 4461,7763,014,F150W,F115W,07_isophotes:full_family_nodes,isophote_family_extension_v1,default,model_family_nodes,model_family_nodes,mixed_or_not_applicable,1240.0,1.601770639241005,1112.9792472583108,3047.9922183922117,0.5488604185155012,2.8401132072361803,fitted,-0.0022567843821000967,
sbf-table-2,sbf-3.1,NGC 4461,7763,014,F150W,F115W,07_isophotes:full_family_nodes,isophote_family_extension_v1,default,model_family_nodes,model_family_nodes,mixed_or_not_applicable,1250.0,1.5777170298744005,1106.2512850888884,3048.9370222413672,0.5500826839550431,2.8401132072361803,fitted,-0.0012621736238995205,
sbf-table-2,sbf-3.1,NGC 4461,7763,014,F150W,F115W,07_isophotes:full_family_nodes,isophote_family_extension_v1,default,model_family_nodes,model_family_nodes,mixed_or_not_applicable,1260.0,1.6043402256668442,1113.6366859515422,3046.698994340858,0.5597458718689774,2.848809121491443,fitted,-0.0003322979378392654,
sbf-table-2,sbf-3.1,NGC 4461,7763,014,F150W,F115W,07_isophotes:full_family_nodes,isophote_family_extension_v1,default,model_family_nodes,model_family_nodes,mixed_or_not_applicable,1270.0,1.5710710711176152,1118.031675898766,3043.2233453532367,0.555825708928608,2.838615624869625,fitted,-0.0035857293744422257,
sbf-table-2,sbf-3.1,NGC 4461,7763,014,F150W,F115W,07_isophotes:full_family_nodes,isophote_family_extension_v1,default,model_family_nodes,model_family_nodes,mixed_or_not_applicable,1280.0,1.5326256381779997,1117.8741347987648,3040.5536959135156,0.555825708928608,2.8422249474908488,fitted,-0.0014047729868801317,
sbf-table-2,sbf-3.1,NGC 4461,7763,014,F150W,F115W,07_isophotes:full_family_nodes,isophote_family_extension_v1,default,model_family_nodes,model_family_nodes,mixed_or_not_applicable,1290.0,1.5429756113800126,1119.5747074280011,3046.06352245028,0.562041842369952,2.8422249474908488,fitted,-0.001196105125100785,
sbf-table-2,sbf-3.1,NGC 4461,7763,014,F150W,F115W,07_isophotes:full_family_nodes,isophote_family_extension_v1,default,model_family_nodes,model_family_nodes,mixed_or_not_applicable,1300.0,1.5650672711323506,1119.773487140555,3046.707565354636,0.5675018570848637,2.8422249474908488,fitted,-0.0007994716693663029,
sbf-table-2,sbf-3.1,NGC 4461,7763,014,F150W,F115W,07_isophotes:full_family_nodes,isophote_family_extension_v1,default,model_family_nodes,model_family_nodes,mixed_or_not_applicable,1310.0,1.5269861779926865,1118.2747964431758,3041.851832860264,0.5672268053675922,2.843913430750397,fitted,-0.004144541991522643,
sbf-table-2,sbf-3.1,NGC 4461,7763,014,F150W,F115W,07_isophotes:full_family_nodes,isophote_family_extension_v1,default,model_family_nodes,model_family_nodes,mixed_or_not_applicable,1320.0,1.4821764313018977,1118.9352855356608,3043.997105313564,0.5630901321367592,2.844670222118511,fitted,-0.0005600161193223374,
sbf-table-2,sbf-3.1,NGC 4461,7763,014,F150W,F115W,07_isophotes:full_family_nodes,isophote_family_extension_v1,default,model_family_nodes,model_family_nodes,mixed_or_not_applicable,1330.0,1.5157858556062398,1131.2698671856067,3036.0225826950027,0.5721329775320904,2.844670222118511,fitted,-0.0011396886132377742,
sbf-table-2,sbf-3.1,NGC 4461,7763,014,F150W,F115W,07_isophotes:full_family_nodes,isophote_family_extension_v1,default,model_family_nodes,model_family_nodes,mixed_or_not_applicable,1340.0,1.4999473299431594,1119.3880448414204,3043.3929706212903,0.5721329775320904,2.844670222118511,fitted,-0.0026920734476649777,
sbf-table-2,sbf-3.1,NGC 4461,7763,014,F150W,F115W,07_isophotes:full_family_nodes,isophote_family_extension_v1,default,model_family_nodes,model_family_nodes,mixed_or_not_applicable,1350.0,1.4619443866529402,1118.7383952420137,3041.4851337754367,0.5710672296634182,2.839383981080722,fitted,-0.002926302756888377,
sbf-table-2,sbf-3.1,NGC 4461,7763,014,F150W,F115W,07_isophotes:full_family_nodes,isophote_family_extension_v1,default,model_family_nodes,model_family_nodes,mixed_or_not_applicable,1360.0,1.4414212748053918,1120.4690423792329,3047.0363868229415,0.5710672296634182,2.839383981080722,fitted,-0.000641402650584244,
sbf-table-2,sbf-3.1,NGC 4461,7763,014,F150W,F115W,07_isophotes:full_family_nodes,isophote_family_extension_v1,default,model_family_nodes,model_family_nodes,mixed_or_not_applicable,1370.0,1.4491163336412554,1127.2880161535986,3037.9455659222235,0.5778463386003597,2.839383981080722,fitted,-0.00011501782505308755,
sbf-table-2,sbf-3.1,NGC 4461,7763,014,F150W,F115W,07_isophotes:full_family_nodes,isophote_family_extension_v1,default,model_family_nodes,model_family_nodes,mixed_or_not_applicable,1380.0,1.43912091830433,1133.1805842801894,3036.2057923456787,0.5779440173934407,2.830543225868749,fitted,-0.0010428412451480653,
sbf-table-2,sbf-3.1,NGC 4461,7763,014,F150W,F115W,07_isophotes:full_family_nodes,isophote_family_extension_v1,default,model_family_nodes,model_family_nodes,mixed_or_not_applicable,1390.0,1.4507450546655056,1133.1805842801894,3036.2057923456787,0.5848550286858649,2.8312616587855546,fitted,-0.0021764174337736363,
sbf-table-2,sbf-3.1,NGC 4461,7763,014,F150W,F115W,07_isophotes:full_family_nodes,isophote_family_extension_v1,default,model_family_nodes,model_family_nodes,mixed_or_not_applicable,1400.0,1.3955925696288574,1130.0811269864566,3042.2589828837713,0.5764311090484117,2.8259995172107866,fitted,-0.005311044963944955,
sbf-table-2,sbf-3.1,NGC 4461,7763,014,F150W,F115W,07_isophotes:full_family_nodes,isophote_family_extension_v1,default,model_family_nodes,model_family_nodes,mixed_or_not_applicable,1410.0,1.3445241553866065,1128.7178106788717,3038.083507937751,0.5705178253235454,2.8259995172107866,fitted,-0.00356491473837679,
sbf-table-2,sbf-3.1,NGC 4461,7763,014,F150W,F115W,07_isophotes:full_family_nodes,isophote_family_extension_v1,default,model_family_nodes,model_family_nodes,mixed_or_not_applicable,1420.0,1.3242942748613216,1130.110693561443,3042.349537432563,0.5712465842776325,2.8259995172107866,fitted,-0.002539853673387793,
sbf-table-2,sbf-3.1,NGC 4461,7763,014,F150W,F115W,07_isophotes:full_family_nodes,isophote_family_extension_v1,default,model_family_nodes,model_family_nodes,mixed_or_not_applicable,1430.0,1.2937270819188507,1147.4717955844562,3037.375236758241,0.5712465842776325,2.8259995172107866,fitted,-0.0011263790355033332,
sbf-table-2,sbf-3.1,NGC 4461,7763,014,F150W,F115W,07_isophotes:full_family_nodes,isophote_family_extension_v1,default,model_family_nodes,model_family_nodes,mixed_or_not_applicable,1440.0,1.301766694151255,1136.603592869307,3038.459675435501,0.5750511309166714,2.821354253176529,fitted,-0.0009040046487161492,
sbf-table-2,sbf-3.1,NGC 4461,7763,014,F150W,F115W,07_isophotes:full_family_nodes,isophote_family_extension_v1,default,model_family_nodes,model_family_nodes,mixed_or_not_applicable,1450.0,1.298218306307449,1135.092369367391,3033.832727806122,0.579588575341349,2.8248778266089616,fitted,-0.0009559083265445079,
sbf-table-2,sbf-3.1,NGC 4461,7763,014,F150W,F115W,07_isophotes:full_family_nodes,isophote_family_extension_v1,default,model_family_nodes,model_family_nodes,mixed_or_not_applicable,1460.0,1.2826485276203647,1148.7760927543184,3031.177985476926,0.5812849749488253,2.8188465316278837,fitted,-0.0014566512067774374,
sbf-table-2,sbf-3.1,NGC 4461,7763,014,F150W,F115W,07_isophotes:full_family_nodes,isophote_family_extension_v1,default,model_family_nodes,model_family_nodes,mixed_or_not_applicable,1470.0,1.2690852821719003,1135.9879892800664,3032.380215521196,0.5812849749488253,2.8243225044928018,fitted,-0.0017384398713421567,
sbf-table-2,sbf-3.1,NGC 4461,7763,014,F150W,F115W,07_isophotes:full_family_nodes,isophote_family_extension_v1,default,model_family_nodes,model_family_nodes,mixed_or_not_applicable,1480.0,1.2478797301935216,1136.0240038310312,3032.489894767246,0.5812849749488253,2.8243225044928018,fitted,-0.0023078447206125174,
sbf-table-2,sbf-3.1,NGC 4461,7763,014,F150W,F115W,07_isophotes:full_family_nodes,isophote_family_extension_v1,default,model_family_nodes,model_family_nodes,mixed_or_not_applicable,1490.0,1.22292838775965,1136.0240038310312,3032.489894767246,0.5812849749488253,2.8243225044928018,fitted,-0.0025737314853673367,
sbf-table-2,sbf-3.1,NGC 4461,7763,014,F150W,F115W,07_isophotes:full_family_nodes,isophote_family_extension_v1,default,model_family_nodes,model_family_nodes,mixed_or_not_applicable,1500.0,1.1964051004861749,1136.5901158486972,3034.2139406768524,0.57802368113041,2.8243225044928018,fitted,-0.001973908309927208,
sbf-table-2,sbf-3.1,NGC 4461,7763,014,F150W,F115W,07_isophotes:full_family_nodes,isophote_family_extension_v1,default,model_family_nodes,model_family_nodes,mixed_or_not_applicable,1510.0,1.1834502215611058,1136.5901158486972,3034.2139406768524,0.5824294832965116,2.8243225044928018,fitted,-0.0002737106702334957,
sbf-table-2,sbf-3.1,NGC 4461,7763,014,F150W,F115W,07_isophotes:full_family_nodes,isophote_family_extension_v1,default,model_family_nodes,model_family_nodes,mixed_or_not_applicable,1520.0,1.190930887081505,1138.8387825571353,3037.931985091158,0.586928590215365,2.8243225044928018,fitted,-0.0007835071625536217,
sbf-table-2,sbf-3.1,NGC 4461,7763,014,F150W,F115W,07_isophotes:full_family_nodes,isophote_family_extension_v1,default,model_family_nodes,model_family_nodes,mixed_or_not_applicable,1530.0,1.1848236088210815,1123.8112386883272,3042.866466900912,0.5869529625364301,2.8243225044928018,fitted,-0.0031670734341576632,
sbf-table-2,sbf-3.1,NGC 4461,7763,014,F150W,F115W,07_isophotes:full_family_nodes,isophote_family_extension_v1,default,model_family_nodes,model_family_nodes,mixed_or_not_applicable,1540.0,1.1275894183983517,1128.27649254987,3037.526281902865,0.5819104582570805,2.8184550130187245,fitted,-0.0015567340301886779,
sbf-table-2,sbf-3.1,NGC 4461,7763,014,F150W,F115W,07_isophotes:full_family_nodes,isophote_family_extension_v1,default,model_family_nodes,model_family_nodes,mixed_or_not_applicable,1550.0,1.153688928217308,1131.9992822320153,3041.1002971014245,0.5898283604537865,2.8243492409024236,fitted,-0.0012024846890072772,
sbf-table-2,sbf-3.1,NGC 4461,7763,014,F150W,F115W,07_isophotes:full_family_nodes,isophote_family_extension_v1,default,model_family_nodes,model_family_nodes,mixed_or_not_applicable,1560.0,1.1035397246182062,1130.701039364266,3037.1462524127332,0.5831505926221529,2.821071219940481,fitted,-0.0022390491157645576,
sbf-table-2,sbf-3.1,NGC 4461,7763,014,F150W,F115W,07_isophotes:full_family_nodes,isophote_family_extension_v1,default,model_family_nodes,model_family_nodes,mixed_or_not_applicable,1570.0,1.1089079459020168,1124.3723437252002,3039.2471781264967,0.589323844953803,2.821071219940481,fitted,-0.001275833399870585,
sbf-table-2,sbf-3.1,NGC 4461,7763,014,F150W,F115W,07_isophotes:full_family_nodes,isophote_family_extension_v1,default,model_family_nodes,model_family_nodes,mixed_or_not_applicable,1580.0,1.0780230566207945,1127.3216932952994,3038.268087851962,0.58805060886836,2.821071219940481,fitted,-0.0018580433456516833,
sbf-table-2,sbf-3.1,NGC 4461,7763,014,F150W,F115W,07_isophotes:full_family_nodes,isophote_family_extension_v1,default,model_family_nodes,model_family_nodes,mixed_or_not_applicable,1590.0,1.0717470789889831,1128.1298330387099,3040.7024768626593,0.5879900617114076,2.821071219940481,fitted,-0.0006740547666597379,
sbf-table-2,sbf-3.1,NGC 4461,7763,014,F150W,F115W,07_isophotes:full_family_nodes,isophote_family_extension_v1,default,model_family_nodes,model_family_nodes,mixed_or_not_applicable,1600.0,1.078097902110046,1128.6636147938966,3042.3243170392775,0.5936878084727026,2.8236379253099315,fitted,-0.0006578127270578272,
sbf-table-2,sbf-3.1,NGC 4461,7763,014,F150W,F115W,07_isophotes:full_family_nodes,isophote_family_extension_v1,default,model_family_nodes,model_family_nodes,mixed_or_not_applicable,1610.0,1.0585908244478266,1127.681359360574,3039.339836378437,0.5897334787874233,2.8200556182223093,fitted,-0.002161410559560528,
sbf-table-2,sbf-3.1,NGC 4461,7763,014,F150W,F115W,07_isophotes:full_family_nodes,isophote_family_extension_v1,default,model_family_nodes,model_family_nodes,mixed_or_not_applicable,1620.0,1.0348696909188355,1136.0171596825064,3039.940230670364,0.591337037652294,2.8307306884767525,fitted,-0.001491013592567403,
sbf-table-2,sbf-3.1,NGC 4461,7763,014,F150W,F115W,07_isophotes:full_family_nodes,isophote_family_extension_v1,default,model_family_nodes,model_family_nodes,mixed_or_not_applicable,1630.0,1.0287705525964785,1136.0171596825064,3039.940230670364,0.5921225972880335,2.823789389348597,fitted,-0.0018327146180603271,
sbf-table-2,sbf-3.1,NGC 4461,7763,014,F150W,F115W,07_isophotes:full_family_nodes,isophote_family_extension_v1,default,model_family_nodes,model_family_nodes,mixed_or_not_applicable,1640.0,0.998215398557629,1126.6608284048466,3045.661559639609,0.5890764018374892,2.8251327127260244,fitted,-0.0014639061028228427,
sbf-table-2,sbf-3.1,NGC 4461,7763,014,F150W,F115W,07_isophotes:full_family_nodes,isophote_family_extension_v1,default,model_family_nodes,model_family_nodes,mixed_or_not_applicable,1650.0,0.9994924305400217,1155.211785205753,3034.281771506799,0.5890764018374892,2.8404523180871775,fitted,-0.0005019631019706206,
sbf-table-2,sbf-3.1,NGC 4461,7763,014,F150W,F115W,07_isophotes:full_family_nodes,isophote_family_extension_v1,default,model_family_nodes,model_family_nodes,mixed_or_not_applicable,1660.0,0.9881761365182166,1154.6063596173478,3032.3324714492583,0.5890764018374892,2.8404523180871775,fitted,-0.0013891591863127105,
sbf-table-2,sbf-3.1,NGC 4461,7763,014,F150W,F115W,07_isophotes:full_family_nodes,isophote_family_extension_v1,default,model_family_nodes,model_family_nodes,mixed_or_not_applicable,1670.0,0.9717092468137675,1147.1882184234464,3038.489955875584,0.5905575378008218,2.8395187600399523,fitted,-0.0013389483703761696,
sbf-table-2,sbf-3.1,NGC 4461,7763,014,F150W,F115W,07_isophotes:full_family_nodes,isophote_family_extension_v1,default,model_family_nodes,model_family_nodes,mixed_or_not_applicable,1680.0,0.9613971691106932,1139.8145991522335,3038.418098885922,0.5897521936055284,2.8325643786442294,fitted,-0.0023826314479822863,
sbf-table-2,sbf-3.1,NGC 4461,7763,014,F150W,F115W,07_isophotes:full_family_nodes,isophote_family_extension_v1,default,model_family_nodes,model_family_nodes,mixed_or_not_applicable,1690.0,0.9240566178541217,1134.070775704957,3040.2667144146208,0.5870846337851978,2.8338099746201793,fitted,-0.0028338067776810805,
sbf-table-2,sbf-3.1,NGC 4461,7763,014,F150W,F115W,07_isophotes:full_family_nodes,isophote_family_extension_v1,default,model_family_nodes,model_family_nodes,mixed_or_not_applicable,1700.0,0.9047210335570716,1130.7554906526746,3045.493447223513,0.5870846337851978,2.829081497467414,fitted,-0.0010593482470527215,
sbf-table-2,sbf-3.1,NGC 4461,7763,014,F150W,F115W,07_isophotes:full_family_nodes,isophote_family_extension_v1,default,model_family_nodes,model_family_nodes,mixed_or_not_applicable,1710.0,0.9028696529130673,1128.392413977596,3038.179652206402,0.587944294422861,2.829081497467414,fitted,-0.0013570068844433846,
sbf-table-2,sbf-3.1,NGC 4461,7763,014,F150W,F115W,07_isophotes:full_family_nodes,isophote_family_extension_v1,default,model_family_nodes,model_family_nodes,mixed_or_not_applicable,1720.0,0.8775808958682039,1128.392413977596,3038.179652206402,0.587944294422861,2.829081497467414,fitted,-0.0023886706842403847,
sbf-table-2,sbf-3.1,NGC 4461,7763,014,F150W,F115W,07_isophotes:full_family_nodes,isophote_family_extension_v1,default,model_family_nodes,model_family_nodes,mixed_or_not_applicable,1730.0,0.8550962392282596,1128.392413977596,3038.179652206402,0.587944294422861,2.829081497467414,fitted,-0.0020895232666660714,
sbf-table-2,sbf-3.1,NGC 4461,7763,014,F150W,F115W,07_isophotes:full_family_nodes,isophote_family_extension_v1,default,model_family_nodes,model_family_nodes,mixed_or_not_applicable,1740.0,0.8357904305348824,1128.392413977596,3038.179652206402,0.587944294422861,2.829081497467414,fitted,-0.0009280355908991899,
sbf-table-2,sbf-3.1,NGC 4461,7763,014,F150W,F115W,07_isophotes:full_family_nodes,isophote_family_extension_v1,default,model_family_nodes,model_family_nodes,mixed_or_not_applicable,1750.0,0.8365355274102758,1128.392413977596,3038.179652206402,0.587944294422861,2.829081497467414,fitted,-0.0010233639096977275,
sbf-table-2,sbf-3.1,NGC 4461,7763,014,F150W,F115W,07_isophotes:full_family_nodes,isophote_family_extension_v1,default,model_family_nodes,model_family_nodes,mixed_or_not_applicable,1760.0,0.8153231523409279,1128.392413977596,3038.179652206402,0.587944294422861,2.829081497467414,fitted,-0.001483321628906692,
sbf-table-2,sbf-3.1,NGC 4461,7763,014,F150W,F115W,07_isophotes:full_family_nodes,isophote_family_extension_v1,default,model_family_nodes,model_family_nodes,mixed_or_not_applicable,1770.0,0.806869094832142,1128.392413977596,3038.179652206402,0.587944294422861,2.829081497467414,fitted,-0.0014762523215900158,
sbf-table-2,sbf-3.1,NGC 4461,7763,014,F150W,F115W,07_isophotes:full_family_nodes,isophote_family_extension_v1,default,model_family_nodes,model_family_nodes,mixed_or_not_applicable,1780.0,0.7857981059091276,1128.392413977596,3038.179652206402,0.587944294422861,2.829081497467414,fitted,-0.0019605872596153984,
sbf-table-2,sbf-3.1,NGC 4461,7763,014,F150W,F115W,07_isophotes:full_family_nodes,isophote_family_extension_v1,default,model_family_nodes,model_family_nodes,mixed_or_not_applicable,1790.0,0.767657349639834,1128.392413977596,3038.179652206402,0.587944294422861,2.829081497467414,fitted,-0.00131132452131994,
sbf-table-2,sbf-3.1,NGC 4461,7763,014,F150W,F115W,07_isophotes:full_family_nodes,isophote_family_extension_v1,default,model_family_nodes,model_family_nodes,mixed_or_not_applicable,1800.0,0.7595716154827288,1128.392413977596,3038.179652206402,0.587944294422861,2.829081497467414,fitted,-0.001675051503086472,
sbf-table-2,sbf-3.1,NGC 4461,7763,014,F150W,F115W,07_isophotes:full_family_nodes,isophote_family_extension_v1,default,model_family_nodes,model_family_nodes,mixed_or_not_applicable,1810.0,0.7341563195781046,1128.392413977596,3038.179652206402,0.587944294422861,2.829081497467414,fitted,-0.0019372239262257286,
sbf-table-2,sbf-3.1,NGC 4461,7763,014,F150W,F115W,07_isophotes:full_family_nodes,isophote_family_extension_v1,default,model_family_nodes,model_family_nodes,mixed_or_not_applicable,1820.0,0.7208271369582142,1128.392413977596,3038.179652206402,0.587944294422861,2.829081497467414,fitted,-0.0010736028770579498,
sbf-table-2,sbf-3.1,NGC 4461,7763,014,F150W,F115W,07_isophotes:full_family_nodes,isophote_family_extension_v1,default,model_family_nodes,model_family_nodes,mixed_or_not_applicable,1830.0,0.7126842620369456,1128.392413977596,3038.179652206402,0.587944294422861,2.829081497467414,fitted,-0.0008945464541408266,
sbf-table-2,sbf-3.1,NGC 4461,7763,014,F150W,F115W,07_isophotes:full_family_nodes,isophote_family_extension_v1,default,model_family_nodes,model_family_nodes,mixed_or_not_applicable,1840.0,0.7029362078753977,1128.392413977596,3038.179652206402,0.587944294422861,2.829081497467414,fitted,-0.0011168118145940375,
sbf-table-2,sbf-3.1,NGC 4461,7763,014,F150W,F115W,07_isophotes:full_family_nodes,isophote_family_extension_v1,default,model_family_nodes,model_family_nodes,mixed_or_not_applicable,1850.0,0.6903480257450648,1128.392413977596,3038.179652206402,0.587944294422861,2.829081497467414,fitted,-0.000744606109844903,
sbf-table-2,sbf-3.1,NGC 4461,7763,014,F150W,F115W,07_isophotes:full_family_nodes,isophote_family_extension_v1,default,model_family_nodes,model_family_nodes,mixed_or_not_applicable,1860.0,0.6880440856784996,1128.392413977596,3038.179652206402,0.587944294422861,2.829081497467414,fitted,-0.0005542819928380849,
sbf-table-2,sbf-3.1,NGC 4461,7763,014,F150W,F115W,07_isophotes:full_family_nodes,isophote_family_extension_v1,default,model_family_nodes,model_family_nodes,mixed_or_not_applicable,1870.0,0.6792623858883031,1128.392413977596,3038.179652206402,0.587944294422861,2.829081497467414,fitted,-0.0017162589542135843,
sbf-table-2,sbf-3.1,NGC 4461,7763,014,F150W,F115W,07_isophotes:full_family_nodes,isophote_family_extension_v1,default,model_family_nodes,model_family_nodes,mixed_or_not_applicable,1880.0,0.6537189065942279,1128.392413977596,3038.179652206402,0.587944294422861,2.829081497467414,fitted,-0.0012960975121569462,
sbf-table-2,sbf-3.1,NGC 4461,7763,014,F150W,F115W,07_isophotes:full_family_nodes,isophote_family_extension_v1,default,model_family_nodes,model_family_nodes,mixed_or_not_applicable,1890.0,0.6533404356451642,1128.392413977596,3038.179652206402,0.587944294422861,2.829081497467414,fitted,-0.0006915024605523623,
sbf-table-2,sbf-3.1,NGC 4461,7763,014,F150W,F115W,07_isophotes:full_family_nodes,isophote_family_extension_v1,default,model_family_nodes,model_family_nodes,mixed_or_not_applicable,1900.0,0.6398888573831807,1128.392413977596,3038.179652206402,0.587944294422861,2.829081497467414,fitted,-0.0004690875090784252,
sbf-table-2,sbf-3.1,NGC 4461,7763,014,F150W,F115W,07_isophotes:full_family_nodes,isophote_family_extension_v1,default,model_family_nodes,model_family_nodes,mixed_or_not_applicable,1910.0,0.6439586854635957,1128.392413977596,3038.179652206402,0.587944294422861,2.829081497467414,fitted,-0.0011488474435497498,
sbf-table-2,sbf-3.1,NGC 4461,7763,014,F150W,F115W,07_isophotes:full_family_nodes,isophote_family_extension_v1,default,model_family_nodes,model_family_nodes,mixed_or_not_applicable,1920.0,0.6169119085121857,1128.392413977596,3038.179652206402,0.587944294422861,2.829081497467414,fitted,-0.0013814097159664251,
sbf-table-2,sbf-3.1,NGC 4461,7763,014,F150W,F115W,07_isophotes:full_family_nodes,isophote_family_extension_v1,default,model_family_nodes,model_family_nodes,mixed_or_not_applicable,1930.0,0.6163304911442672,1128.392413977596,3038.179652206402,0.587944294422861,2.829081497467414,fitted,-0.0009808467458659377,
sbf-table-2,sbf-3.1,NGC 4461,7763,014,F150W,F115W,07_isophotes:full_family_nodes,isophote_family_extension_v1,default,model_family_nodes,model_family_nodes,mixed_or_not_applicable,1940.0,0.5972949735948669,1128.392413977596,3038.179652206402,0.587944294422861,2.829081497467414,fitted,-0.0015188172857898362,
sbf-table-2,sbf-3.1,NGC 4461,7763,014,F150W,F115W,07_isophotes:full_family_nodes,isophote_family_extension_v1,default,model_family_nodes,model_family_nodes,mixed_or_not_applicable,1950.0,0.5859541454284705,1128.392413977596,3038.179652206402,0.587944294422861,2.829081497467414,fitted,-0.0009574204520813812,
sbf-table-2,sbf-3.1,NGC 4461,7763,014,F150W,F115W,07_isophotes:full_family_nodes,isophote_family_extension_v1,default,model_family_nodes,model_family_nodes,mixed_or_not_applicable,1960.0,0.5781465645532393,1128.392413977596,3038.179652206402,0.587944294422861,2.829081497467414,fitted,-0.0010916803017125332,
sbf-table-2,sbf-3.1,NGC 4461,7763,014,F150W,F115W,07_isophotes:full_family_nodes,isophote_family_extension_v1,default,model_family_nodes,model_family_nodes,mixed_or_not_applicable,1970.0,0.5641205393942198,1128.392413977596,3038.179652206402,0.587944294422861,2.829081497467414,fitted,-0.0010915735104234936,
sbf-table-2,sbf-3.1,NGC 4461,7763,014,F150W,F115W,07_isophotes:full_family_nodes,isophote_family_extension_v1,default,model_family_nodes,model_family_nodes,mixed_or_not_applicable,1980.0,0.5563150943447694,1128.392413977596,3038.179652206402,0.587944294422861,2.829081497467414,fitted,-0.0012063836418635954,
sbf-table-2,sbf-3.1,NGC 4461,7763,014,F150W,F115W,07_isophotes:full_family_nodes,isophote_family_extension_v1,default,model_family_nodes,model_family_nodes,mixed_or_not_applicable,1990.0,0.5399928665569479,1128.392413977596,3038.179652206402,0.587944294422861,2.829081497467414,fitted,-0.0012634056923034654,
sbf-table-2,sbf-3.1,NGC 4461,7763,014,F150W,F115W,07_isophotes:full_family_nodes,isophote_family_extension_v1,default,model_family_nodes,model_family_nodes,mixed_or_not_applicable,2000.0,0.5310469804987001,1128.392413977596,3038.179652206402,0.587944294422861,2.829081497467414,synthetic,-0.000887178426698021,
sbf-table-2,sbf-3.1,NGC 4461,7763,014,F150W,F115W,07_isophotes:full_family_nodes,isophote_family_extension_v1,default,model_family_nodes,model_family_nodes,mixed_or_not_applicable,2010.0,0.5222492980229875,1128.392413977596,3038.179652206402,0.587944294422861,2.829081497467414,synthetic,-0.0008724808304701626,
sbf-table-2,sbf-3.1,NGC 4461,7763,014,F150W,F115W,07_isophotes:full_family_nodes,isophote_family_extension_v1,default,model_family_nodes,model_family_nodes,mixed_or_not_applicable,2020.0,0.5135973638892969,1128.392413977596,3038.179652206402,0.587944294422861,2.829081497467414,synthetic,-0.0008580267245350992,
sbf-table-2,sbf-3.1,NGC 4461,7763,014,F150W,F115W,07_isophotes:full_family_nodes,isophote_family_extension_v1,default,model_family_nodes,model_family_nodes,mixed_or_not_applicable,2030.0,0.5050887635322855,1128.392413977596,3038.179652206402,0.587944294422861,2.829081497467414,synthetic,-0.000843812075068412,
sbf-table-2,sbf-3.1,NGC 4461,7763,014,F150W,F115W,07_isophotes:full_family_nodes,isophote_family_extension_v1,default,model_family_nodes,model_family_nodes,mixed_or_not_applicable,2040.0,0.49672112238792865,1128.392413977596,3038.179652206402,0.587944294422861,2.829081497467414,synthetic,-0.0008298329150727118,
sbf-table-2,sbf-3.1,NGC 4461,7763,014,F150W,F115W,07_isophotes:full_family_nodes,isophote_family_extension_v1,default,model_family_nodes,model_family_nodes,mixed_or_not_applicable,2050.0,0.48849210523083125,1128.392413977596,3038.1796522064024,0.587944294422861,2.829081497467414,synthetic,-0.0008160853432705895,
sbf-table-2,sbf-3.1,NGC 4461,7763,014,F150W,F115W,07_isophotes:full_family_nodes,isophote_family_extension_v1,default,model_family_nodes,model_family_nodes,mixed_or_not_applicable,2060.0,0.48039941552251686,1128.392413977596,3038.1796522064024,0.5879442944228611,2.829081497467414,synthetic,-0.0008025655230158246,
sbf-table-2,sbf-3.1,NGC 4461,7763,014,F150W,F115W,07_isophotes:full_family_nodes,isophote_family_extension_v1,default,model_family_nodes,model_family_nodes,mixed_or_not_applicable,2070.0,0.47244079477051476,1128.392413977596,3038.1796522064024,0.5879442944228611,2.829081497467414,synthetic,-0.0007892696812226624,
sbf-table-2,sbf-3.1,NGC 4461,7763,014,F150W,F115W,07_isophotes:full_family_nodes,isophote_family_extension_v1,default,model_family_nodes,model_family_nodes,mixed_or_not_applicable,2080.0,0.4646140218980636,1128.392413977596,3038.1796522064024,0.5879442944228611,2.829081497467414,synthetic,-0.0007761941073128303,
sbf-table-2,sbf-3.1,NGC 4461,7763,014,F150W,F115W,07_isophotes:full_family_nodes,isophote_family_extension_v1,default,model_family_nodes,model_family_nodes,mixed_or_not_applicable,2090.0,0.45691691262425815,1128.392413977596,3038.1796522064024,0.5879442944228611,2.829081497467414,synthetic,-0.0007633351521800002,
sbf-table-2,sbf-3.1,NGC 4461,7763,014,F150W,F115W,07_isophotes:full_family_nodes,isophote_family_extension_v1,default,model_family_nodes,model_family_nodes,mixed_or_not_applicable,2100.0,0.4493473188544636,1128.392413977596,3038.1796522064024,0.5879442944228611,2.829081497467414,synthetic,-0.0007506892271714055,
sbf-table-2,sbf-3.1,NGC 4461,7763,014,F150W,F115W,07_isophotes:full_family_nodes,isophote_family_extension_v1,default,model_family_nodes,model_family_nodes,mixed_or_not_applicable,2110.0,0.44190312808083004,1128.392413977596,3038.1796522064024,0.5879442944228611,2.8290814974674143,synthetic,-0.0007382528030863061,
sbf-table-2,sbf-3.1,NGC 4461,7763,014,F150W,F115W,07_isophotes:full_family_nodes,isophote_family_extension_v1,default,model_family_nodes,model_family_nodes,mixed_or_not_applicable,2120.0,0.4345822627927375,1128.392413977596,3038.1796522064024,0.5879442944228611,2.8290814974674143,synthetic,-0.0007260224091910989,
sbf-table-2,sbf-3.1,NGC 4461,7763,014,F150W,F115W,07_isophotes:full_family_nodes,isophote_family_extension_v1,default,model_family_nodes,model_family_nodes,mixed_or_not_applicable,2130.0,0.42738267989700807,1128.392413977596,3038.1796522064024,0.5879442944228611,2.8290814974674143,synthetic,-0.0007139946322506918,
sbf-table-2,sbf-3.1,NGC 4461,7763,014,F150W,F115W,07_isophotes:full_family_nodes,isophote_family_extension_v1,default,model_family_nodes,model_family_nodes,mixed_or_not_applicable,2140.0,0.42030237014772365,1128.3924139775963,3038.1796522064024,0.5879442944228611,2.8290814974674143,synthetic,-0.0007021661155759418,
sbf-table-2,sbf-3.1,NGC 4461,7763,014,F150W,F115W,07_isophotes:full_family_nodes,isophote_family_extension_v1,default,model_family_nodes,model_family_nodes,mixed_or_not_applicable,2150.0,0.41333935758548923,1128.3924139775963,3038.1796522064024,0.5879442944228611,2.8290814974674143,synthetic,-0.0006905335580868865,
sbf-table-2,sbf-3.1,NGC 4461,7763,014,F150W,F115W,07_isophotes:full_family_nodes,isophote_family_extension_v1,default,model_family_nodes,model_family_nodes,mixed_or_not_applicable,2160.0,0.4064916989859859,1128.3924139775963,3038.1796522064024,0.5879442944228611,2.8290814974674143,synthetic,-0.0006790937133914765,
sbf-table-2,sbf-3.1,NGC 4461,7763,014,F150W,F115W,07_isophotes:full_family_nodes,isophote_family_extension_v1,default,model_family_nodes,model_family_nodes,mixed_or_not_applicable,2170.0,0.3997574833176597,1128.3924139775963,3038.1796522064024,0.5879442944228611,2.8290814974674143,synthetic,-0.0006678433888795826,
sbf-table-2,sbf-3.1,NGC 4461,7763,014,F150W,F115W,07_isophotes:full_family_nodes,isophote_family_extension_v1,default,model_family_nodes,model_family_nodes,mixed_or_not_applicable,2180.0,0.39313483120839426,1128.3924139775963,3038.1796522064024,0.5879442944228611,2.8290814974674143,synthetic,-0.0006567794448320147,
sbf-table-2,sbf-3.1,NGC 4461,7763,014,F150W,F115W,07_isophotes:full_family_nodes,isophote_family_extension_v1,default,model_family_nodes,model_family_nodes,mixed_or_not_applicable,2190.0,0.3866218944210194,1128.3924139775963,3038.1796522064024,0.5879442944228611,2.8290814974674143,synthetic,-0.0006458987935442889,
sbf-table-2,sbf-3.1,NGC 4461,7763,014,F150W,F115W,07_isophotes:full_family_nodes,isophote_family_extension_v1,default,model_family_nodes,model_family_nodes,mixed_or_not_applicable,2200.0,0.3802168553375085,1128.3924139775963,3038.1796522064024,0.5879442944228611,2.8290814974674143,synthetic,-0.0006351983984649063,
sbf-table-2,sbf-3.1,NGC 4461,7763,014,F150W,F115W,07_isophotes:full_family_nodes,isophote_family_extension_v1,default,model_family_nodes,model_family_nodes,mixed_or_not_applicable,2210.0,0.3739179264517213,1128.3924139775963,3038.1796522064024,0.5879442944228611,2.8290814974674143,synthetic,-0.0006246752733479382,
sbf-table-2,sbf-3.1,NGC 4461,7763,014,F150W,F115W,07_isophotes:full_family_nodes,isophote_family_extension_v1,default,model_family_nodes,model_family_nodes,mixed_or_not_applicable,2220.0,0.3677233498705497,1128.3924139775963,3038.1796522064024,0.5879442944228611,2.8290814974674143,synthetic,-0.0006143264814196219,
sbf-table-2,sbf-3.1,NGC 4461,7763,014,F150W,F115W,07_isophotes:full_family_nodes,isophote_family_extension_v1,default,model_family_nodes,model_family_nodes,mixed_or_not_applicable,2230.0,0.36163139682332884,1128.3924139775963,3038.179652206403,0.5879442944228611,2.8290814974674143,synthetic,-0.0006041491345587513,
sbf-table-2,sbf-3.1,NGC 4461,7763,014,F150W,F115W,07_isophotes:full_family_nodes,isophote_family_extension_v1,default,model_family_nodes,model_family_nodes,mixed_or_not_applicable,2240.0,0.3556403671793747,1128.3924139775963,3038.179652206403,0.5879442944228611,2.8290814974674143,synthetic,-0.0005941403924907051,
sbf-table-2,sbf-3.1,NGC 4461,7763,014,F150W,F115W,07_isophotes:full_family_nodes,isophote_family_extension_v1,default,model_family_nodes,model_family_nodes,mixed_or_not_applicable,2250.0,0.34974858897351474,1128.3924139775963,3038.179652206403,0.5879442944228611,2.8290814974674143,synthetic,-0.0005842974619947649,
sbf-table-2,sbf-3.1,NGC 4461,7763,014,F150W,F115W,07_isophotes:full_family_nodes,isophote_family_extension_v1,default,model_family_nodes,model_family_nodes,mixed_or_not_applicable,2260.0,0.3439544179394794,1128.3924139775963,3038.179652206403,0.5879442944228612,2.8290814974674143,synthetic,-0.0005746175961245853,
sbf-table-2,sbf-3.1,NGC 4461,7763,014,F150W,F115W,07_isophotes:full_family_nodes,isophote_family_extension_v1,default,model_family_nodes,model_family_nodes,mixed_or_not_applicable,2270.0,0.33825623705102303,1128.3924139775963,3038.179652206403,0.5879442944228612,2.8290814974674143,synthetic,-0.0005650980934415767,
sbf-table-2,sbf-3.1,NGC 4461,7763,014,F150W,F115W,07_isophotes:full_family_nodes,isophote_family_extension_v1,default,model_family_nodes,model_family_nodes,mixed_or_not_applicable,2280.0,0.33265245607064786,1128.3924139775963,3038.179652206403,0.5879442944228612,2.8290814974674143,synthetic,-0.0005557362972610114,
sbf-table-2,sbf-3.1,NGC 4461,7763,014,F150W,F115W,07_isophotes:full_family_nodes,isophote_family_extension_v1,default,model_family_nodes,model_family_nodes,mixed_or_not_applicable,2290.0,0.3271415111058028,1128.3924139775963,3038.179652206403,0.5879442944228612,2.8290814974674143,synthetic,-0.000546529594910608,
sbf-table-2,sbf-3.1,NGC 4461,7763,014,F150W,F115W,07_isophotes:full_family_nodes,isophote_family_extension_v1,default,model_family_nodes,model_family_nodes,mixed_or_not_applicable,2300.0,0.3217218641724357,1128.3924139775963,3038.179652206403,0.5879442944228612,2.8290814974674143,synthetic,-0.0005374754170013624,
sbf-table-2,sbf-3.1,NGC 4461,7763,014,F150W,F115W,07_isophotes:full_family_nodes,isophote_family_extension_v1,default,model_family_nodes,model_family_nodes,mixed_or_not_applicable,2310.0,0.31639200276577556,1128.3924139775963,3038.179652206403,0.5879442944228612,2.8290814974674143,synthetic,-0.0005285712367105067,
sbf-table-2,sbf-3.1,NGC 4461,7763,014,F150W,F115W,07_isophotes:full_family_nodes,isophote_family_extension_v1,default,model_family_nodes,model_family_nodes,mixed_or_not_applicable,2320.0,0.31115043943822557,1128.3924139775963,3038.179652206403,0.5879442944228612,2.8290814974674143,synthetic,-0.0005198145690763018,
sbf-table-2,sbf-3.1,NGC 4461,7763,014,F150W,F115W,07_isophotes:full_family_nodes,isophote_family_extension_v1,default,model_family_nodes,model_family_nodes,mixed_or_not_applicable,2330.0,0.3059957113842495,1128.3924139775963,3038.179652206403,0.5879442944228612,2.8290814974674143,synthetic,-0.0005112029703045889,
sbf-table-2,sbf-3.1,NGC 4461,7763,014,F150W,F115W,07_isophotes:full_family_nodes,isophote_family_extension_v1,default,model_family_nodes,model_family_nodes,mixed_or_not_applicable,2340.0,0.3009263800321338,1128.3924139775963,3038.179652206403,0.5879442944228612,2.8290814974674143,synthetic,-0.0005027340370867495,
sbf-table-2,sbf-3.1,NGC 4461,7763,014,F150W,F115W,07_isophotes:full_family_nodes,isophote_family_extension_v1,default,model_family_nodes,model_family_nodes,mixed_or_not_applicable,2350.0,0.29594103064251454,1128.3924139775963,3038.179652206403,0.5879442944228612,2.8290814974674143,synthetic,-0.0004944054059289743,
sbf-table-2,sbf-3.1,NGC 4461,7763,014,F150W,F115W,07_isophotes:full_family_nodes,isophote_family_extension_v1,default,model_family_nodes,model_family_nodes,mixed_or_not_applicable,2360.0,0.2910382719135543,1128.3924139775963,3038.179652206403,0.5879442944228612,2.8290814974674143,synthetic,-0.00048621475249271127,
sbf-table-2,sbf-3.1,NGC 4461,7763,014,F150W,F115W,07_isophotes:full_family_nodes,isophote_family_extension_v1,default,model_family_nodes,model_family_nodes,mixed_or_not_applicable,2370.0,0.2862167355926603,1128.3924139775963,3038.179652206403,0.5879442944228612,2.8290814974674143,synthetic,-0.00047815979094595616,
sbf-table-2,sbf-3.1,NGC 4461,7763,014,F150W,F115W,07_isophotes:full_family_nodes,isophote_family_extension_v1,default,model_family_nodes,model_family_nodes,mixed_or_not_applicable,2380.0,0.2814750760946352,1128.3924139775963,3038.179652206403,0.5879442944228612,2.8290814974674143,synthetic,-0.00047023827332533794,
sbf-table-2,sbf-3.1,NGC 4461,7763,014,F150W,F115W,07_isophotes:full_family_nodes,isophote_family_extension_v1,default,model_family_nodes,model_family_nodes,mixed_or_not_applicable,2390.0,0.27681197012615355,1128.3924139775963,3038.179652206403,0.5879442944228612,2.8290814974674143,synthetic,-0.0004624479889087735,
sbf-table-2,sbf-3.1,NGC 4461,7763,014,F150W,F115W,07_isophotes:full_family_nodes,isophote_family_extension_v1,default,model_family_nodes,model_family_nodes,mixed_or_not_applicable,2400.0,0.2722261163164597,1128.3924139775963,3038.179652206403,0.5879442944228612,2.8290814974674143,synthetic,-0.00045478676359848034,
sbf-table-2,sbf-3.1,NGC 4461,7763,014,F150W,F115W,07_isophotes:full_family_nodes,isophote_family_extension_v1,default,model_family_nodes,model_family_nodes,mixed_or_not_applicable,2410.0,0.26771623485418394,1128.3924139775963,3038.179652206403,0.5879442944228612,2.8290814974674143,synthetic,-0.00044725245931425127,
sbf-table-2,sbf-3.1,NGC 4461,7763,014,F150W,F115W,07_isophotes:full_family_nodes,isophote_family_extension_v1,default,model_family_nodes,model_family_nodes,mixed_or_not_applicable,2420.0,0.2632810671301747,1128.3924139775963,3038.179652206403,0.5879442944228612,2.8290814974674143,synthetic,-0.00043984297339676735,
sbf-table-2,sbf-3.1,NGC 4461,7763,014,F150W,F115W,07_isophotes:full_family_nodes,isophote_family_extension_v1,default,model_family_nodes,model_family_nodes,mixed_or_not_applicable,2430.0,0.2589193753862486,1128.3924139775963,3038.179652206403,0.5879442944228612,2.8290814974674143,synthetic,-0.0004325562380207676,
sbf-table-2,sbf-3.1,NGC 4461,7763,014,F150W,F115W,07_isophotes:full_family_nodes,isophote_family_extension_v1,default,model_family_nodes,model_family_nodes,mixed_or_not_applicable,2440.0,0.25462994236975933,1128.3924139775963,3038.179652206403,0.5879442944228612,2.8290814974674143,synthetic,-0.0004253902196179854,
sbf-table-2,sbf-3.1,NGC 4461,7763,014,F150W,F115W,07_isophotes:full_family_nodes,isophote_family_extension_v1,default,model_family_nodes,model_family_nodes,mixed_or_not_applicable,2450.0,0.2504115709938889,1128.3924139775963,3038.179652206403,0.5879442944228612,2.8290814974674143,synthetic,-0.0004183429183096207,
sbf-table-2,sbf-3.1,NGC 4461,7763,014,F150W,F115W,07_isophotes:full_family_nodes,isophote_family_extension_v1,default,model_family_nodes,model_family_nodes,mixed_or_not_applicable,2460.0,0.24626308400356692,1128.3924139775963,3038.179652206403,0.5879442944228612,2.8290814974674143,synthetic,-0.0004114123673482087,
sbf-table-2,sbf-3.1,NGC 4461,7763,014,F150W,F115W,07_isophotes:full_family_nodes,isophote_family_extension_v1,default,model_family_nodes,model_family_nodes,mixed_or_not_applicable,2470.0,0.24218332364692471,1128.3924139775963,3038.179652206403,0.5879442944228612,2.8290814974674143,synthetic,-0.0004045966325687489,
sbf-table-2,sbf-3.1,NGC 4461,7763,014,F150W,F115W,07_isophotes:full_family_nodes,isophote_family_extension_v1,default,model_family_nodes,model_family_nodes,mixed_or_not_applicable,2480.0,0.23817115135219194,1128.3924139775963,3038.179652206403,0.5879442944228612,2.8290814974674143,synthetic,-0.0003978938118489303,
sbf-table-2,sbf-3.1,NGC 4461,7763,014,F150W,F115W,07_isophotes:full_family_nodes,isophote_family_extension_v1,default,model_family_nodes,model_family_nodes,mixed_or_not_applicable,2490.0,0.2342254474099461,1128.3924139775963,3038.179652206403,0.5879442944228612,2.8290814974674143,synthetic,-0.00039130203457828224,
sbf-table-2,sbf-3.1,NGC 4461,7763,014,F150W,F115W,07_isophotes:full_family_nodes,isophote_family_extension_v1,default,model_family_nodes,model_family_nodes,mixed_or_not_applicable,2500.0,0.2303451106606263,1128.3924139775963,3038.179652206403,0.5879442944228612,2.8290814974674143,synthetic,-0.00038481946113612386,
sbf-table-2,sbf-3.1,NGC 4461,7763,014,F150W,F115W,07_isophotes:full_family_nodes,isophote_family_extension_v1,default,model_family_nodes,model_family_nodes,mixed_or_not_applicable,2510.0,0.22652905818722363,1128.3924139775963,3038.179652206403,0.5879442944228612,2.8290814974674143,synthetic,-0.00037844428237817225,
sbf-table-2,sbf-3.1,NGC 4461,7763,014,F150W,F115W,07_isophotes:full_family_nodes,isophote_family_extension_v1,default,model_family_nodes,model_family_nodes,mixed_or_not_applicable,2520.0,0.22277622501306285,1128.3924139775963,3038.179652206403,0.5879442944228612,2.8290814974674143,synthetic,-0.0003721747191316474,
sbf-table-2,sbf-3.1,NGC 4461,7763,014,F150W,F115W,07_isophotes:full_family_nodes,isophote_family_extension_v1,default,model_family_nodes,model_family_nodes,mixed_or_not_applicable,2530.0,0.21908556380459068,1128.3924139775963,3038.179652206403,0.5879442944228612,2.8290814974674143,synthetic,-0.0003660090216987516,
sbf-table-2,sbf-3.1,NGC 4461,7763,014,F150W,F115W,07_isophotes:full_family_nodes,isophote_family_extension_v1,default,model_family_nodes,model_family_nodes,mixed_or_not_applicable,2540.0,0.21545604457908782,1128.3924139775963,3038.179652206403,0.5879442944228612,2.8290814974674143,synthetic,-0.0003599454693683571,
sbf-table-2,sbf-3.1,NGC 4461,7763,014,F150W,F115W,07_isophotes:full_family_nodes,isophote_family_extension_v1,default,model_family_nodes,model_family_nodes,mixed_or_not_applicable,2550.0,0.21188665441722354,1128.3924139775963,3038.179652206403,0.5879442944228612,2.8290814974674143,synthetic,-0.0003539823699357958,
sbf-table-2,sbf-3.1,NGC 4461,7763,014,F150W,F115W,07_isophotes:full_family_nodes,isophote_family_extension_v1,default,model_family_nodes,model_family_nodes,mixed_or_not_applicable,2560.0,0.2083763971803719,1128.3924139775963,3038.179652206403,0.5879442944228612,2.8290814974674143,synthetic,-0.0003481180592306107,
sbf-table-2,sbf-3.1,NGC 4461,7763,014,F150W,F115W,07_isophotes:full_family_nodes,isophote_family_extension_v1,default,model_family_nodes,model_family_nodes,mixed_or_not_applicable,2570.0,0.20492429323261133,1128.3924139775963,3038.179652206403,0.5879442944228612,2.8290814974674143,synthetic,-0.00034235090065210807,
sbf-table-2,sbf-3.1,NGC 4461,7763,014,F150W,F115W,07_isophotes:full_family_nodes,isophote_family_extension_v1,default,model_family_nodes,model_family_nodes,mixed_or_not_applicable,2580.0,0.20152937916732974,1128.3924139775963,3038.179652206403,0.5879442944228612,2.8290814974674143,synthetic,-0.0003366792847126224,
sbf-table-2,sbf-3.1,NGC 4461,7763,014,F150W,F115W,07_isophotes:full_family_nodes,isophote_family_extension_v1,default,model_family_nodes,model_family_nodes,mixed_or_not_applicable,2590.0,0.19819070753835888,1128.3924139775963,3038.179652206403,0.5879442944228612,2.8290814974674143,synthetic,-0.0003311016285883553,
sbf-table-2,sbf-3.1,NGC 4461,7763,014,F150W,F115W,07_isophotes:full_family_nodes,isophote_family_extension_v1,default,model_family_nodes,model_family_nodes,mixed_or_not_applicable,2600.0,0.19490734659556264,1128.3924139775963,3038.179652206403,0.5879442944228612,2.8290814974674143,synthetic,-0.00032561637567763145,
sbf-table-2,sbf-3.1,NGC 4461,7763,014,F150W,F115W,07_isophotes:full_family_nodes,isophote_family_extension_v1,default,model_family_nodes,model_family_nodes,mixed_or_not_applicable,2610.0,0.19167838002480625,1128.3924139775963,3038.179652206403,0.5879442944228612,2.8290814974674143,synthetic,-0.0003202219951664864,
sbf-table-2,sbf-3.1,NGC 4461,7763,014,F150W,F115W,07_isophotes:full_family_nodes,isophote_family_extension_v1,default,model_family_nodes,model_family_nodes,mixed_or_not_applicable,2620.0,0.1885029066922329,1128.3924139775963,3038.179652206403,0.5879442944228612,2.8290814974674143,synthetic,-0.00031491698160145685,
sbf-table-2,sbf-3.1,NGC 4461,7763,014,F150W,F115W,07_isophotes:full_family_nodes,isophote_family_extension_v1,default,model_family_nodes,model_family_nodes,mixed_or_not_applicable,2630.0,0.1853800403927771,1128.3924139775963,3038.179652206403,0.5879442944228612,2.8290814974674143,synthetic,-0.00031228662994557953,
