galaxy,ring,variant,k,Pk,Pk_error,Pk_count,E_median,E_mad,N_windowed
NGC 4486,inner,raw,0.004475359374598403,152.10989105699394,43.27541420387624,437,0.9199039718036256,0.006192142978377818,7.178324064871015
NGC 4486,inner,raw,0.013426078123795208,3.8062489472368743,0.1169442428653713,1296,0.8378186887595296,0.0038617376139502427,4.42404189248148
NGC 4486,inner,raw,0.022376796872992013,1.4749445021972687,0.035857867356379705,2144,0.7589218571755152,0.003664588969964789,3.5128159896270947
NGC 4486,inner,raw,0.031327515622188815,1.002528516376674,0.01843256255646985,3000,0.695665174537967,0.005445830916883776,2.8237475700934183
NGC 4486,inner,raw,0.04027823437138563,0.8391403216253881,0.013567444813213808,3888,0.6465606510009644,0.004258521788466234,2.4876866385216525
NGC 4486,inner,raw,0.049228953120582425,0.7599961975352992,0.010518184259358025,4760,0.6013772231390736,0.003743298825522263,2.0825984273456783
NGC 4486,inner,raw,0.05817967186977923,0.6754028706236668,0.009064081189484091,5556,0.5672045175712654,0.003966711549096389,1.981522832394373
NGC 4486,inner,raw,0.06713039061897604,0.61465727541626,0.00769053483036813,6500,0.5366578290015475,0.0007875646069106433,1.923475647930589
NGC 4486,inner,raw,0.07608110936817285,0.5689505399780773,0.006671466653851437,7304,0.5031242334862165,0.0010488526793100915,1.76093944247198
NGC 4486,inner,raw,0.08503182811736965,0.511457934828168,0.005582499513569043,8184,0.472629079675635,0.001056979556174994,1.6422780763932638
NGC 4486,inner,raw,0.09398254686656646,0.45837800663128786,0.004847059503112833,9016,0.44307088124991656,0.002744053841423587,1.4918308329173315
NGC 4486,inner,raw,0.10293326561576326,0.4189954946813736,0.004216916121571761,9952,0.41508962855114606,0.0015128049948045692,1.4118626957764981
NGC 4486,inner,raw,0.11188398436496007,0.3745582051774165,0.00362003716493489,10752,0.38823208848621865,0.0012517731723623766,1.3306502955830855
NGC 4486,inner,raw,0.12083470311415687,0.33455816716310777,0.0030952101951737827,11588,0.36325867989856814,0.0016055049683359975,1.234303202998189
NGC 4486,inner,raw,0.12978542186335368,0.30618641459451684,0.002738511382884523,12524,0.3412071457455077,0.001183509055252535,1.1446827101640848
NGC 4486,inner,raw,0.13873614061255046,0.2908132734505371,0.0025643207340207237,13344,0.31924895074110093,0.0007494911353245571,1.0489872084258343
NGC 4486,inner,raw,0.1476868593617473,0.2601145303821762,0.0021905646131056365,14208,0.30025608372771145,0.0017848577867426252,0.9510127915741657
NGC 4486,inner,raw,0.1566375781109441,0.23321359278452977,0.0019056808456396454,15040,0.2809294339438586,0.0011688792385021467,0.8894969914900729
NGC 4486,inner,raw,0.1655882968601409,0.20621325817511227,0.001637020269832773,16000,0.26222914380027496,0.0020047670442229887,0.8069113344607155
NGC 4486,inner,raw,0.1745390156093377,0.18487533497482486,0.0014447879345839516,16776,0.24384499182451716,0.0005821443511253992,0.7374860707975153
NGC 4486,inner,raw,0.1834897343585345,0.16983321119112751,0.0012765132664792898,17612,0.22735995346212032,0.0017493185340778463,0.6707324551414643
NGC 4486,inner,raw,0.1924404531077313,0.14761617259888743,0.0010741876948389326,18532,0.21290033466066322,0.0020735563761815497,0.63106480959228
NGC 4486,inner,raw,0.20139117185692812,0.13314838762279876,0.0009570038926622357,19408,0.1978633318014307,0.0010026521822704632,0.5881885279303154
NGC 4486,inner,raw,0.2103418906061249,0.11813869626172657,0.0008430240447264884,20204,0.18406998067006927,0.0005369456838247429,0.5280402536665183
NGC 4486,inner,raw,0.21929260935532174,0.10423946930599005,0.0007190952860136236,21104,0.17192699618719673,0.0014454748066403244,0.4902153850251539
NGC 4486,inner,raw,0.22824332810451853,0.09344564552908972,0.0006360412598983042,21988,0.16048979549994433,0.0004968879167371078,0.46225056533892483
NGC 4486,inner,raw,0.23719404685371534,0.0840103266518556,0.0005490291106095152,22816,0.15004820961611867,0.00038155844770263353,0.4301273455364654
NGC 4486,inner,raw,0.24614476560291212,0.07336469089005333,0.00047039306978174017,23620,0.14095055206321666,0.0010208834215559065,0.3800120369738224
NGC 4486,inner,raw,0.25509548435210894,0.06848205229662324,0.00044067547061817054,24612,0.1334818537129405,0.0003538270491374798,0.35402235321644226
NGC 4486,inner,raw,0.2640462031013058,0.06016321579953496,0.00038041063697467025,25400,0.1265980440545449,0.0003873166379829687,0.32807123534064797
NGC 4486,inner,raw,0.27299692185050256,0.05451223268062233,0.0003378527275926369,26260,0.12041965599712025,0.00038407489737205983,0.31366026175523637
NGC 4486,inner,raw,0.28194764059969935,0.049586067417507707,0.0003047890983677442,27104,0.11466042402385535,0.000640655611735524,0.28971531648792187
NGC 4486,inner,raw,0.2908983593488962,0.04282986995697388,0.00025578972215906885,27972,0.10932778194631057,0.0005962873785105532,0.26599262879838265
NGC 4486,inner,raw,0.29984907809809297,0.039648030617699906,0.0002350154321496223,28848,0.10469846715400058,0.0002292907916836393,0.2532960947998994
NGC 4486,inner,raw,0.30879979684728975,0.034703149249696225,0.00020037591656147464,29756,0.09949506673639553,0.0007944612166773757,0.2379459869295475
NGC 4486,inner,raw,0.3177505155964866,0.030717241140752433,0.00017634748769811405,30580,0.09468107115443387,0.0005644317115972906,0.21994069834628888
NGC 4486,inner,raw,0.32670123434568343,0.027707028402533595,0.0001585656326404512,31400,0.08982942782251907,0.00027606774834133536,0.20533249502245524
NGC 4486,inner,raw,0.33565195309488016,0.024535023100392274,0.00013820201879351089,32284,0.08479758783129368,0.00031983663739337695,0.18886182494282466
NGC 4486,inner,raw,0.344602671844077,0.021150229526062336,0.00011814193795401057,33152,0.07946650683208695,0.0004198796988450848,0.17738321808916374
NGC 4486,inner,raw,0.35355339059327384,0.01813346740620118,0.00010044324953701577,34084,0.07404323439423202,0.00037910201516713526,0.16635772951488453
NGC 4486,inner,raw,0.36250410934247057,0.015621561392983024,8.51114556370977e-05,34776,0.06860395789845472,0.0004222408529002679,0.1571360853542405
NGC 4486,inner,raw,0.3714548280916674,0.013442835861251315,7.279809272366981e-05,35804,0.06332705824766503,0.0003804503497422607,0.14438693919378753
NGC 4486,inner,raw,0.38040554684086425,0.011656352276489002,6.268643837818961e-05,36560,0.05809357863331417,0.0003508805740570097,0.13622852462981538
NGC 4486,inner,raw,0.389356265590061,0.009377530207408481,4.937076001747257e-05,37508,0.05302984468199888,0.00046509716847107957,0.12630771967542825
NGC 4486,inner,raw,0.3983069843392578,0.007937168281828375,4.093560036532639e-05,38284,0.04826230277371434,0.0005234438712811663,0.11860661594081442
NGC 4486,inner,raw,0.40725770308845466,0.006714353011504268,3.488080787862293e-05,39264,0.043671524026097266,0.0003545292869336844,0.11332037369900282
NGC 4486,inner,raw,0.41620842183765144,0.00558189557370903,2.8610799271091046e-05,40060,0.039519673841315085,0.0004374546251125429,0.10648658560733915
NGC 4486,inner,raw,0.4251591405868482,0.004646579012712373,2.3332158254282674e-05,40804,0.03557331679109368,0.00041336430613903724,0.10153075125006361
NGC 4486,inner,raw,0.43410985933604507,0.003766093651633324,1.890011490019746e-05,41848,0.03200333375019998,0.00027666769573103786,0.09710668887469685
NGC 4486,inner,raw,0.44306057808524185,0.0031968855152128316,1.5975109669512843e-05,42600,0.028884827158714828,0.00022779199636584587,0.09353685841392977
NGC 4486,inner,raw,0.45201129683443864,0.0025871994397285722,1.2819664352409742e-05,43508,0.026073379838898472,0.00022388557091575207,0.09092709235865762
NGC 4486,inner,raw,0.4609620155836355,0.0021470401397399724,1.054417805666345e-05,44324,0.023824069375376063,0.0001722261868091694,0.08452530817541054
NGC 4486,inner,raw,0.4699127343328323,0.0017904713944281927,8.613546826565854e-06,45296,0.021668019904258467,0.00026641920500164364,0.08229647554261611
NGC 4486,inner,raw,0.47886345308202904,0.0015678119268997892,7.494394835956692e-06,46052,0.01995887092234051,0.0002414830304333043,0.07971521253093965
NGC 4486,inner,raw,0.4878141718312259,0.0013796692985356932,6.655206955005039e-06,46836,0.018393054168508862,0.00020490417322706914,0.08406723253281265
NGC 4486,inner,raw,0.49676489058042267,0.0012847792496568445,8.363433384798524e-06,47378,0.017048252695912116,0.0002466656801839754,0.07787695957371255
NGC 4486,inner,raw,0.5057156093296195,0.0010306042442967552,5.3328572814639985e-06,39720,0.012719184583061661,0.00024039116058838204,0.06994964411801073
NGC 4486,inner,raw,0.5146663280788163,0.0008589652143440716,4.632661234570142e-06,34500,0.009705067857171424,0.00010080795851173544,0.06634325969706183
NGC 4486,inner,raw,0.5236170468280131,0.000763431157804365,4.344429354556975e-06,30984,0.007572552291117456,7.948744922014136e-05,0.06572890572418001
NGC 4486,inner,raw,0.5325677655772099,0.0007061111342735141,4.255864437719255e-06,28352,0.0059006946416114885,6.40524485739349e-05,0.06261820013047995
NGC 4486,inner,raw,0.5415184843264067,0.000669572005726596,4.2438264730531375e-06,25896,0.004591036118566823,1.73978551448747e-05,0.06091069265071715
NGC 4486,inner,raw,0.5504692030756035,0.0005994275790367513,3.858042635664576e-06,23988,0.0035320520998317674,2.0919219010147468e-05,0.06014553244600022
NGC 4486,inner,raw,0.5594199218248004,0.0005752615892514416,3.922241363175987e-06,21908,0.002702757202228027,2.503089018727018e-05,0.0599057089363987
NGC 4486,inner,raw,0.5683706405739971,0.0005841799114254924,4.175013998987941e-06,20184,0.002031756420930051,1.8453903839818505e-05,0.060021884651663464
NGC 4486,inner,raw,0.577321359323194,0.0005747082619793364,4.225203548197659e-06,18540,0.0014935928192881958,1.723147664856718e-05,0.05784914611929592
NGC 4486,inner,raw,0.5862720780723907,0.0005671147119442573,4.510618306268915e-06,16912,0.0010731967459010224,1.5396790624909976e-05,0.0564768158553267
NGC 4486,inner,raw,0.5952227968215875,0.0005585634466997108,4.495317073349543e-06,15512,0.0007694257926419443,1.594532549313821e-05,0.05631185559688345
NGC 4486,inner,raw,0.6041735155707844,0.0005430370560056786,4.561078669549099e-06,13976,0.0005564703827375127,1.0664791357676274e-05,0.05463160372589615
NGC 4486,inner,raw,0.6131242343199812,0.0005488897427500152,4.915000256947991e-06,12688,0.0004180920155966897,7.510698927549976e-06,0.05502001784511398
NGC 4486,inner,raw,0.6220749530691779,0.0005607823517597344,5.366201435888227e-06,11228,0.00032829219475233567,7.0246105356782e-06,0.05349086374614585
NGC 4486,inner,raw,0.6310256718183748,0.0005278259977098174,5.457746355419846e-06,10056,0.00027338453720140743,2.6864361261783227e-06,0.05457703808267459
NGC 4486,inner,raw,0.6399763905675716,0.0005466328894394324,5.88073068150251e-06,8716,0.00024303745798859213,1.929489723597642e-06,0.05512944154345523
NGC 4486,inner,raw,0.6489271093167683,0.0005722410235320123,6.576422887439437e-06,7484,0.00022310530233000963,3.5598550559302507e-06,0.052513180739636345
NGC 4486,inner,raw,0.6578778280659652,0.000587293018537719,7.432245678299716e-06,6296,0.00021513162008504228,2.384090926962668e-06,0.0514901329640947
NGC 4486,inner,raw,0.666828546815162,0.0005548046846299467,7.770259157956705e-06,5076,0.00021153132480907194,7.008938516356033e-07,0.05299572948930567
NGC 4486,inner,raw,0.6757792655643589,0.0005383583202908112,8.68093570191859e-06,3956,0.00020900064700461428,1.6322692024528157e-06,0.05223230318037498
NGC 4486,inner,raw,0.6847299843135556,0.0005945685079558322,1.1380123310840484e-05,2740,0.0002071257563525425,2.1838737420476877e-06,0.05561320541609486
NGC 4486,inner,raw,0.6936807030627524,0.0005858325316392171,1.5248685329419739e-05,1700,0.00020880537623397624,2.765482137345805e-06,0.0566418114102801
NGC 4486,inner,raw,0.7026314218119492,0.0006375508206429497,2.569575252144984e-05,544,0.0002088150336609504,6.206718278011063e-06,0.055252715871122966
NGC 4486,inner,winsor_3.0,0.004475359374598403,123.15136005751481,36.19203490179798,437,0.9199039718036256,0.006192142978377818,7.178324064871015
NGC 4486,inner,winsor_3.0,0.013426078123795208,2.214127772706964,0.07507139101877594,1296,0.8378186887595296,0.0038617376139502427,4.42404189248148
NGC 4486,inner,winsor_3.0,0.022376796872992013,0.9159619039374983,0.020514922644798827,2144,0.7589218571755152,0.003664588969964789,3.5128159896270947
NGC 4486,inner,winsor_3.0,0.031327515622188815,0.6718890139511885,0.012313020531007558,3000,0.695665174537967,0.005445830916883776,2.8237475700934183
NGC 4486,inner,winsor_3.0,0.04027823437138563,0.6064893269215041,0.009491028104750722,3888,0.6465606510009644,0.004258521788466234,2.4876866385216525
NGC 4486,inner,winsor_3.0,0.049228953120582425,0.5695225539508164,0.007931515580382763,4760,0.6013772231390736,0.003743298825522263,2.0825984273456783
NGC 4486,inner,winsor_3.0,0.05817967186977923,0.5071270949060268,0.006873339018340322,5556,0.5672045175712654,0.003966711549096389,1.981522832394373
NGC 4486,inner,winsor_3.0,0.06713039061897604,0.47180556320435224,0.005915326128043003,6500,0.5366578290015475,0.0007875646069106433,1.923475647930589
NGC 4486,inner,winsor_3.0,0.07608110936817285,0.42943785568263715,0.005045594875528711,7304,0.5031242334862165,0.0010488526793100915,1.76093944247198
NGC 4486,inner,winsor_3.0,0.08503182811736965,0.3851674297368795,0.004209526128860733,8184,0.472629079675635,0.001056979556174994,1.6422780763932638
NGC 4486,inner,winsor_3.0,0.09398254686656646,0.3480108162017865,0.0036558680834019286,9016,0.44307088124991656,0.002744053841423587,1.4918308329173315
NGC 4486,inner,winsor_3.0,0.10293326561576326,0.3240077073363468,0.0032648579503985736,9952,0.41508962855114606,0.0015128049948045692,1.4118626957764981
NGC 4486,inner,winsor_3.0,0.11188398436496007,0.2865613908018653,0.002768146512994701,10752,0.38823208848621865,0.0012517731723623766,1.3306502955830855
NGC 4486,inner,winsor_3.0,0.12083470311415687,0.25693358055089005,0.0023761537441259538,11588,0.36325867989856814,0.0016055049683359975,1.234303202998189
NGC 4486,inner,winsor_3.0,0.12978542186335368,0.23450814290286395,0.0020896792170572555,12524,0.3412071457455077,0.001183509055252535,1.1446827101640848
NGC 4486,inner,winsor_3.0,0.13873614061255046,0.22246918896270082,0.001946921931442401,13344,0.31924895074110093,0.0007494911353245571,1.0489872084258343
NGC 4486,inner,winsor_3.0,0.1476868593617473,0.19992672393451014,0.0016905091694466303,14208,0.30025608372771145,0.0017848577867426252,0.9510127915741657
NGC 4486,inner,winsor_3.0,0.1566375781109441,0.17843922470419127,0.0014662424895121615,15040,0.2809294339438586,0.0011688792385021467,0.8894969914900729
NGC 4486,inner,winsor_3.0,0.1655882968601409,0.15957150110232735,0.0012722845738185483,16000,0.26222914380027496,0.0020047670442229887,0.8069113344607155
NGC 4486,inner,winsor_3.0,0.1745390156093377,0.14369473921544118,0.0011293860804983083,16776,0.24384499182451716,0.0005821443511253992,0.7374860707975153
NGC 4486,inner,winsor_3.0,0.1834897343585345,0.13056724962524974,0.0009784664677866576,17612,0.22735995346212032,0.0017493185340778463,0.6707324551414643
NGC 4486,inner,winsor_3.0,0.1924404531077313,0.11559753135676443,0.0008406116742739543,18532,0.21290033466066322,0.0020735563761815497,0.63106480959228
NGC 4486,inner,winsor_3.0,0.20139117185692812,0.10210152712767988,0.0007340384944324359,19408,0.1978633318014307,0.0010026521822704632,0.5881885279303154
NGC 4486,inner,winsor_3.0,0.2103418906061249,0.09158508736965694,0.0006565531656218765,20204,0.18406998067006927,0.0005369456838247429,0.5280402536665183
NGC 4486,inner,winsor_3.0,0.21929260935532174,0.08136025997527355,0.0005650898869645557,21104,0.17192699618719673,0.0014454748066403244,0.4902153850251539
NGC 4486,inner,winsor_3.0,0.22824332810451853,0.07380824526797791,0.0005022901509019264,21988,0.16048979549994433,0.0004968879167371078,0.46225056533892483
NGC 4486,inner,winsor_3.0,0.23719404685371534,0.06589992537484442,0.000434125111389298,22816,0.15004820961611867,0.00038155844770263353,0.4301273455364654
NGC 4486,inner,winsor_3.0,0.24614476560291212,0.057617448041931814,0.00036985280020895796,23620,0.14095055206321666,0.0010208834215559065,0.3800120369738224
NGC 4486,inner,winsor_3.0,0.25509548435210894,0.053669824613714584,0.0003443296048260924,24612,0.1334818537129405,0.0003538270491374798,0.35402235321644226
NGC 4486,inner,winsor_3.0,0.2640462031013058,0.04689803079013524,0.0002974433059736739,25400,0.1265980440545449,0.0003873166379829687,0.32807123534064797
NGC 4486,inner,winsor_3.0,0.27299692185050256,0.043338895354977695,0.0002699768059209227,26260,0.12041965599712025,0.00038407489737205983,0.31366026175523637
NGC 4486,inner,winsor_3.0,0.28194764059969935,0.038882317230519624,0.0002388368176460659,27104,0.11466042402385535,0.000640655611735524,0.28971531648792187
NGC 4486,inner,winsor_3.0,0.2908983593488962,0.034057662986140914,0.0002016223704988641,27972,0.10932778194631057,0.0005962873785105532,0.26599262879838265
NGC 4486,inner,winsor_3.0,0.29984907809809297,0.03158098889527093,0.00018592483134281573,28848,0.10469846715400058,0.0002292907916836393,0.2532960947998994
NGC 4486,inner,winsor_3.0,0.30879979684728975,0.027515394088940184,0.00015778231470337098,29756,0.09949506673639553,0.0007944612166773757,0.2379459869295475
NGC 4486,inner,winsor_3.0,0.3177505155964866,0.024621015717822027,0.00014106053675908535,30580,0.09468107115443387,0.0005644317115972906,0.21994069834628888
NGC 4486,inner,winsor_3.0,0.32670123434568343,0.022372427245000496,0.00012760202082554657,31400,0.08982942782251907,0.00027606774834133536,0.20533249502245524
NGC 4486,inner,winsor_3.0,0.33565195309488016,0.019721447195335553,0.00011136306070229491,32284,0.08479758783129368,0.00031983663739337695,0.18886182494282466
NGC 4486,inner,winsor_3.0,0.344602671844077,0.0171312390310295,9.569954108476309e-05,33152,0.07946650683208695,0.0004198796988450848,0.17738321808916374
NGC 4486,inner,winsor_3.0,0.35355339059327384,0.01480742525464123,8.209769870184745e-05,34084,0.07404323439423202,0.00037910201516713526,0.16635772951488453
NGC 4486,inner,winsor_3.0,0.36250410934247057,0.012812928609796647,6.998155430767347e-05,34776,0.06860395789845472,0.0004222408529002679,0.1571360853542405
NGC 4486,inner,winsor_3.0,0.3714548280916674,0.011080691602746955,5.943505388746648e-05,35804,0.06332705824766503,0.0003804503497422607,0.14438693919378753
NGC 4486,inner,winsor_3.0,0.38040554684086425,0.00967976276268316,5.164776517065262e-05,36560,0.05809357863331417,0.0003508805740570097,0.13622852462981538
NGC 4486,inner,winsor_3.0,0.389356265590061,0.007902367556435431,4.1639424900164985e-05,37508,0.05302984468199888,0.00046509716847107957,0.12630771967542825
NGC 4486,inner,winsor_3.0,0.3983069843392578,0.006915085596903043,3.5956745865527014e-05,38284,0.04826230277371434,0.0005234438712811663,0.11860661594081442
NGC 4486,inner,winsor_3.0,0.40725770308845466,0.0058660941744872125,3.0485565915599986e-05,39264,0.043671524026097266,0.0003545292869336844,0.11332037369900282
NGC 4486,inner,winsor_3.0,0.41620842183765144,0.004976332096473411,2.556520321264699e-05,40060,0.039519673841315085,0.0004374546251125429,0.10648658560733915
NGC 4486,inner,winsor_3.0,0.4251591405868482,0.004285732182332911,2.1814247526816557e-05,40804,0.03557331679109368,0.00041336430613903724,0.10153075125006361
NGC 4486,inner,winsor_3.0,0.43410985933604507,0.0035902140406180254,1.7868224602711994e-05,41848,0.03200333375019998,0.00027666769573103786,0.09710668887469685
NGC 4486,inner,winsor_3.0,0.44306057808524185,0.003134585967312956,1.5481490041298308e-05,42600,0.028884827158714828,0.00022779199636584587,0.09353685841392977
NGC 4486,inner,winsor_3.0,0.45201129683443864,0.002619418195020411,1.2792029033030507e-05,43508,0.026073379838898472,0.00022388557091575207,0.09092709235865762
NGC 4486,inner,winsor_3.0,0.4609620155836355,0.0022772599947864644,1.1156640794005072e-05,44324,0.023824069375376063,0.0001722261868091694,0.08452530817541054
NGC 4486,inner,winsor_3.0,0.4699127343328323,0.001992278088922569,9.508235433521998e-06,45296,0.021668019904258467,0.00026641920500164364,0.08229647554261611
NGC 4486,inner,winsor_3.0,0.47886345308202904,0.0017990077619634815,8.547106358985194e-06,46052,0.01995887092234051,0.0002414830304333043,0.07971521253093965
NGC 4486,inner,winsor_3.0,0.4878141718312259,0.0016242770057505779,7.726872756196572e-06,46836,0.018393054168508862,0.00020490417322706914,0.08406723253281265
NGC 4486,inner,winsor_3.0,0.49676489058042267,0.0015273355421663829,8.312827344849386e-06,47378,0.017048252695912116,0.0002466656801839754,0.07787695957371255
NGC 4486,inner,winsor_3.0,0.5057156093296195,0.001313885013269308,6.7385142962318746e-06,39720,0.012719184583061661,0.00024039116058838204,0.06994964411801073
NGC 4486,inner,winsor_3.0,0.5146663280788163,0.0011388844035303042,6.285974905493191e-06,34500,0.009705067857171424,0.00010080795851173544,0.06634325969706183
NGC 4486,inner,winsor_3.0,0.5236170468280131,0.0009981201808868965,5.717681898902468e-06,30984,0.007572552291117456,7.948744922014136e-05,0.06572890572418001
NGC 4486,inner,winsor_3.0,0.5325677655772099,0.0009339884013143487,5.562483302462194e-06,28352,0.0059006946416114885,6.40524485739349e-05,0.06261820013047995
NGC 4486,inner,winsor_3.0,0.5415184843264067,0.0008708621000044624,5.421037740677216e-06,25896,0.004591036118566823,1.73978551448747e-05,0.06091069265071715
NGC 4486,inner,winsor_3.0,0.5504692030756035,0.0008184087490627702,5.390060448766294e-06,23988,0.0035320520998317674,2.0919219010147468e-05,0.06014553244600022
NGC 4486,inner,winsor_3.0,0.5594199218248004,0.000745009497002921,5.022223400534509e-06,21908,0.002702757202228027,2.503089018727018e-05,0.0599057089363987
NGC 4486,inner,winsor_3.0,0.5683706405739971,0.0007387571255997569,5.268551143278517e-06,20184,0.002031756420930051,1.8453903839818505e-05,0.060021884651663464
NGC 4486,inner,winsor_3.0,0.577321359323194,0.0006883271359915867,5.04577869066216e-06,18540,0.0014935928192881958,1.723147664856718e-05,0.05784914611929592
NGC 4486,inner,winsor_3.0,0.5862720780723907,0.0006784089621351316,5.287423774745802e-06,16912,0.0010731967459010224,1.5396790624909976e-05,0.0564768158553267
NGC 4486,inner,winsor_3.0,0.5952227968215875,0.0006573216538557536,5.182857567005321e-06,15512,0.0007694257926419443,1.594532549313821e-05,0.05631185559688345
NGC 4486,inner,winsor_3.0,0.6041735155707844,0.0006296207484030661,5.243019530982436e-06,13976,0.0005564703827375127,1.0664791357676274e-05,0.05463160372589615
NGC 4486,inner,winsor_3.0,0.6131242343199812,0.0006225760900910853,5.466140013788557e-06,12688,0.0004180920155966897,7.510698927549976e-06,0.05502001784511398
NGC 4486,inner,winsor_3.0,0.6220749530691779,0.0006149170571202386,5.813574720059024e-06,11228,0.00032829219475233567,7.0246105356782e-06,0.05349086374614585
NGC 4486,inner,winsor_3.0,0.6310256718183748,0.0006056169780006124,6.090594118558638e-06,10056,0.00027338453720140743,2.6864361261783227e-06,0.05457703808267459
NGC 4486,inner,winsor_3.0,0.6399763905675716,0.0006230476368548774,6.641956914293311e-06,8716,0.00024303745798859213,1.929489723597642e-06,0.05512944154345523
NGC 4486,inner,winsor_3.0,0.6489271093167683,0.0006028862403010017,6.965417745951844e-06,7484,0.00022310530233000963,3.5598550559302507e-06,0.052513180739636345
NGC 4486,inner,winsor_3.0,0.6578778280659652,0.0006156667318419187,7.698270130613121e-06,6296,0.00021513162008504228,2.384090926962668e-06,0.0514901329640947
NGC 4486,inner,winsor_3.0,0.666828546815162,0.000575987086864971,7.988028436019063e-06,5076,0.00021153132480907194,7.008938516356033e-07,0.05299572948930567
NGC 4486,inner,winsor_3.0,0.6757792655643589,0.0005543977078601575,9.114413597778431e-06,3956,0.00020900064700461428,1.6322692024528157e-06,0.05223230318037498
NGC 4486,inner,winsor_3.0,0.6847299843135556,0.0006165161817046932,1.1716723550705447e-05,2740,0.0002071257563525425,2.1838737420476877e-06,0.05561320541609486
NGC 4486,inner,winsor_3.0,0.6936807030627524,0.0006075251694051929,1.5097776037210394e-05,1700,0.00020880537623397624,2.765482137345805e-06,0.0566418114102801
NGC 4486,inner,winsor_3.0,0.7026314218119492,0.0005541301722288848,2.24384927753818e-05,544,0.0002088150336609504,6.206718278011063e-06,0.055252715871122966
NGC 4486,inner,winsor_3.5,0.004475359374598403,138.5040426103432,40.483822764072286,437,0.9199039718036256,0.006192142978377818,7.178324064871015
NGC 4486,inner,winsor_3.5,0.013426078123795208,2.6029163947477256,0.08696587777023412,1296,0.8378186887595296,0.0038617376139502427,4.42404189248148
NGC 4486,inner,winsor_3.5,0.022376796872992013,1.0772044220603365,0.024328486706458777,2144,0.7589218571755152,0.003664588969964789,3.5128159896270947
NGC 4486,inner,winsor_3.5,0.031327515622188815,0.7854994098025636,0.014412263784195922,3000,0.695665174537967,0.005445830916883776,2.8237475700934183
NGC 4486,inner,winsor_3.5,0.04027823437138563,0.7057514083745672,0.011091334668822991,3888,0.6465606510009644,0.004258521788466234,2.4876866385216525
NGC 4486,inner,winsor_3.5,0.049228953120582425,0.6607007713178695,0.009176900932170516,4760,0.6013772231390736,0.003743298825522263,2.0825984273456783
NGC 4486,inner,winsor_3.5,0.05817967186977923,0.5885346756764142,0.007953081064841324,5556,0.5672045175712654,0.003966711549096389,1.981522832394373
NGC 4486,inner,winsor_3.5,0.06713039061897604,0.5442355035037743,0.006806746571960888,6500,0.5366578290015475,0.0007875646069106433,1.923475647930589
NGC 4486,inner,winsor_3.5,0.07608110936817285,0.4980476095020328,0.005857923753544945,7304,0.5031242334862165,0.0010488526793100915,1.76093944247198
NGC 4486,inner,winsor_3.5,0.08503182811736965,0.4467830207331467,0.0048789199658811275,8184,0.472629079675635,0.001056979556174994,1.6422780763932638
NGC 4486,inner,winsor_3.5,0.09398254686656646,0.402041178669252,0.004223182266440898,9016,0.44307088124991656,0.002744053841423587,1.4918308329173315
NGC 4486,inner,winsor_3.5,0.10293326561576326,0.372727926435108,0.003754483372014954,9952,0.41508962855114606,0.0015128049948045692,1.4118626957764981
NGC 4486,inner,winsor_3.5,0.11188398436496007,0.3307514087119978,0.003185639346951921,10752,0.38823208848621865,0.0012517731723623766,1.3306502955830855
NGC 4486,inner,winsor_3.5,0.12083470311415687,0.296384176042071,0.002733131035945108,11588,0.36325867989856814,0.0016055049683359975,1.234303202998189
NGC 4486,inner,winsor_3.5,0.12978542186335368,0.2703238239633731,0.0024143143718628607,12524,0.3412071457455077,0.001183509055252535,1.1446827101640848
NGC 4486,inner,winsor_3.5,0.13873614061255046,0.2566018197401049,0.002249166143689364,13344,0.31924895074110093,0.0007494911353245571,1.0489872084258343
NGC 4486,inner,winsor_3.5,0.1476868593617473,0.2303604698092719,0.0019447806161219914,14208,0.30025608372771145,0.0017848577867426252,0.9510127915741657
NGC 4486,inner,winsor_3.5,0.1566375781109441,0.2063080010863811,0.0016912193895984146,15040,0.2809294339438586,0.0011688792385021467,0.8894969914900729
NGC 4486,inner,winsor_3.5,0.1655882968601409,0.18279743044291455,0.0014564451950897432,16000,0.26222914380027496,0.0020047670442229887,0.8069113344607155
NGC 4486,inner,winsor_3.5,0.1745390156093377,0.1646868240556057,0.0012926145434623301,16776,0.24384499182451716,0.0005821443511253992,0.7374860707975153
NGC 4486,inner,winsor_3.5,0.1834897343585345,0.1500929966251262,0.0011272533330673898,17612,0.22735995346212032,0.0017493185340778463,0.6707324551414643
NGC 4486,inner,winsor_3.5,0.1924404531077313,0.13206873654460233,0.0009629259295750102,18532,0.21290033466066322,0.0020735563761815497,0.63106480959228
NGC 4486,inner,winsor_3.5,0.20139117185692812,0.1175937319529955,0.0008438794076176059,19408,0.1978633318014307,0.0010026521822704632,0.5881885279303154
NGC 4486,inner,winsor_3.5,0.2103418906061249,0.10473444644371331,0.0007488375513475539,20204,0.18406998067006927,0.0005369456838247429,0.5280402536665183
NGC 4486,inner,winsor_3.5,0.21929260935532174,0.09261889787683522,0.0006407491931543428,21104,0.17192699618719673,0.0014454748066403244,0.4902153850251539
NGC 4486,inner,winsor_3.5,0.22824332810451853,0.08370583520812322,0.0005703409487595475,21988,0.16048979549994433,0.0004968879167371078,0.46225056533892483
NGC 4486,inner,winsor_3.5,0.23719404685371534,0.0751009012183622,0.000494192295914179,22816,0.15004820961611867,0.00038155844770263353,0.4301273455364654
NGC 4486,inner,winsor_3.5,0.24614476560291212,0.06533855415983574,0.00041915525766931323,23620,0.14095055206321666,0.0010208834215559065,0.3800120369738224
NGC 4486,inner,winsor_3.5,0.25509548435210894,0.06093582475760437,0.0003915570076303584,24612,0.1334818537129405,0.0003538270491374798,0.35402235321644226
NGC 4486,inner,winsor_3.5,0.2640462031013058,0.05324043992517931,0.0003364752051475716,25400,0.1265980440545449,0.0003873166379829687,0.32807123534064797
NGC 4486,inner,winsor_3.5,0.27299692185050256,0.04885147904509522,0.00030298923173682275,26260,0.12041965599712025,0.00038407489737205983,0.31366026175523637
NGC 4486,inner,winsor_3.5,0.28194764059969935,0.044051279029412624,0.0002701590682431625,27104,0.11466042402385535,0.000640655611735524,0.28971531648792187
NGC 4486,inner,winsor_3.5,0.2908983593488962,0.03825183443517895,0.00022732346985180013,27972,0.10932778194631057,0.0005962873785105532,0.26599262879838265
NGC 4486,inner,winsor_3.5,0.29984907809809297,0.03559322020118117,0.00021023396721208277,28848,0.10469846715400058,0.0002292907916836393,0.2532960947998994
NGC 4486,inner,winsor_3.5,0.30879979684728975,0.030953044446131693,0.00017759159413976527,29756,0.09949506673639553,0.0007944612166773757,0.2379459869295475
NGC 4486,inner,winsor_3.5,0.3177505155964866,0.027633205953933353,0.00015874197562339032,30580,0.09468107115443387,0.0005644317115972906,0.21994069834628888
NGC 4486,inner,winsor_3.5,0.32670123434568343,0.024954421460678822,0.00014237828718407787,31400,0.08982942782251907,0.00027606774834133536,0.20533249502245524
NGC 4486,inner,winsor_3.5,0.33565195309488016,0.022039251513170318,0.0001244714363278214,32284,0.08479758783129368,0.00031983663739337695,0.18886182494282466
NGC 4486,inner,winsor_3.5,0.344602671844077,0.019067734985299713,0.00010689046148937615,33152,0.07946650683208695,0.0004198796988450848,0.17738321808916374
NGC 4486,inner,winsor_3.5,0.35355339059327384,0.01637010702690391,9.084691770656366e-05,34084,0.07404323439423202,0.00037910201516713526,0.16635772951488453
NGC 4486,inner,winsor_3.5,0.36250410934247057,0.01413412182544266,7.734910806944714e-05,34776,0.06860395789845472,0.0004222408529002679,0.1571360853542405
NGC 4486,inner,winsor_3.5,0.3714548280916674,0.01220274701279505,6.581997014297427e-05,35804,0.06332705824766503,0.0003804503497422607,0.14438693919378753
NGC 4486,inner,winsor_3.5,0.38040554684086425,0.010549584918256463,5.658544257246088e-05,36560,0.05809357863331417,0.0003508805740570097,0.13622852462981538
NGC 4486,inner,winsor_3.5,0.389356265590061,0.008566141379862656,4.514483870165763e-05,37508,0.05302984468199888,0.00046509716847107957,0.12630771967542825
NGC 4486,inner,winsor_3.5,0.3983069843392578,0.007408578971625744,3.839846652521974e-05,38284,0.04826230277371434,0.0005234438712811663,0.11860661594081442
NGC 4486,inner,winsor_3.5,0.40725770308845466,0.006219526771955728,3.236313027435046e-05,39264,0.043671524026097266,0.0003545292869336844,0.11332037369900282
NGC 4486,inner,winsor_3.5,0.41620842183765144,0.005228456850202896,2.6843580694062826e-05,40060,0.039519673841315085,0.0004374546251125429,0.10648658560733915
NGC 4486,inner,winsor_3.5,0.4251591405868482,0.004443014765837795,2.2470041633663232e-05,40804,0.03557331679109368,0.00041336430613903724,0.10153075125006361
NGC 4486,inner,winsor_3.5,0.43410985933604507,0.0036472126899321296,1.8203376476110904e-05,41848,0.03200333375019998,0.00027666769573103786,0.09710668887469685
NGC 4486,inner,winsor_3.5,0.44306057808524185,0.00316447700841413,1.568734538978477e-05,42600,0.028884827158714828,0.00022779199636584587,0.09353685841392977
NGC 4486,inner,winsor_3.5,0.45201129683443864,0.0026020125368535767,1.2871031571848954e-05,43508,0.026073379838898472,0.00022388557091575207,0.09092709235865762
NGC 4486,inner,winsor_3.5,0.4609620155836355,0.00219989125491445,1.0795606546620742e-05,44324,0.023824069375376063,0.0001722261868091694,0.08452530817541054
NGC 4486,inner,winsor_3.5,0.4699127343328323,0.0018844530152480382,9.087397054894334e-06,45296,0.021668019904258467,0.00026641920500164364,0.08229647554261611
NGC 4486,inner,winsor_3.5,0.47886345308202904,0.0016830120928507063,7.974348499463696e-06,46052,0.01995887092234051,0.0002414830304333043,0.07971521253093965
NGC 4486,inner,winsor_3.5,0.4878141718312259,0.0014954414348338316,7.140801278241473e-06,46836,0.018393054168508862,0.00020490417322706914,0.08406723253281265
NGC 4486,inner,winsor_3.5,0.49676489058042267,0.0014017747080386056,8.247364319403563e-06,47378,0.017048252695912116,0.0002466656801839754,0.07787695957371255
NGC 4486,inner,winsor_3.5,0.5057156093296195,0.0011637631583839639,5.993605431167621e-06,39720,0.012719184583061661,0.00024039116058838204,0.06994964411801073
NGC 4486,inner,winsor_3.5,0.5146663280788163,0.0009830281019359254,5.3930910535681776e-06,34500,0.009705067857171424,0.00010080795851173544,0.06634325969706183
NGC 4486,inner,winsor_3.5,0.5236170468280131,0.0008726363936568986,4.9868722385076336e-06,30984,0.007572552291117456,7.948744922014136e-05,0.06572890572418001
NGC 4486,inner,winsor_3.5,0.5325677655772099,0.0008173227110590442,4.846443803690259e-06,28352,0.0059006946416114885,6.40524485739349e-05,0.06261820013047995
NGC 4486,inner,winsor_3.5,0.5415184843264067,0.000766603735407453,4.792391762405912e-06,25896,0.004591036118566823,1.73978551448747e-05,0.06091069265071715
NGC 4486,inner,winsor_3.5,0.5504692030756035,0.0007031006822997989,4.623688878910417e-06,23988,0.0035320520998317674,2.0919219010147468e-05,0.06014553244600022
NGC 4486,inner,winsor_3.5,0.5594199218248004,0.0006406707608942748,4.354438592314877e-06,21908,0.002702757202228027,2.503089018727018e-05,0.0599057089363987
NGC 4486,inner,winsor_3.5,0.5683706405739971,0.0006454701980992177,4.567617653658439e-06,20184,0.002031756420930051,1.8453903839818505e-05,0.060021884651663464
NGC 4486,inner,winsor_3.5,0.577321359323194,0.0006012436588973413,4.365804705667551e-06,18540,0.0014935928192881958,1.723147664856718e-05,0.05784914611929592
NGC 4486,inner,winsor_3.5,0.5862720780723907,0.0005973265882111538,4.636800418612256e-06,16912,0.0010731967459010224,1.5396790624909976e-05,0.0564768158553267
NGC 4486,inner,winsor_3.5,0.5952227968215875,0.0005986504627668827,4.832336188401361e-06,15512,0.0007694257926419443,1.594532549313821e-05,0.05631185559688345
NGC 4486,inner,winsor_3.5,0.6041735155707844,0.0005780920275597632,4.842573050716865e-06,13976,0.0005564703827375127,1.0664791357676274e-05,0.05463160372589615
NGC 4486,inner,winsor_3.5,0.6131242343199812,0.0005511631238500644,4.86277824065002e-06,12688,0.0004180920155966897,7.510698927549976e-06,0.05502001784511398
NGC 4486,inner,winsor_3.5,0.6220749530691779,0.0005666420581981141,5.464692594835138e-06,11228,0.00032829219475233567,7.0246105356782e-06,0.05349086374614585
NGC 4486,inner,winsor_3.5,0.6310256718183748,0.0005457747563676572,5.5675943374246896e-06,10056,0.00027338453720140743,2.6864361261783227e-06,0.05457703808267459
NGC 4486,inner,winsor_3.5,0.6399763905675716,0.0005564181272921867,5.957944209819638e-06,8716,0.00024303745798859213,1.929489723597642e-06,0.05512944154345523
NGC 4486,inner,winsor_3.5,0.6489271093167683,0.0005748653331700546,6.515545797977624e-06,7484,0.00022310530233000963,3.5598550559302507e-06,0.052513180739636345
NGC 4486,inner,winsor_3.5,0.6578778280659652,0.000579919948124686,7.2520837650273616e-06,6296,0.00021513162008504228,2.384090926962668e-06,0.0514901329640947
NGC 4486,inner,winsor_3.5,0.666828546815162,0.0005643401302775635,7.93644012578823e-06,5076,0.00021153132480907194,7.008938516356033e-07,0.05299572948930567
NGC 4486,inner,winsor_3.5,0.6757792655643589,0.0005135049027203626,8.276580673029766e-06,3956,0.00020900064700461428,1.6322692024528157e-06,0.05223230318037498
NGC 4486,inner,winsor_3.5,0.6847299843135556,0.0005823161763880046,1.1420823110570645e-05,2740,0.0002071257563525425,2.1838737420476877e-06,0.05561320541609486
NGC 4486,inner,winsor_3.5,0.6936807030627524,0.0005943463451130256,1.4651735492758115e-05,1700,0.00020880537623397624,2.765482137345805e-06,0.0566418114102801
NGC 4486,inner,winsor_3.5,0.7026314218119492,0.0006481228108040499,2.769747551309803e-05,544,0.0002088150336609504,6.206718278011063e-06,0.055252715871122966
NGC 4486,inner,winsor_4.0,0.004475359374598403,145.29331397764489,42.24632100091594,437,0.9199039718036256,0.006192142978377818,7.178324064871015
NGC 4486,inner,winsor_4.0,0.013426078123795208,2.8562928324239167,0.0943155418024227,1296,0.8378186887595296,0.0038617376139502427,4.42404189248148
NGC 4486,inner,winsor_4.0,0.022376796872992013,1.1709429634841926,0.026706162328274705,2144,0.7589218571755152,0.003664588969964789,3.5128159896270947
NGC 4486,inner,winsor_4.0,0.031327515622188815,0.8471132164988622,0.015557459539042437,3000,0.695665174537967,0.005445830916883776,2.8237475700934183
NGC 4486,inner,winsor_4.0,0.04027823437138563,0.7573999581840923,0.01194896862296253,3888,0.6465606510009644,0.004258521788466234,2.4876866385216525
NGC 4486,inner,winsor_4.0,0.049228953120582425,0.70626653764123,0.009808803441990057,4760,0.6013772231390736,0.003743298825522263,2.0825984273456783
NGC 4486,inner,winsor_4.0,0.05817967186977923,0.6287075759133837,0.008480548546435382,5556,0.5672045175712654,0.003966711549096389,1.981522832394373
NGC 4486,inner,winsor_4.0,0.06713039061897604,0.5798483175289921,0.007234961294196285,6500,0.5366578290015475,0.0007875646069106433,1.923475647930589
NGC 4486,inner,winsor_4.0,0.07608110936817285,0.5330505451924673,0.006262391280464291,7304,0.5031242334862165,0.0010488526793100915,1.76093944247198
NGC 4486,inner,winsor_4.0,0.08503182811736965,0.4774339691323011,0.005212370257510701,8184,0.472629079675635,0.001056979556174994,1.6422780763932638
NGC 4486,inner,winsor_4.0,0.09398254686656646,0.4293701241386106,0.004514170915651341,9016,0.44307088124991656,0.002744053841423587,1.4918308329173315
NGC 4486,inner,winsor_4.0,0.10293326561576326,0.3967207802893967,0.0039939147022516955,9952,0.41508962855114606,0.0015128049948045692,1.4118626957764981
NGC 4486,inner,winsor_4.0,0.11188398436496007,0.35256595995286005,0.003391313884228639,10752,0.38823208848621865,0.0012517731723623766,1.3306502955830855
NGC 4486,inner,winsor_4.0,0.12083470311415687,0.3160437001473708,0.002909966350007561,11588,0.36325867989856814,0.0016055049683359975,1.234303202998189
NGC 4486,inner,winsor_4.0,0.12978542186335368,0.2883874041756699,0.0025769961641846227,12524,0.3412071457455077,0.001183509055252535,1.1446827101640848
NGC 4486,inner,winsor_4.0,0.13873614061255046,0.2738657077785205,0.002406025224148996,13344,0.31924895074110093,0.0007494911353245571,1.0489872084258343
NGC 4486,inner,winsor_4.0,0.1476868593617473,0.24572636941262346,0.0020740590666979033,14208,0.30025608372771145,0.0017848577867426252,0.9510127915741657
NGC 4486,inner,winsor_4.0,0.1566375781109441,0.2202800417491614,0.0018032774174458065,15040,0.2809294339438586,0.0011688792385021467,0.8894969914900729
NGC 4486,inner,winsor_4.0,0.1655882968601409,0.19440311042158187,0.0015476027624916706,16000,0.26222914380027496,0.0020047670442229887,0.8069113344607155
NGC 4486,inner,winsor_4.0,0.1745390156093377,0.17509715831075476,0.0013720623799182746,16776,0.24384499182451716,0.0005821443511253992,0.7374860707975153
NGC 4486,inner,winsor_4.0,0.1834897343585345,0.15998763970684762,0.0012029123507778078,17612,0.22735995346212032,0.0017493185340778463,0.6707324551414643
NGC 4486,inner,winsor_4.0,0.1924404531077313,0.1401759885759931,0.0010228749273646092,18532,0.21290033466066322,0.0020735563761815497,0.63106480959228
NGC 4486,inner,winsor_4.0,0.20139117185692812,0.1254483918096733,0.0009002567170794492,19408,0.1978633318014307,0.0010026521822704632,0.5881885279303154
NGC 4486,inner,winsor_4.0,0.2103418906061249,0.11141045238599905,0.0007957424548871802,20204,0.18406998067006927,0.0005369456838247429,0.5280402536665183
NGC 4486,inner,winsor_4.0,0.21929260935532174,0.09834619420482137,0.0006795485175213026,21104,0.17192699618719673,0.0014454748066403244,0.4902153850251539
NGC 4486,inner,winsor_4.0,0.22824332810451853,0.08864190004734723,0.0006035923622403429,21988,0.16048979549994433,0.0004968879167371078,0.46225056533892483
NGC 4486,inner,winsor_4.0,0.23719404685371534,0.0796169946912349,0.0005224003463570955,22816,0.15004820961611867,0.00038155844770263353,0.4301273455364654
NGC 4486,inner,winsor_4.0,0.24614476560291212,0.06937350741527544,0.0004451631349426776,23620,0.14095055206321666,0.0010208834215559065,0.3800120369738224
NGC 4486,inner,winsor_4.0,0.25509548435210894,0.06466680493289709,0.00041662375188916006,24612,0.1334818537129405,0.0003538270491374798,0.35402235321644226
NGC 4486,inner,winsor_4.0,0.2640462031013058,0.056579978032848026,0.00035721722447728757,25400,0.1265980440545449,0.0003873166379829687,0.32807123534064797
NGC 4486,inner,winsor_4.0,0.27299692185050256,0.05167653131726933,0.00032011746051935764,26260,0.12041965599712025,0.00038407489737205983,0.31366026175523637
NGC 4486,inner,winsor_4.0,0.28194764059969935,0.04671384820859075,0.00028669312679053253,27104,0.11466042402385535,0.000640655611735524,0.28971531648792187
NGC 4486,inner,winsor_4.0,0.2908983593488962,0.040500885850568324,0.00024120932416279103,27972,0.10932778194631057,0.0005962873785105532,0.26599262879838265
NGC 4486,inner,winsor_4.0,0.29984907809809297,0.03769521365942334,0.00022308346459975172,28848,0.10469846715400058,0.0002292907916836393,0.2532960947998994
NGC 4486,inner,winsor_4.0,0.30879979684728975,0.032759229282637144,0.00018825200405413797,29756,0.09949506673639553,0.0007944612166773757,0.2379459869295475
NGC 4486,inner,winsor_4.0,0.3177505155964866,0.02918935772057432,0.00016772152151258734,30580,0.09468107115443387,0.0005644317115972906,0.21994069834628888
NGC 4486,inner,winsor_4.0,0.32670123434568343,0.026285067239204277,0.00015040538249772202,31400,0.08982942782251907,0.00027606774834133536,0.20533249502245524
NGC 4486,inner,winsor_4.0,0.33565195309488016,0.023279470399762383,0.00013143094750630427,32284,0.08479758783129368,0.00031983663739337695,0.18886182494282466
NGC 4486,inner,winsor_4.0,0.344602671844077,0.0201005066224828,0.00011250954610719983,33152,0.07946650683208695,0.0004198796988450848,0.17738321808916374
NGC 4486,inner,winsor_4.0,0.35355339059327384,0.017229581879143613,9.575959432953624e-05,34084,0.07404323439423202,0.00037910201516713526,0.16635772951488453
NGC 4486,inner,winsor_4.0,0.36250410934247057,0.014839001980813817,8.112825982272532e-05,34776,0.06860395789845472,0.0004222408529002679,0.1571360853542405
NGC 4486,inner,winsor_4.0,0.3714548280916674,0.012812189553005008,6.92077591904723e-05,35804,0.06332705824766503,0.0003804503497422607,0.14438693919378753
NGC 4486,inner,winsor_4.0,0.38040554684086425,0.011037739603307731,5.9386310754677196e-05,36560,0.05809357863331417,0.0003508805740570097,0.13622852462981538
NGC 4486,inner,winsor_4.0,0.389356265590061,0.008940608405709632,4.722924411111424e-05,37508,0.05302984468199888,0.00046509716847107957,0.12630771967542825
NGC 4486,inner,winsor_4.0,0.3983069843392578,0.007669769231946551,3.963288702881716e-05,38284,0.04826230277371434,0.0005234438712811663,0.11860661594081442
NGC 4486,inner,winsor_4.0,0.40725770308845466,0.006416519620072942,3.334322296238995e-05,39264,0.043671524026097266,0.0003545292869336844,0.11332037369900282
NGC 4486,inner,winsor_4.0,0.41620842183765144,0.005350711634205068,2.749103368717837e-05,40060,0.039519673841315085,0.0004374546251125429,0.10648658560733915
NGC 4486,inner,winsor_4.0,0.4251591405868482,0.004521988058000435,2.2798855174363077e-05,40804,0.03557331679109368,0.00041336430613903724,0.10153075125006361
NGC 4486,inner,winsor_4.0,0.43410985933604507,0.00367930228093211,1.8394358764121205e-05,41848,0.03200333375019998,0.00027666769573103786,0.09710668887469685
NGC 4486,inner,winsor_4.0,0.44306057808524185,0.0031526865653704727,1.575311870844172e-05,42600,0.028884827158714828,0.00022779199636584587,0.09353685841392977
NGC 4486,inner,winsor_4.0,0.45201129683443864,0.0025655753764582843,1.2803480953387726e-05,43508,0.026073379838898472,0.00022388557091575207,0.09092709235865762
NGC 4486,inner,winsor_4.0,0.4609620155836355,0.0021582686415652095,1.0623511024985228e-05,44324,0.023824069375376063,0.0001722261868091694,0.08452530817541054
NGC 4486,inner,winsor_4.0,0.4699127343328323,0.00182017603145426,8.792044581074624e-06,45296,0.021668019904258467,0.00026641920500164364,0.08229647554261611
NGC 4486,inner,winsor_4.0,0.47886345308202904,0.001621607547736771,7.717764072631794e-06,46052,0.01995887092234051,0.0002414830304333043,0.07971521253093965
NGC 4486,inner,winsor_4.0,0.4878141718312259,0.0014161615618889453,6.783955122418581e-06,46836,0.018393054168508862,0.00020490417322706914,0.08406723253281265
NGC 4486,inner,winsor_4.0,0.49676489058042267,0.0013242832393362053,8.373287806886651e-06,47378,0.017048252695912116,0.0002466656801839754,0.07787695957371255
NGC 4486,inner,winsor_4.0,0.5057156093296195,0.0010713251327752857,5.552994579977272e-06,39720,0.012719184583061661,0.00024039116058838204,0.06994964411801073
NGC 4486,inner,winsor_4.0,0.5146663280788163,0.0008967329163555838,4.888241149561354e-06,34500,0.009705067857171424,0.00010080795851173544,0.06634325969706183
NGC 4486,inner,winsor_4.0,0.5236170468280131,0.0008026896273222449,4.561076650116272e-06,30984,0.007572552291117456,7.948744922014136e-05,0.06572890572418001
NGC 4486,inner,winsor_4.0,0.5325677655772099,0.0007505991359202463,4.439186405733934e-06,28352,0.0059006946416114885,6.40524485739349e-05,0.06261820013047995
NGC 4486,inner,winsor_4.0,0.5415184843264067,0.0006959814705332634,4.367221745096261e-06,25896,0.004591036118566823,1.73978551448747e-05,0.06091069265071715
NGC 4486,inner,winsor_4.0,0.5504692030756035,0.0006370460973481506,4.166905132966897e-06,23988,0.0035320520998317674,2.0919219010147468e-05,0.06014553244600022
NGC 4486,inner,winsor_4.0,0.5594199218248004,0.0005884666279342726,4.026393226936623e-06,21908,0.002702757202228027,2.503089018727018e-05,0.0599057089363987
NGC 4486,inner,winsor_4.0,0.5683706405739971,0.0005945676506549845,4.254464441168763e-06,20184,0.002031756420930051,1.8453903839818505e-05,0.060021884651663464
NGC 4486,inner,winsor_4.0,0.577321359323194,0.0005640627184316347,4.107548882706581e-06,18540,0.0014935928192881958,1.723147664856718e-05,0.05784914611929592
NGC 4486,inner,winsor_4.0,0.5862720780723907,0.0005533460027335543,4.33156259740089e-06,16912,0.0010731967459010224,1.5396790624909976e-05,0.0564768158553267
NGC 4486,inner,winsor_4.0,0.5952227968215875,0.0005641290395903086,4.5940869057423964e-06,15512,0.0007694257926419443,1.594532549313821e-05,0.05631185559688345
NGC 4486,inner,winsor_4.0,0.6041735155707844,0.0005482843746574403,4.60283289695624e-06,13976,0.0005564703827375127,1.0664791357676274e-05,0.05463160372589615
NGC 4486,inner,winsor_4.0,0.6131242343199812,0.0005273974707120412,4.663607199225544e-06,12688,0.0004180920155966897,7.510698927549976e-06,0.05502001784511398
NGC 4486,inner,winsor_4.0,0.6220749530691779,0.000544000281974488,5.307252325123897e-06,11228,0.00032829219475233567,7.0246105356782e-06,0.05349086374614585
NGC 4486,inner,winsor_4.0,0.6310256718183748,0.0005306411659051423,5.3711657350646416e-06,10056,0.00027338453720140743,2.6864361261783227e-06,0.05457703808267459
NGC 4486,inner,winsor_4.0,0.6399763905675716,0.0005330808335438728,5.749026877619436e-06,8716,0.00024303745798859213,1.929489723597642e-06,0.05512944154345523
NGC 4486,inner,winsor_4.0,0.6489271093167683,0.0005608975011308271,6.452106833628519e-06,7484,0.00022310530233000963,3.5598550559302507e-06,0.052513180739636345
NGC 4486,inner,winsor_4.0,0.6578778280659652,0.0005535569076742138,7.048898500304118e-06,6296,0.00021513162008504228,2.384090926962668e-06,0.0514901329640947
NGC 4486,inner,winsor_4.0,0.666828546815162,0.0005421988780301573,7.493426226566973e-06,5076,0.00021153132480907194,7.008938516356033e-07,0.05299572948930567
NGC 4486,inner,winsor_4.0,0.6757792655643589,0.000501637689780268,8.081302851816922e-06,3956,0.00020900064700461428,1.6322692024528157e-06,0.05223230318037498
NGC 4486,inner,winsor_4.0,0.6847299843135556,0.0005862077752923067,1.123007265432784e-05,2740,0.0002071257563525425,2.1838737420476877e-06,0.05561320541609486
NGC 4486,inner,winsor_4.0,0.6936807030627524,0.0005769025051697743,1.4451974862286297e-05,1700,0.00020880537623397624,2.765482137345805e-06,0.0566418114102801
NGC 4486,inner,winsor_4.0,0.7026314218119492,0.0006342883696969648,2.6508027901661393e-05,544,0.0002088150336609504,6.206718278011063e-06,0.055252715871122966
NGC 4486,outer,raw,0.0044734622320063725,121.95899484150424,35.44892247705035,1405,0.9037049192775426,0.003906424169896191,6.953550106460656
NGC 4486,outer,raw,0.013420386696019117,1.9496988969002855,0.040882923560968315,4216,0.817072021653019,0.003495211663950518,4.35953888101456
NGC 4486,outer,raw,0.022367311160031864,1.065629154418873,0.01330874135285024,6984,0.7396840980606512,0.0035273981074840782,3.411146308369121
NGC 4486,outer,raw,0.031314235624044603,0.9185631478752904,0.009433285974593237,9800,0.6804065574655157,0.0010558428048557404,2.7719920779835454
NGC 4486,outer,raw,0.04026116008805736,0.7609588349969,0.006835831076850562,12576,0.63227370583463,0.0003394570012042278,2.458330932990465
NGC 4486,outer,raw,0.0492080845520701,0.6855704022775396,0.005515099223965819,15408,0.5935674700811577,0.0007614598013554482,2.079948943351089
NGC 4486,outer,raw,0.058155009016082844,0.6424421933078743,0.00477461543026336,18184,0.5592110471853406,0.0017405983237679906,1.9711935806604186
NGC 4486,outer,raw,0.06710193348009559,0.5890160200214413,0.004080180670648705,20960,0.5273045224182005,0.001014514007549313,1.9149701054853179
NGC 4486,outer,raw,0.07604885794410833,0.5262992313635843,0.0034140445480442113,23784,0.49721098027060046,0.0007840938805908682,1.741643533276321
NGC 4486,outer,raw,0.08499578240812108,0.4908433293271013,0.0030337552376052306,26620,0.46713947199254713,0.0003090936497009769,1.6347815463570663
NGC 4486,outer,raw,0.09394270687213382,0.43200707533249066,0.002538890362165359,29424,0.43883809869650625,0.0004970931734136452,1.4913719262073257
NGC 4486,outer,raw,0.10288963133614656,0.3955781505496395,0.00217908409533108,32192,0.4110374887563172,0.002105150951438675,1.408141966001847
NGC 4486,outer,raw,0.1118365558001593,0.35216658958124425,0.0019060050807664691,34976,0.3849224087937216,0.0014790479668795853,1.3305039287135505
NGC 4486,outer,raw,0.12078348026417207,0.3219058648936867,0.0016372094719713343,37780,0.3596823859473238,0.0012854064338759042,1.2269760723069447
NGC 4486,outer,raw,0.1297304047281848,0.2935300861656104,0.0014465217088618172,40544,0.33795120472648116,0.0009359634071869845,1.140025603309943
NGC 4486,outer,raw,0.13867732919219755,0.26130078595359696,0.00125472468643816,43408,0.3180019732233115,0.0003106413181058019,1.0502444551710965
NGC 4486,outer,raw,0.1476242536562103,0.23843539594689006,0.0011124268885789397,46168,0.29773096007715444,0.0013029040028211451,0.9497555448289035
NGC 4486,outer,raw,0.15657117812022303,0.2168437035586574,0.0009810648547151192,48984,0.27921523083347993,0.0011324264068083177,0.8880504603329727
NGC 4486,outer,raw,0.16551810258423577,0.19652598791163953,0.000867960112386148,51772,0.26124148017988075,0.00028598969429647004,0.8059258070688601
NGC 4486,outer,raw,0.17446502704824854,0.17826351803009377,0.000755967041436866,54536,0.24329512044580584,0.0015819368558047677,0.74385502837968
NGC 4486,outer,raw,0.18341195151226128,0.15890403367189734,0.0006670716439851532,57456,0.22721000554901863,0.0006290613566843568,0.6756056184709616
NGC 4486,outer,raw,0.19235887597627402,0.14346396338088915,0.0005805292819521493,60224,0.21198422323638444,0.000988937906008784,0.6370533535514065
NGC 4486,outer,raw,0.20130580044028676,0.13036988006153158,0.0005247265561535553,62976,0.1972555952736102,0.000559595569707416,0.5941597403490559
NGC 4486,outer,raw,0.2102527249042995,0.11557971118835003,0.0004485557410207038,65728,0.18397165223543155,0.0002211269399364192,0.5313906778271668
NGC 4486,outer,raw,0.21919964936831227,0.10370866410406983,0.0003980064409790105,68560,0.17171182788247982,0.0006165243815422924,0.49602864498480037
NGC 4486,outer,raw,0.228146573832325,0.09149812452913988,0.00034420364160258943,71328,0.16032422260818657,0.00016350082876773726,0.46656395338317475
NGC 4486,outer,raw,0.23709349829633775,0.08247960770280793,0.00030228325458961505,74140,0.15019101090775586,0.00041621943075689186,0.43390431741183205
NGC 4486,outer,raw,0.24604042276035049,0.07300214630283605,0.00026469209141437343,77000,0.14146167083683173,0.0004771707763749291,0.3858319810329227
NGC 4486,outer,raw,0.2549873472243632,0.06482198328125911,0.00023048853168447986,79804,0.13361630031912491,0.00045639420810391306,0.3602939902362881
NGC 4486,outer,raw,0.263934271688376,0.05874463466181143,0.00020433911243646427,82560,0.12688911653079157,0.00044790052720991894,0.3331474330385448
NGC 4486,outer,raw,0.2728811961523887,0.05378820019421205,0.000184832762375347,85392,0.12067192473673459,0.00020905760024234602,0.31691978015604017
NGC 4486,outer,raw,0.2818281206164015,0.04751505222069234,0.00016074564980306632,88168,0.11488058749736522,0.0004329402304329785,0.2942688945612988
NGC 4486,outer,raw,0.2907750450804142,0.04313245754700253,0.00014387751538173725,90944,0.10967165891792127,0.00046597811365028735,0.2701640105112777
NGC 4486,outer,raw,0.299721969544427,0.03869843645922986,0.00012783953734509342,93760,0.10482015762882879,0.00032573605037356553,0.2579083217294031
NGC 4486,outer,raw,0.30866889400843966,0.034773010038930664,0.00011343159234870986,96512,0.09986835284444964,0.00021543576899167658,0.24184979798901213
NGC 4486,outer,raw,0.31761581847245246,0.030966462043375175,9.947422792255976e-05,99352,0.0949415577114703,0.0005439729433798059,0.2239891091937763
NGC 4486,outer,raw,0.32656274293646514,0.027273396067444926,8.623046338294838e-05,102184,0.08976840917575525,0.00047248546273102193,0.20925390093013996
NGC 4486,outer,raw,0.33550966740047794,0.024076322547209525,7.561045448761035e-05,104988,0.08478680579133321,0.0002698067742293088,0.19223441426458934
NGC 4486,outer,raw,0.34445659186449074,0.02101926774476529,6.492255553635337e-05,107752,0.07954931660312682,0.0003732241297539076,0.18097400995760282
NGC 4486,outer,raw,0.3534035163285034,0.018440222372885288,5.651091791038793e-05,110508,0.07430384444390836,0.0004417165200772282,0.17044377912934894
NGC 4486,outer,raw,0.3623504407925162,0.01593562431521902,4.8121187936868795e-05,113344,0.06896126249309051,0.0005202610658942883,0.16110103041624438
NGC 4486,outer,raw,0.3712973652565289,0.013799165606866977,4.129833809963808e-05,116248,0.06362282352095915,0.0003508411398943013,0.14805968214011828
NGC 4486,outer,raw,0.3802442897205417,0.011616778167666382,3.4561426783834574e-05,118928,0.05848716177192933,0.00037963676276437226,0.139995644712549
NGC 4486,outer,raw,0.3891912141845544,0.009929328003073829,2.9091837144468523e-05,121744,0.053511737714840975,0.0003042991859014086,0.13009873697156898
NGC 4486,outer,raw,0.3981381386485672,0.00841903729989035,2.4356915072846922e-05,124528,0.048668860707162795,0.00028272074824714553,0.12211029188130683
NGC 4486,outer,raw,0.40708506311257986,0.007096631158842515,2.0373350394754142e-05,127288,0.04422720597918301,0.00027920847047848904,0.11712402437609312
NGC 4486,outer,raw,0.41603198757659265,0.0060259916185339876,1.7073089863881667e-05,130088,0.04006079309248443,0.00030655061616415664,0.10961148632298277
NGC 4486,outer,raw,0.42497891204060534,0.005104751585115843,1.4279705231465907e-05,133108,0.036203053886252064,0.0002542162937258631,0.10491284947452925
NGC 4486,outer,raw,0.43392583650461813,0.004259198233854664,1.1689634796383213e-05,135768,0.03272089534391368,0.0002657429626060869,0.10061385614752927
NGC 4486,outer,raw,0.44287276096863093,0.0036434051853797313,1.0053918883772245e-05,138528,0.029668601727296,0.0002088076656534158,0.09682447426042468
NGC 4486,outer,raw,0.4518196854326436,0.003091532001367144,8.420445020574318e-06,141288,0.026917176031683476,0.0002389101278698876,0.09389304259917003
NGC 4486,outer,raw,0.4607666098966564,0.0026815134276269425,7.277599862386972e-06,144248,0.024511227541776398,0.00026466170867752673,0.08766067803905332
NGC 4486,outer,raw,0.4697135343606691,0.0023177110663549247,6.173210255800778e-06,146844,0.022461181685074157,0.00020918747314425983,0.08513323369550256
NGC 4486,outer,raw,0.4786604588246819,0.00204333180627095,5.400376937541664e-06,149744,0.020695348639120054,0.00022622168143238453,0.0825799059016931
NGC 4486,outer,raw,0.4876073832886946,0.0018471754297983418,4.877403956018598e-06,152528,0.01920389285714489,0.0002008280578809093,0.08628034932010269
NGC 4486,outer,raw,0.49655430775270737,0.001742595218037184,5.20800558246559e-06,154400,0.017890790292010617,0.0001808244013719435,0.08062673452223545
NGC 4486,outer,raw,0.50550123221672,0.001518037000124637,4.279685819153842e-06,129356,0.013636626641684678,0.0001658601703837105,0.07301847325624582
NGC 4486,outer,raw,0.5144481566807328,0.0014214088211097927,4.325432447074257e-06,112460,0.010613901123924373,9.193607012231158e-05,0.06954338780030514
NGC 4486,outer,raw,0.5233950811447456,0.0013356416424893304,4.360533446717339e-06,101196,0.008470622530054938,9.74282469148892e-05,0.06866615011829619
NGC 4486,outer,raw,0.5323420056087583,0.0012907856553045045,4.412091035606809e-06,92268,0.006817638392075949,5.014922105744553e-05,0.06576239467348055
NGC 4486,outer,raw,0.541288930072771,0.0012925986167584042,4.634582550936193e-06,84588,0.00551264137937219,5.4717516901920536e-05,0.06404699806272957
NGC 4486,outer,raw,0.5502358545367838,0.0012890442783212589,4.907978518720257e-06,77804,0.0044590547723323765,2.4401087309039056e-05,0.0632223380371792
NGC 4486,outer,raw,0.5591827790007966,0.0012840143383939344,5.069205805226481e-06,71636,0.003627392737366636,3.334020391123647e-05,0.0629486663052381
NGC 4486,outer,raw,0.5681297034648093,0.0013138597349987046,5.362689397658018e-06,65748,0.0029520517425763375,2.781768046557167e-05,0.06299993385417717
NGC 4486,outer,raw,0.5770766279288221,0.0013130091554961773,5.538787826802523e-06,60388,0.002407458020831081,2.1502263619731406e-05,0.06079262080533016
NGC 4486,outer,raw,0.5860235523928348,0.0013908160194283932,6.0532698533556996e-06,55168,0.001990778278047689,2.3827965843015166e-05,0.05965167135739054
NGC 4486,outer,raw,0.5949704768568476,0.001426641692136783,6.47075767661647e-06,50428,0.0016821506902468869,1.2391381504699546e-05,0.05940643011146672
NGC 4486,outer,raw,0.6039174013208604,0.0014586803982450521,6.83312023473438e-06,45708,0.0014650618453663977,8.040928171360809e-06,0.05779506329059258
NGC 4486,outer,raw,0.612864325784873,0.0015633081986332954,7.745996620732902e-06,41236,0.0013246913560067373,1.3371119754462502e-05,0.058185247452465706
NGC 4486,outer,raw,0.6218112502488857,0.0016130921572456015,8.485891084687589e-06,36844,0.0012298005270967533,7.665838879017515e-06,0.05689772099850798
NGC 4486,outer,raw,0.6307581747128985,0.001611464293845585,9.059846287568653e-06,32636,0.0011749753980057167,1.0619948530691482e-05,0.05775787818550277
NGC 4486,outer,raw,0.6397050991769113,0.0016676116243423656,9.873665380056818e-06,28476,0.0011460072393852778,9.3531816848575e-06,0.058263611174005095
NGC 4486,outer,raw,0.648652023640924,0.0017672914030180823,1.126343740237117e-05,24452,0.0011248890442351865,2.6297382089981556e-06,0.05566286831435093
NGC 4486,outer,raw,0.6575989481049367,0.0018590841091461082,1.2631606688437567e-05,20564,0.0011165237096492759,8.769549167278098e-06,0.05498567434318351
NGC 4486,outer,raw,0.6665458725689495,0.0018911331776562453,1.4648215430842584e-05,16724,0.0011157454996877925,6.950504291900513e-06,0.05635511994678879
NGC 4486,outer,raw,0.6754927970329623,0.0019239736672388426,1.6703492254415638e-05,12916,0.0011151557989666867,1.0940133972397265e-05,0.05540162864427406
NGC 4486,outer,raw,0.6844397214969751,0.0020024457593116524,2.0962505911480908e-05,9188,0.001113776294315019,5.530719067517582e-06,0.0587900907898369
NGC 4486,outer,raw,0.6933866459609878,0.0020101051472571495,2.6342302475296583e-05,5540,0.0011151684827539062,1.4003726085967738e-05,0.05918607869145077
NGC 4486,outer,raw,0.7023335704250004,0.001944847403189773,4.576331301437604e-05,1872,0.0011036702094415543,5.780302808582292e-06,0.056906397323137896
NGC 4486,outer,winsor_3.0,0.0044734622320063725,120.21281636649067,35.00608687482056,1405,0.9037049192775426,0.003906424169896191,6.953550106460656
NGC 4486,outer,winsor_3.0,0.013420386696019117,1.9125763304238486,0.04039240329432047,4216,0.817072021653019,0.003495211663950518,4.35953888101456
NGC 4486,outer,winsor_3.0,0.022367311160031864,1.0446700416654573,0.013084538651440795,6984,0.7396840980606512,0.0035273981074840782,3.411146308369121
NGC 4486,outer,winsor_3.0,0.031314235624044603,0.9005970462014852,0.009254369371018823,9800,0.6804065574655157,0.0010558428048557404,2.7719920779835454
NGC 4486,outer,winsor_3.0,0.04026116008805736,0.7468501615427535,0.006704709841664177,12576,0.63227370583463,0.0003394570012042278,2.458330932990465
NGC 4486,outer,winsor_3.0,0.0492080845520701,0.6723117717634135,0.005400876048653329,15408,0.5935674700811577,0.0007614598013554482,2.079948943351089
NGC 4486,outer,winsor_3.0,0.058155009016082844,0.6291078441023208,0.0046760645651275756,18184,0.5592110471853406,0.0017405983237679906,1.9711935806604186
NGC 4486,outer,winsor_3.0,0.06710193348009559,0.5778263974711777,0.004005605432429856,20960,0.5273045224182005,0.001014514007549313,1.9149701054853179
NGC 4486,outer,winsor_3.0,0.07604885794410833,0.5149954027230621,0.0033462371931668677,23784,0.49721098027060046,0.0007840938805908682,1.741643533276321
NGC 4486,outer,winsor_3.0,0.08499578240812108,0.4810472029823341,0.0029713829120184224,26620,0.46713947199254713,0.0003090936497009769,1.6347815463570663
NGC 4486,outer,winsor_3.0,0.09394270687213382,0.42300210029540275,0.002483097122194095,29424,0.43883809869650625,0.0004970931734136452,1.4913719262073257
NGC 4486,outer,winsor_3.0,0.10288963133614656,0.3869139906240034,0.002129285043363042,32192,0.4110374887563172,0.002105150951438675,1.408141966001847
NGC 4486,outer,winsor_3.0,0.1118365558001593,0.3444265170391867,0.0018656994095831746,34976,0.3849224087937216,0.0014790479668795853,1.3305039287135505
NGC 4486,outer,winsor_3.0,0.12078348026417207,0.3149182266671534,0.0016017098956171132,37780,0.3596823859473238,0.0012854064338759042,1.2269760723069447
NGC 4486,outer,winsor_3.0,0.1297304047281848,0.2871472215256952,0.0014143485511432104,40544,0.33795120472648116,0.0009359634071869845,1.140025603309943
NGC 4486,outer,winsor_3.0,0.13867732919219755,0.2554209829884833,0.0012266167898479878,43408,0.3180019732233115,0.0003106413181058019,1.0502444551710965
NGC 4486,outer,winsor_3.0,0.1476242536562103,0.23302112794916796,0.0010867404843858492,46168,0.29773096007715444,0.0013029040028211451,0.9497555448289035
NGC 4486,outer,winsor_3.0,0.15657117812022303,0.21173348944097364,0.0009574885251722145,48984,0.27921523083347993,0.0011324264068083177,0.8880504603329727
NGC 4486,outer,winsor_3.0,0.16551810258423577,0.19175142780867122,0.0008472818908859138,51772,0.26124148017988075,0.00028598969429647004,0.8059258070688601
NGC 4486,outer,winsor_3.0,0.17446502704824854,0.17396519084173745,0.0007372242472691713,54536,0.24329512044580584,0.0015819368558047677,0.74385502837968
NGC 4486,outer,winsor_3.0,0.18341195151226128,0.155174066750582,0.0006520985857045073,57456,0.22721000554901863,0.0006290613566843568,0.6756056184709616
NGC 4486,outer,winsor_3.0,0.19235887597627402,0.13992726661916768,0.0005664984278730876,60224,0.21198422323638444,0.000988937906008784,0.6370533535514065
NGC 4486,outer,winsor_3.0,0.20130580044028676,0.12706206054184005,0.0005114298274130365,62976,0.1972555952736102,0.000559595569707416,0.5941597403490559
NGC 4486,outer,winsor_3.0,0.2102527249042995,0.11272853225342822,0.0004374930967881025,65728,0.18397165223543155,0.0002211269399364192,0.5313906778271668
NGC 4486,outer,winsor_3.0,0.21919964936831227,0.10116246555412951,0.0003884809423049062,68560,0.17171182788247982,0.0006165243815422924,0.49602864498480037
NGC 4486,outer,winsor_3.0,0.228146573832325,0.08920778096300482,0.00033547445750184104,71328,0.16032422260818657,0.00016350082876773726,0.46656395338317475
NGC 4486,outer,winsor_3.0,0.23709349829633775,0.08036892207449521,0.00029452327513754256,74140,0.15019101090775586,0.00041621943075689186,0.43390431741183205
NGC 4486,outer,winsor_3.0,0.24604042276035049,0.0711986541652236,0.00025803525335099496,77000,0.14146167083683173,0.0004771707763749291,0.3858319810329227
NGC 4486,outer,winsor_3.0,0.2549873472243632,0.06317138138707067,0.000224491743062459,79804,0.13361630031912491,0.00045639420810391306,0.3602939902362881
NGC 4486,outer,winsor_3.0,0.263934271688376,0.05726773151372457,0.00019909230662063255,82560,0.12688911653079157,0.00044790052720991894,0.3331474330385448
NGC 4486,outer,winsor_3.0,0.2728811961523887,0.05239538066151357,0.00018023706095105917,85392,0.12067192473673459,0.00020905760024234602,0.31691978015604017
NGC 4486,outer,winsor_3.0,0.2818281206164015,0.0462457993351474,0.00015631381977374874,88168,0.11488058749736522,0.0004329402304329785,0.2942688945612988
NGC 4486,outer,winsor_3.0,0.2907750450804142,0.04201943864143537,0.0001401110071827956,90944,0.10967165891792127,0.00046597811365028735,0.2701640105112777
NGC 4486,outer,winsor_3.0,0.299721969544427,0.03765135855923273,0.00012439198356944993,93760,0.10482015762882879,0.00032573605037356553,0.2579083217294031
NGC 4486,outer,winsor_3.0,0.30866889400843966,0.03382732431776583,0.00011020843883233709,96512,0.09986835284444964,0.00021543576899167658,0.24184979798901213
NGC 4486,outer,winsor_3.0,0.31761581847245246,0.030180324215893374,9.693152863804676e-05,99352,0.0949415577114703,0.0005439729433798059,0.2239891091937763
NGC 4486,outer,winsor_3.0,0.32656274293646514,0.0265417641245263,8.39177864691559e-05,102184,0.08976840917575525,0.00047248546273102193,0.20925390093013996
NGC 4486,outer,winsor_3.0,0.33550966740047794,0.023452481268854037,7.373324807827683e-05,104988,0.08478680579133321,0.0002698067742293088,0.19223441426458934
NGC 4486,outer,winsor_3.0,0.34445659186449074,0.020457576186356793,6.328004241953173e-05,107752,0.07954931660312682,0.0003732241297539076,0.18097400995760282
NGC 4486,outer,winsor_3.0,0.3534035163285034,0.01794626456601062,5.50234663216705e-05,110508,0.07430384444390836,0.0004417165200772282,0.17044377912934894
NGC 4486,outer,winsor_3.0,0.3623504407925162,0.015537801884250092,4.683616951547033e-05,113344,0.06896126249309051,0.0005202610658942883,0.16110103041624438
NGC 4486,outer,winsor_3.0,0.3712973652565289,0.013458170380355065,4.029093233035697e-05,116248,0.06362282352095915,0.0003508411398943013,0.14805968214011828
NGC 4486,outer,winsor_3.0,0.3802442897205417,0.011335629802043692,3.3730828112297774e-05,118928,0.05848716177192933,0.00037963676276437226,0.139995644712549
NGC 4486,outer,winsor_3.0,0.3891912141845544,0.009696324721773035,2.8389870788290906e-05,121744,0.053511737714840975,0.0003042991859014086,0.13009873697156898
NGC 4486,outer,winsor_3.0,0.3981381386485672,0.008248387057443672,2.3848635198786947e-05,124528,0.048668860707162795,0.00028272074824714553,0.12211029188130683
NGC 4486,outer,winsor_3.0,0.40708506311257986,0.00694787836123737,1.99331687534801e-05,127288,0.04422720597918301,0.00027920847047848904,0.11712402437609312
NGC 4486,outer,winsor_3.0,0.41603198757659265,0.005906308364748732,1.6706949856119864e-05,130088,0.04006079309248443,0.00030655061616415664,0.10961148632298277
NGC 4486,outer,winsor_3.0,0.42497891204060534,0.005019533719831274,1.4050083934779394e-05,133108,0.036203053886252064,0.0002542162937258631,0.10491284947452925
NGC 4486,outer,winsor_3.0,0.43392583650461813,0.004197296209387719,1.1524500419787338e-05,135768,0.03272089534391368,0.0002657429626060869,0.10061385614752927
NGC 4486,outer,winsor_3.0,0.44287276096863093,0.003602788516289132,9.94943001964594e-06,138528,0.029668601727296,0.0002088076656534158,0.09682447426042468
NGC 4486,outer,winsor_3.0,0.4518196854326436,0.0030745618093629056,8.380590295144592e-06,141288,0.026917176031683476,0.0002389101278698876,0.09389304259917003
NGC 4486,outer,winsor_3.0,0.4607666098966564,0.0026688246551966207,7.242100758092046e-06,144248,0.024511227541776398,0.00026466170867752673,0.08766067803905332
NGC 4486,outer,winsor_3.0,0.4697135343606691,0.0023189528347446315,6.156659056100035e-06,146844,0.022461181685074157,0.00020918747314425983,0.08513323369550256
NGC 4486,outer,winsor_3.0,0.4786604588246819,0.0020580440577785066,5.438978084670826e-06,149744,0.020695348639120054,0.00022622168143238453,0.0825799059016931
NGC 4486,outer,winsor_3.0,0.4876073832886946,0.0018680499648325083,4.921822278741118e-06,152528,0.01920389285714489,0.0002008280578809093,0.08628034932010269
NGC 4486,outer,winsor_3.0,0.49655430775270737,0.0017605028552022566,5.172384401291457e-06,154400,0.017890790292010617,0.0001808244013719435,0.08062673452223545
NGC 4486,outer,winsor_3.0,0.50550123221672,0.00154001924005671,4.322291516841599e-06,129356,0.013636626641684678,0.0001658601703837105,0.07301847325624582
NGC 4486,outer,winsor_3.0,0.5144481566807328,0.0014483840335650108,4.393598955118137e-06,112460,0.010613901123924373,9.193607012231158e-05,0.06954338780030514
NGC 4486,outer,winsor_3.0,0.5233950811447456,0.0013679223792420466,4.456010006589701e-06,101196,0.008470622530054938,9.74282469148892e-05,0.06866615011829619
NGC 4486,outer,winsor_3.0,0.5323420056087583,0.0013119248528329032,4.454906846719114e-06,92268,0.006817638392075949,5.014922105744553e-05,0.06576239467348055
NGC 4486,outer,winsor_3.0,0.541288930072771,0.0013215198152350996,4.716165648172711e-06,84588,0.00551264137937219,5.4717516901920536e-05,0.06404699806272957
NGC 4486,outer,winsor_3.0,0.5502358545367838,0.0013146193432320365,4.982310307865059e-06,77804,0.0044590547723323765,2.4401087309039056e-05,0.0632223380371792
NGC 4486,outer,winsor_3.0,0.5591827790007966,0.0013062441789769524,5.163744811100672e-06,71636,0.003627392737366636,3.334020391123647e-05,0.0629486663052381
NGC 4486,outer,winsor_3.0,0.5681297034648093,0.0013373967908973175,5.454845289060454e-06,65748,0.0029520517425763375,2.781768046557167e-05,0.06299993385417717
NGC 4486,outer,winsor_3.0,0.5770766279288221,0.0013281535698057916,5.613001131122443e-06,60388,0.002407458020831081,2.1502263619731406e-05,0.06079262080533016
NGC 4486,outer,winsor_3.0,0.5860235523928348,0.0014062119317239516,6.120687828732829e-06,55168,0.001990778278047689,2.3827965843015166e-05,0.05965167135739054
NGC 4486,outer,winsor_3.0,0.5949704768568476,0.0014434899181462956,6.531405701823431e-06,50428,0.0016821506902468869,1.2391381504699546e-05,0.05940643011146672
NGC 4486,outer,winsor_3.0,0.6039174013208604,0.0014660263839136763,6.884130711732137e-06,45708,0.0014650618453663977,8.040928171360809e-06,0.05779506329059258
NGC 4486,outer,winsor_3.0,0.612864325784873,0.001574774479565519,7.805588413504885e-06,41236,0.0013246913560067373,1.3371119754462502e-05,0.058185247452465706
NGC 4486,outer,winsor_3.0,0.6218112502488857,0.0016160572064625725,8.486695995344443e-06,36844,0.0012298005270967533,7.665838879017515e-06,0.05689772099850798
NGC 4486,outer,winsor_3.0,0.6307581747128985,0.0016248251282156474,9.153295036291685e-06,32636,0.0011749753980057167,1.0619948530691482e-05,0.05775787818550277
NGC 4486,outer,winsor_3.0,0.6397050991769113,0.0016738352722420287,9.965519938866538e-06,28476,0.0011460072393852778,9.3531816848575e-06,0.058263611174005095
NGC 4486,outer,winsor_3.0,0.648652023640924,0.001772599615560916,1.1336916019740677e-05,24452,0.0011248890442351865,2.6297382089981556e-06,0.05566286831435093
NGC 4486,outer,winsor_3.0,0.6575989481049367,0.0018681501918934363,1.2719022550007829e-05,20564,0.0011165237096492759,8.769549167278098e-06,0.05498567434318351
NGC 4486,outer,winsor_3.0,0.6665458725689495,0.0018913006459800239,1.4556654518187501e-05,16724,0.0011157454996877925,6.950504291900513e-06,0.05635511994678879
NGC 4486,outer,winsor_3.0,0.6754927970329623,0.001921220063208439,1.6755521312296846e-05,12916,0.0011151557989666867,1.0940133972397265e-05,0.05540162864427406
NGC 4486,outer,winsor_3.0,0.6844397214969751,0.0020045764582375027,2.0866134015415545e-05,9188,0.001113776294315019,5.530719067517582e-06,0.0587900907898369
NGC 4486,outer,winsor_3.0,0.6933866459609878,0.0020195152780232567,2.6559204847970578e-05,5540,0.0011151684827539062,1.4003726085967738e-05,0.05918607869145077
NGC 4486,outer,winsor_3.0,0.7023335704250004,0.001955082386652686,4.560296320838004e-05,1872,0.0011036702094415543,5.780302808582292e-06,0.056906397323137896
NGC 4486,outer,winsor_3.5,0.0044734622320063725,121.679997191858,35.38232355898137,1405,0.9037049192775426,0.003906424169896191,6.953550106460656
NGC 4486,outer,winsor_3.5,0.013420386696019117,1.9427317406884987,0.04079278467848217,4216,0.817072021653019,0.003495211663950518,4.35953888101456
NGC 4486,outer,winsor_3.5,0.022367311160031864,1.0623255719050466,0.013276329672591495,6984,0.7396840980606512,0.0035273981074840782,3.411146308369121
NGC 4486,outer,winsor_3.5,0.031314235624044603,0.9154625026671581,0.009402654599704989,9800,0.6804065574655157,0.0010558428048557404,2.7719920779835454
NGC 4486,outer,winsor_3.5,0.04026116008805736,0.7584425795716973,0.0068130984440291815,12576,0.63227370583463,0.0003394570012042278,2.458330932990465
NGC 4486,outer,winsor_3.5,0.0492080845520701,0.6830471848437785,0.005492943332979723,15408,0.5935674700811577,0.0007614598013554482,2.079948943351089
NGC 4486,outer,winsor_3.5,0.058155009016082844,0.6402044893063722,0.004758993061485452,18184,0.5592110471853406,0.0017405983237679906,1.9711935806604186
NGC 4486,outer,winsor_3.5,0.06710193348009559,0.587071715172695,0.004067301644132877,20960,0.5273045224182005,0.001014514007549313,1.9149701054853179
NGC 4486,outer,winsor_3.5,0.07604885794410833,0.5242049381554545,0.0034013151986011414,23784,0.49721098027060046,0.0007840938805908682,1.741643533276321
NGC 4486,outer,winsor_3.5,0.08499578240812108,0.48911921391589425,0.0030222229624659877,26620,0.46713947199254713,0.0003090936497009769,1.6347815463570663
NGC 4486,outer,winsor_3.5,0.09394270687213382,0.4303635796183463,0.0025284624911082586,29424,0.43883809869650625,0.0004970931734136452,1.4913719262073257
NGC 4486,outer,winsor_3.5,0.10288963133614656,0.3939404599584817,0.002169577604426068,32192,0.4110374887563172,0.002105150951438675,1.408141966001847
NGC 4486,outer,winsor_3.5,0.1118365558001593,0.3507620062412875,0.0018989832843758457,34976,0.3849224087937216,0.0014790479668795853,1.3305039287135505
NGC 4486,outer,winsor_3.5,0.12078348026417207,0.3205944691651487,0.0016306920668253694,37780,0.3596823859473238,0.0012854064338759042,1.2269760723069447
NGC 4486,outer,winsor_3.5,0.1297304047281848,0.29234631125972055,0.0014407683080870572,40544,0.33795120472648116,0.0009359634071869845,1.140025603309943
NGC 4486,outer,winsor_3.5,0.13867732919219755,0.26018396916008096,0.0012492811945782841,43408,0.3180019732233115,0.0003106413181058019,1.0502444551710965
NGC 4486,outer,winsor_3.5,0.1476242536562103,0.23745916000417008,0.0011077200431795545,46168,0.29773096007715444,0.0013029040028211451,0.9497555448289035
NGC 4486,outer,winsor_3.5,0.15657117812022303,0.21585856683111437,0.0009762558453398063,48984,0.27921523083347993,0.0011324264068083177,0.8880504603329727
NGC 4486,outer,winsor_3.5,0.16551810258423577,0.19557778857395833,0.0008638135218110825,51772,0.26124148017988075,0.00028598969429647004,0.8059258070688601
NGC 4486,outer,winsor_3.5,0.17446502704824854,0.17738109575695787,0.0007520641164524862,54536,0.24329512044580584,0.0015819368558047677,0.74385502837968
NGC 4486,outer,winsor_3.5,0.18341195151226128,0.15815523624941896,0.0006640347431979127,57456,0.22721000554901863,0.0006290613566843568,0.6756056184709616
NGC 4486,outer,winsor_3.5,0.19235887597627402,0.14273025672807027,0.0005776677362077053,60224,0.21198422323638444,0.000988937906008784,0.6370533535514065
NGC 4486,outer,winsor_3.5,0.20130580044028676,0.1296668802395288,0.000521834199275892,62976,0.1972555952736102,0.000559595569707416,0.5941597403490559
NGC 4486,outer,winsor_3.5,0.2102527249042995,0.11499880087615794,0.00044636559585612036,65728,0.18397165223543155,0.0002211269399364192,0.5313906778271668
NGC 4486,outer,winsor_3.5,0.21919964936831227,0.10319636888160648,0.0003960359144578848,68560,0.17171182788247982,0.0006165243815422924,0.49602864498480037
NGC 4486,outer,winsor_3.5,0.228146573832325,0.09102654665600715,0.0003424678996360178,71328,0.16032422260818657,0.00016350082876773726,0.46656395338317475
NGC 4486,outer,winsor_3.5,0.23709349829633775,0.08203081354849083,0.0003006780917994845,74140,0.15019101090775586,0.00041621943075689186,0.43390431741183205
NGC 4486,outer,winsor_3.5,0.24604042276035049,0.07262782901000367,0.0002633531670723111,77000,0.14146167083683173,0.0004771707763749291,0.3858319810329227
NGC 4486,outer,winsor_3.5,0.2549873472243632,0.0644800510590647,0.00022927963388676942,79804,0.13361630031912491,0.00045639420810391306,0.3602939902362881
NGC 4486,outer,winsor_3.5,0.263934271688376,0.05844350727143212,0.0002032866611530028,82560,0.12688911653079157,0.00044790052720991894,0.3331474330385448
NGC 4486,outer,winsor_3.5,0.2728811961523887,0.05349741986417477,0.00018389235354221255,85392,0.12067192473673459,0.00020905760024234602,0.31691978015604017
NGC 4486,outer,winsor_3.5,0.2818281206164015,0.04723069078162554,0.0001596787078712931,88168,0.11488058749736522,0.0004329402304329785,0.2942688945612988
NGC 4486,outer,winsor_3.5,0.2907750450804142,0.042879589641735986,0.00014303171543518186,90944,0.10967165891792127,0.00046597811365028735,0.2701640105112777
NGC 4486,outer,winsor_3.5,0.299721969544427,0.038457882285678806,0.0001270694071435154,93760,0.10482015762882879,0.00032573605037356553,0.2579083217294031
NGC 4486,outer,winsor_3.5,0.30866889400843966,0.03455856100693155,0.0001126184066933537,96512,0.09986835284444964,0.00021543576899167658,0.24184979798901213
NGC 4486,outer,winsor_3.5,0.31761581847245246,0.030793294433403808,9.893061258717481e-05,99352,0.0949415577114703,0.0005439729433798059,0.2239891091937763
NGC 4486,outer,winsor_3.5,0.32656274293646514,0.027109439366006002,8.574096637184048e-05,102184,0.08976840917575525,0.00047248546273102193,0.20925390093013996
NGC 4486,outer,winsor_3.5,0.33550966740047794,0.02392877589632366,7.517654770568975e-05,104988,0.08478680579133321,0.0002698067742293088,0.19223441426458934
NGC 4486,outer,winsor_3.5,0.34445659186449074,0.02087665629189606,6.448850981057831e-05,107752,0.07954931660312682,0.0003732241297539076,0.18097400995760282
NGC 4486,outer,winsor_3.5,0.3534035163285034,0.01832099845500577,5.6164293284343385e-05,110508,0.07430384444390836,0.0004417165200772282,0.17044377912934894
NGC 4486,outer,winsor_3.5,0.3623504407925162,0.015841250677568065,4.7827224139054025e-05,113344,0.06896126249309051,0.0005202610658942883,0.16110103041624438
NGC 4486,outer,winsor_3.5,0.3712973652565289,0.013723969313367402,4.1072298809451794e-05,116248,0.06362282352095915,0.0003508411398943013,0.14805968214011828
NGC 4486,outer,winsor_3.5,0.3802442897205417,0.01155398515980189,3.4363758077750716e-05,118928,0.05848716177192933,0.00037963676276437226,0.139995644712549
NGC 4486,outer,winsor_3.5,0.3891912141845544,0.009870846188536899,2.8929216038788567e-05,121744,0.053511737714840975,0.0003042991859014086,0.13009873697156898
NGC 4486,outer,winsor_3.5,0.3981381386485672,0.008382523786367103,2.4252058426676323e-05,124528,0.048668860707162795,0.00028272074824714553,0.12211029188130683
NGC 4486,outer,winsor_3.5,0.40708506311257986,0.007055530697510146,2.0261215894692424e-05,127288,0.04422720597918301,0.00027920847047848904,0.11712402437609312
NGC 4486,outer,winsor_3.5,0.41603198757659265,0.005997308745208265,1.6991533205492624e-05,130088,0.04006079309248443,0.00030655061616415664,0.10961148632298277
NGC 4486,outer,winsor_3.5,0.42497891204060534,0.005082813994455465,1.4217698835669117e-05,133108,0.036203053886252064,0.0002542162937258631,0.10491284947452925
NGC 4486,outer,winsor_3.5,0.43392583650461813,0.004242865742416871,1.1639269747007917e-05,135768,0.03272089534391368,0.0002657429626060869,0.10061385614752927
NGC 4486,outer,winsor_3.5,0.44287276096863093,0.0036313901571935745,1.0023654089593895e-05,138528,0.029668601727296,0.0002088076656534158,0.09682447426042468
NGC 4486,outer,winsor_3.5,0.4518196854326436,0.0030838818395799374,8.400148757248716e-06,141288,0.026917176031683476,0.0002389101278698876,0.09389304259917003
NGC 4486,outer,winsor_3.5,0.4607666098966564,0.0026753350251825076,7.264090133155549e-06,144248,0.024511227541776398,0.00026466170867752673,0.08766067803905332
NGC 4486,outer,winsor_3.5,0.4697135343606691,0.0023157516011747315,6.1589260462467604e-06,146844,0.022461181685074157,0.00020918747314425983,0.08513323369550256
NGC 4486,outer,winsor_3.5,0.4786604588246819,0.0020462219085689627,5.4090999118296025e-06,149744,0.020695348639120054,0.00022622168143238453,0.0825799059016931
NGC 4486,outer,winsor_3.5,0.4876073832886946,0.0018509065795039,4.883299184269539e-06,152528,0.01920389285714489,0.0002008280578809093,0.08628034932010269
NGC 4486,outer,winsor_3.5,0.49655430775270737,0.0017443619249788507,5.185938922047407e-06,154400,0.017890790292010617,0.0001808244013719435,0.08062673452223545
NGC 4486,outer,winsor_3.5,0.50550123221672,0.001520829106545751,4.286263681105167e-06,129356,0.013636626641684678,0.0001658601703837105,0.07301847325624582
NGC 4486,outer,winsor_3.5,0.5144481566807328,0.001428173140214339,4.348573294296325e-06,112460,0.010613901123924373,9.193607012231158e-05,0.06954338780030514
NGC 4486,outer,winsor_3.5,0.5233950811447456,0.0013442515137468433,4.38519997586239e-06,101196,0.008470622530054938,9.74282469148892e-05,0.06866615011829619
NGC 4486,outer,winsor_3.5,0.5323420056087583,0.00129387098553085,4.412934703641915e-06,92268,0.006817638392075949,5.014922105744553e-05,0.06576239467348055
NGC 4486,outer,winsor_3.5,0.541288930072771,0.0012980933099634427,4.6435449728025796e-06,84588,0.00551264137937219,5.4717516901920536e-05,0.06404699806272957
NGC 4486,outer,winsor_3.5,0.5502358545367838,0.001296917040716634,4.938445038579256e-06,77804,0.0044590547723323765,2.4401087309039056e-05,0.0632223380371792
NGC 4486,outer,winsor_3.5,0.5591827790007966,0.0012889203001084668,5.1006919076451855e-06,71636,0.003627392737366636,3.334020391123647e-05,0.0629486663052381
NGC 4486,outer,winsor_3.5,0.5681297034648093,0.0013195367506393131,5.391947349738637e-06,65748,0.0029520517425763375,2.781768046557167e-05,0.06299993385417717
NGC 4486,outer,winsor_3.5,0.5770766279288221,0.001316412083563546,5.551011692142475e-06,60388,0.002407458020831081,2.1502263619731406e-05,0.06079262080533016
NGC 4486,outer,winsor_3.5,0.5860235523928348,0.0013944300355337976,6.070785857925265e-06,55168,0.001990778278047689,2.3827965843015166e-05,0.05965167135739054
NGC 4486,outer,winsor_3.5,0.5949704768568476,0.0014293282395278295,6.483409015874243e-06,50428,0.0016821506902468869,1.2391381504699546e-05,0.05940643011146672
NGC 4486,outer,winsor_3.5,0.6039174013208604,0.0014604146097004936,6.842185917070857e-06,45708,0.0014650618453663977,8.040928171360809e-06,0.05779506329059258
NGC 4486,outer,winsor_3.5,0.612864325784873,0.0015659739023408796,7.753298468436794e-06,41236,0.0013246913560067373,1.3371119754462502e-05,0.058185247452465706
NGC 4486,outer,winsor_3.5,0.6218112502488857,0.0016146529903621235,8.476913902492935e-06,36844,0.0012298005270967533,7.665838879017515e-06,0.05689772099850798
NGC 4486,outer,winsor_3.5,0.6307581747128985,0.0016228864809236221,9.125854837954947e-06,32636,0.0011749753980057167,1.0619948530691482e-05,0.05775787818550277
NGC 4486,outer,winsor_3.5,0.6397050991769113,0.0016675394986137237,9.90451656112086e-06,28476,0.0011460072393852778,9.3531816848575e-06,0.058263611174005095
NGC 4486,outer,winsor_3.5,0.648652023640924,0.0017714633566573185,1.1302405478850076e-05,24452,0.0011248890442351865,2.6297382089981556e-06,0.05566286831435093
NGC 4486,outer,winsor_3.5,0.6575989481049367,0.0018623335599831188,1.266387387767102e-05,20564,0.0011165237096492759,8.769549167278098e-06,0.05498567434318351
NGC 4486,outer,winsor_3.5,0.6665458725689495,0.0018895963800740936,1.4641044532821859e-05,16724,0.0011157454996877925,6.950504291900513e-06,0.05635511994678879
NGC 4486,outer,winsor_3.5,0.6754927970329623,0.0019236059277348355,1.669750600212318e-05,12916,0.0011151557989666867,1.0940133972397265e-05,0.05540162864427406
NGC 4486,outer,winsor_3.5,0.6844397214969751,0.0019997898659562924,2.097723120540199e-05,9188,0.001113776294315019,5.530719067517582e-06,0.0587900907898369
NGC 4486,outer,winsor_3.5,0.6933866459609878,0.0020247328278967937,2.6619631479282246e-05,5540,0.0011151684827539062,1.4003726085967738e-05,0.05918607869145077
NGC 4486,outer,winsor_3.5,0.7023335704250004,0.001949881668647368,4.5449805264281395e-05,1872,0.0011036702094415543,5.780302808582292e-06,0.056906397323137896
NGC 4486,outer,winsor_4.0,0.0044734622320063725,121.9147701826307,35.438836203228355,1405,0.9037049192775426,0.003906424169896191,6.953550106460656
NGC 4486,outer,winsor_4.0,0.013420386696019117,1.948400115615713,0.040864415591774325,4216,0.817072021653019,0.003495211663950518,4.35953888101456
NGC 4486,outer,winsor_4.0,0.022367311160031864,1.065143231486063,0.013303954349396708,6984,0.7396840980606512,0.0035273981074840782,3.411146308369121
NGC 4486,outer,winsor_4.0,0.031314235624044603,0.9180686950394523,0.009429106307592435,9800,0.6804065574655157,0.0010558428048557404,2.7719920779835454
NGC 4486,outer,winsor_4.0,0.04026116008805736,0.7605103191891062,0.00683211967449382,12576,0.63227370583463,0.0003394570012042278,2.458330932990465
NGC 4486,outer,winsor_4.0,0.0492080845520701,0.6851086470986675,0.005510873419315305,15408,0.5935674700811577,0.0007614598013554482,2.079948943351089
NGC 4486,outer,winsor_4.0,0.058155009016082844,0.6421011396613512,0.0047723792215085365,18184,0.5592110471853406,0.0017405983237679906,1.9711935806604186
NGC 4486,outer,winsor_4.0,0.06710193348009559,0.5886638569083742,0.004077717353489591,20960,0.5273045224182005,0.001014514007549313,1.9149701054853179
NGC 4486,outer,winsor_4.0,0.07604885794410833,0.5259181289110213,0.0034116233368575006,23784,0.49721098027060046,0.0007840938805908682,1.741643533276321
NGC 4486,outer,winsor_4.0,0.08499578240812108,0.4905442928986559,0.0030316498489296978,26620,0.46713947199254713,0.0003090936497009769,1.6347815463570663
NGC 4486,outer,winsor_4.0,0.09394270687213382,0.4317005145400976,0.0025368698230292023,29424,0.43883809869650625,0.0004970931734136452,1.4913719262073257
NGC 4486,outer,winsor_4.0,0.10288963133614656,0.39525997838149807,0.0021773647651462313,32192,0.4110374887563172,0.002105150951438675,1.408141966001847
NGC 4486,outer,winsor_4.0,0.1118365558001593,0.35192194811959676,0.0019049173610021803,34976,0.3849224087937216,0.0014790479668795853,1.3305039287135505
NGC 4486,outer,winsor_4.0,0.12078348026417207,0.3216637828365098,0.00163606750881892,37780,0.3596823859473238,0.0012854064338759042,1.2269760723069447
NGC 4486,outer,winsor_4.0,0.1297304047281848,0.29329242540413225,0.0014454439067011534,40544,0.33795120472648116,0.0009359634071869845,1.140025603309943
NGC 4486,outer,winsor_4.0,0.13867732919219755,0.26108986921053035,0.0012536135334091317,43408,0.3180019732233115,0.0003106413181058019,1.0502444551710965
NGC 4486,outer,winsor_4.0,0.1476242536562103,0.23825536904854697,0.0011115658150026673,46168,0.29773096007715444,0.0013029040028211451,0.9497555448289035
NGC 4486,outer,winsor_4.0,0.15657117812022303,0.21665443874671683,0.0009801100257854558,48984,0.27921523083347993,0.0011324264068083177,0.8880504603329727
NGC 4486,outer,winsor_4.0,0.16551810258423577,0.19633159362784022,0.0008671744467684038,51772,0.26124148017988075,0.00028598969429647004,0.8059258070688601
NGC 4486,outer,winsor_4.0,0.17446502704824854,0.17808571613529636,0.0007551983462407816,54536,0.24329512044580584,0.0015819368558047677,0.74385502837968
NGC 4486,outer,winsor_4.0,0.18341195151226128,0.15875334308527358,0.0006664647925072053,57456,0.22721000554901863,0.0006290613566843568,0.6756056184709616
NGC 4486,outer,winsor_4.0,0.19235887597627402,0.1433112109110961,0.0005799294315833208,60224,0.21198422323638444,0.000988937906008784,0.6370533535514065
NGC 4486,outer,winsor_4.0,0.20130580044028676,0.13022240605500932,0.0005241026629614893,62976,0.1972555952736102,0.000559595569707416,0.5941597403490559
NGC 4486,outer,winsor_4.0,0.2102527249042995,0.11546088431662342,0.0004480984172284901,65728,0.18397165223543155,0.0002211269399364192,0.5313906778271668
NGC 4486,outer,winsor_4.0,0.21919964936831227,0.10360042234735174,0.00039757076209554523,68560,0.17171182788247982,0.0006165243815422924,0.49602864498480037
NGC 4486,outer,winsor_4.0,0.228146573832325,0.09140188699841538,0.00034386093224428424,71328,0.16032422260818657,0.00016350082876773726,0.46656395338317475
NGC 4486,outer,winsor_4.0,0.23709349829633775,0.08238753789723816,0.00030195322046418785,74140,0.15019101090775586,0.00041621943075689186,0.43390431741183205
NGC 4486,outer,winsor_4.0,0.24604042276035049,0.07291984499206816,0.0002644036614739836,77000,0.14146167083683173,0.0004771707763749291,0.3858319810329227
NGC 4486,outer,winsor_4.0,0.2549873472243632,0.06475046254518199,0.00023024773228136033,79804,0.13361630031912491,0.00045639420810391306,0.3602939902362881
NGC 4486,outer,winsor_4.0,0.263934271688376,0.05868741978664326,0.00020415920316817343,82560,0.12688911653079157,0.00044790052720991894,0.3331474330385448
NGC 4486,outer,winsor_4.0,0.2728811961523887,0.053731208124361836,0.00018465011964533017,85392,0.12067192473673459,0.00020905760024234602,0.31691978015604017
NGC 4486,outer,winsor_4.0,0.2818281206164015,0.04745055195801008,0.00016048957065112403,88168,0.11488058749736522,0.0004329402304329785,0.2942688945612988
NGC 4486,outer,winsor_4.0,0.2907750450804142,0.04307707355614221,0.00014369866244760504,90944,0.10967165891792127,0.00046597811365028735,0.2701640105112777
NGC 4486,outer,winsor_4.0,0.299721969544427,0.038641548414299995,0.00012767153494852538,93760,0.10482015762882879,0.00032573605037356553,0.2579083217294031
NGC 4486,outer,winsor_4.0,0.30866889400843966,0.03472477292974849,0.00011323275590136973,96512,0.09986835284444964,0.00021543576899167658,0.24184979798901213
NGC 4486,outer,winsor_4.0,0.31761581847245246,0.030929505041934903,9.935128532876802e-05,99352,0.0949415577114703,0.0005439729433798059,0.2239891091937763
NGC 4486,outer,winsor_4.0,0.32656274293646514,0.02723771061466453,8.613196358745122e-05,102184,0.08976840917575525,0.00047248546273102193,0.20925390093013996
NGC 4486,outer,winsor_4.0,0.33550966740047794,0.024043611038926244,7.551570773110286e-05,104988,0.08478680579133321,0.0002698067742293088,0.19223441426458934
NGC 4486,outer,winsor_4.0,0.34445659186449074,0.020982308425246475,6.480834270364394e-05,107752,0.07954931660312682,0.0003732241297539076,0.18097400995760282
NGC 4486,outer,winsor_4.0,0.3534035163285034,0.01841040773259423,5.641510328190347e-05,110508,0.07430384444390836,0.0004417165200772282,0.17044377912934894
NGC 4486,outer,winsor_4.0,0.3623504407925162,0.015913321168833282,4.8056199833500816e-05,113344,0.06896126249309051,0.0005202610658942883,0.16110103041624438
NGC 4486,outer,winsor_4.0,0.3712973652565289,0.013780885362110083,4.124037008100286e-05,116248,0.06362282352095915,0.0003508411398943013,0.14805968214011828
NGC 4486,outer,winsor_4.0,0.3802442897205417,0.011601129126281817,3.451419026427079e-05,118928,0.05848716177192933,0.00037963676276437226,0.139995644712549
NGC 4486,outer,winsor_4.0,0.3891912141845544,0.009913181759957264,2.904726394776524e-05,121744,0.053511737714840975,0.0003042991859014086,0.13009873697156898
NGC 4486,outer,winsor_4.0,0.3981381386485672,0.008409200334851251,2.4327877709432982e-05,124528,0.048668860707162795,0.00028272074824714553,0.12211029188130683
NGC 4486,outer,winsor_4.0,0.40708506311257986,0.007086088108356394,2.0346985461399273e-05,127288,0.04422720597918301,0.00027920847047848904,0.11712402437609312
NGC 4486,outer,winsor_4.0,0.41603198757659265,0.006018997820304064,1.705646713140567e-05,130088,0.04006079309248443,0.00030655061616415664,0.10961148632298277
NGC 4486,outer,winsor_4.0,0.42497891204060534,0.005098633619565349,1.4263786630417158e-05,133108,0.036203053886252064,0.0002542162937258631,0.10491284947452925
NGC 4486,outer,winsor_4.0,0.43392583650461813,0.0042536046442207655,1.1672558404606843e-05,135768,0.03272089534391368,0.0002657429626060869,0.10061385614752927
NGC 4486,outer,winsor_4.0,0.44287276096863093,0.003639544863659264,1.0043640016516124e-05,138528,0.029668601727296,0.0002088076656534158,0.09682447426042468
NGC 4486,outer,winsor_4.0,0.4518196854326436,0.003088302434804939,8.412668828504607e-06,141288,0.026917176031683476,0.0002389101278698876,0.09389304259917003
NGC 4486,outer,winsor_4.0,0.4607666098966564,0.0026790795048249054,7.271851039770592e-06,144248,0.024511227541776398,0.00026466170867752673,0.08766067803905332
NGC 4486,outer,winsor_4.0,0.4697135343606691,0.0023174195798476523,6.170762258963946e-06,146844,0.022461181685074157,0.00020918747314425983,0.08513323369550256
NGC 4486,outer,winsor_4.0,0.4786604588246819,0.002043354203976746,5.402239863991831e-06,149744,0.020695348639120054,0.00022622168143238453,0.0825799059016931
NGC 4486,outer,winsor_4.0,0.4876073832886946,0.0018475229731398477,4.8763174146123185e-06,152528,0.01920389285714489,0.0002008280578809093,0.08628034932010269
NGC 4486,outer,winsor_4.0,0.49655430775270737,0.0017423342296415737,5.199000776869661e-06,154400,0.017890790292010617,0.0001808244013719435,0.08062673452223545
NGC 4486,outer,winsor_4.0,0.50550123221672,0.0015171710898302338,4.277391474087825e-06,129356,0.013636626641684678,0.0001658601703837105,0.07301847325624582
NGC 4486,outer,winsor_4.0,0.5144481566807328,0.001422991524598423,4.331899291582023e-06,112460,0.010613901123924373,9.193607012231158e-05,0.06954338780030514
NGC 4486,outer,winsor_4.0,0.5233950811447456,0.0013369245179041427,4.3639515410665e-06,101196,0.008470622530054938,9.74282469148892e-05,0.06866615011829619
NGC 4486,outer,winsor_4.0,0.5323420056087583,0.0012906376571011123,4.407319524708667e-06,92268,0.006817638392075949,5.014922105744553e-05,0.06576239467348055
NGC 4486,outer,winsor_4.0,0.541288930072771,0.0012929270476175053,4.633638057624256e-06,84588,0.00551264137937219,5.4717516901920536e-05,0.06404699806272957
NGC 4486,outer,winsor_4.0,0.5502358545367838,0.001290897495654532,4.917514276897171e-06,77804,0.0044590547723323765,2.4401087309039056e-05,0.0632223380371792
NGC 4486,outer,winsor_4.0,0.5591827790007966,0.0012858217098818353,5.080808702835609e-06,71636,0.003627392737366636,3.334020391123647e-05,0.0629486663052381
NGC 4486,outer,winsor_4.0,0.5681297034648093,0.00131522625872573,5.366132474548817e-06,65748,0.0029520517425763375,2.781768046557167e-05,0.06299993385417717
NGC 4486,outer,winsor_4.0,0.5770766279288221,0.0013131613930828182,5.534558511601418e-06,60388,0.002407458020831081,2.1502263619731406e-05,0.06079262080533016
NGC 4486,outer,winsor_4.0,0.5860235523928348,0.00139185138331844,6.062967896019271e-06,55168,0.001990778278047689,2.3827965843015166e-05,0.05965167135739054
NGC 4486,outer,winsor_4.0,0.5949704768568476,0.0014274801702584816,6.477992771638407e-06,50428,0.0016821506902468869,1.2391381504699546e-05,0.05940643011146672
NGC 4486,outer,winsor_4.0,0.6039174013208604,0.0014589549757593162,6.8323856517072985e-06,45708,0.0014650618453663977,8.040928171360809e-06,0.05779506329059258
NGC 4486,outer,winsor_4.0,0.612864325784873,0.0015652693031531287,7.756671737721794e-06,41236,0.0013246913560067373,1.3371119754462502e-05,0.058185247452465706
NGC 4486,outer,winsor_4.0,0.6218112502488857,0.0016139961867192919,8.488252169057515e-06,36844,0.0012298005270967533,7.665838879017515e-06,0.05689772099850798
NGC 4486,outer,winsor_4.0,0.6307581747128985,0.0016144224669781264,9.07122520353499e-06,32636,0.0011749753980057167,1.0619948530691482e-05,0.05775787818550277
NGC 4486,outer,winsor_4.0,0.6397050991769113,0.001666405326234249,9.880818829916833e-06,28476,0.0011460072393852778,9.3531816848575e-06,0.058263611174005095
NGC 4486,outer,winsor_4.0,0.648652023640924,0.0017682684503343522,1.1262945483223143e-05,24452,0.0011248890442351865,2.6297382089981556e-06,0.05566286831435093
NGC 4486,outer,winsor_4.0,0.6575989481049367,0.0018591811495371686,1.262170944910551e-05,20564,0.0011165237096492759,8.769549167278098e-06,0.05498567434318351
NGC 4486,outer,winsor_4.0,0.6665458725689495,0.0018908962382474953,1.4652057977295404e-05,16724,0.0011157454996877925,6.950504291900513e-06,0.05635511994678879
NGC 4486,outer,winsor_4.0,0.6754927970329623,0.0019257114589519167,1.67649007719503e-05,12916,0.0011151557989666867,1.0940133972397265e-05,0.05540162864427406
NGC 4486,outer,winsor_4.0,0.6844397214969751,0.0020022124831822,2.0977620710344085e-05,9188,0.001113776294315019,5.530719067517582e-06,0.0587900907898369
NGC 4486,outer,winsor_4.0,0.6933866459609878,0.002013478152915787,2.638771903057634e-05,5540,0.0011151684827539062,1.4003726085967738e-05,0.05918607869145077
NGC 4486,outer,winsor_4.0,0.7023335704250004,0.0019480719261252735,4.5677660905910074e-05,1872,0.0011036702094415543,5.780302808582292e-06,0.056906397323137896
