schema_version,pipeline_version,target_id,program_id,observation_id,signal_filter,color_filter,record_type,method_id,method_variant,quantity_family,quantity_name,primary_unit,sma,intens,x0_crop,y0_crop,x0_full,y0_full,eps,pa,grad,real_data_frac,sampled_real,sampled_total,pa_unwrap,region_id
sbf-table-2,sbf-3.1,NGC 4306,7763,038,F150W,F115W,07_isophotes:accepted_fitted_points,photutils_multistart_v1,default,accepted_isophote_geometry,accepted_isophote_geometry,mixed_or_not_applicable,10.0,8.09607555026346,1075.1256746061156,2999.0641443457994,1075.1256746061156,3057.0641443457994,0.10081422213122854,1.41924410356701,-0.3249782305891644,1.0,60,60,1.41924410356701,
sbf-table-2,sbf-3.1,NGC 4306,7763,038,F150W,F115W,07_isophotes:accepted_fitted_points,photutils_multistart_v1,default,accepted_isophote_geometry,accepted_isophote_geometry,mixed_or_not_applicable,20.0,7.191283824373145,1070.1859624167691,2997.5223612344157,1070.1859624167691,3055.5223612344157,0.2,2.7170613768723104,-0.08021912088942251,1.0,113,113,2.7170613768723104,
sbf-table-2,sbf-3.1,NGC 4306,7763,038,F150W,F115W,07_isophotes:accepted_fitted_points,photutils_multistart_v1,default,accepted_isophote_geometry,accepted_isophote_geometry,mixed_or_not_applicable,30.0,6.622355502647692,1070.1859624167691,2997.5223612344157,1070.1859624167691,3055.5223612344157,0.2,2.7170613768723104,-0.07437767997444518,1.0,169,169,2.7170613768723104,
sbf-table-2,sbf-3.1,NGC 4306,7763,038,F150W,F115W,07_isophotes:accepted_fitted_points,photutils_multistart_v1,default,accepted_isophote_geometry,accepted_isophote_geometry,mixed_or_not_applicable,40.0,6.084633082472995,1070.1859624167691,2997.5223612344157,1070.1859624167691,3055.5223612344157,0.2,2.7170613768723104,-0.00023361885894224163,1.0,225,225,2.7170613768723104,
sbf-table-2,sbf-3.1,NGC 4306,7763,038,F150W,F115W,07_isophotes:accepted_fitted_points,photutils_multistart_v1,default,accepted_isophote_geometry,accepted_isophote_geometry,mixed_or_not_applicable,50.0,5.522712829602825,1073.1984521908403,2997.872605555451,1073.1984521908403,3055.872605555451,0.03922593940052105,2.435066832760528,-0.01287636101316778,1.0,310,310,2.435066832760528,
sbf-table-2,sbf-3.1,NGC 4306,7763,038,F150W,F115W,07_isophotes:accepted_fitted_points,photutils_multistart_v1,default,accepted_isophote_geometry,accepted_isophote_geometry,mixed_or_not_applicable,60.0,5.471850572518357,1070.1859624167691,2997.5223612344157,1070.1859624167691,3055.5223612344157,0.2,2.7170613768723104,-0.016083914823222134,1.0,338,338,2.7170613768723104,
sbf-table-2,sbf-3.1,NGC 4306,7763,038,F150W,F115W,07_isophotes:accepted_fitted_points,photutils_multistart_v1,default,accepted_isophote_geometry,accepted_isophote_geometry,mixed_or_not_applicable,70.0,4.945479694374888,1070.1859624167691,2997.5223612344157,1070.1859624167691,3055.5223612344157,0.2,2.7170613768723104,-0.030726684640340195,1.0,394,394,2.7170613768723104,
sbf-table-2,sbf-3.1,NGC 4306,7763,038,F150W,F115W,07_isophotes:accepted_fitted_points,photutils_multistart_v1,default,accepted_isophote_geometry,accepted_isophote_geometry,mixed_or_not_applicable,80.0,4.8208363664814105,1073.5247420180965,2994.173866302397,1073.5247420180965,3052.173866302397,0.24603370417043927,2.605839783387295,-0.030636118140632607,1.0,437,437,2.605839783387295,
sbf-table-2,sbf-3.1,NGC 4306,7763,038,F150W,F115W,07_isophotes:accepted_fitted_points,photutils_multistart_v1,default,accepted_isophote_geometry,accepted_isophote_geometry,mixed_or_not_applicable,90.0,4.488388474287271,1076.3923468312805,2998.9505384385293,1076.3923468312805,3056.9505384385293,0.24603370417043927,2.7031090872243513,-0.01654272077731811,1.0,491,491,2.7031090872243513,
sbf-table-2,sbf-3.1,NGC 4306,7763,038,F150W,F115W,07_isophotes:accepted_fitted_points,photutils_multistart_v1,default,accepted_isophote_geometry,accepted_isophote_geometry,mixed_or_not_applicable,100.0,4.2172229541053,1074.7502113236465,2995.448655665912,1074.7502113236465,3053.448655665912,0.24603370417043927,2.7031090872243513,-0.013154451286813449,1.0,546,546,2.7031090872243513,
sbf-table-2,sbf-3.1,NGC 4306,7763,038,F150W,F115W,07_isophotes:accepted_fitted_points,photutils_multistart_v1,default,accepted_isophote_geometry,accepted_isophote_geometry,mixed_or_not_applicable,110.0,4.011142065128138,1073.0259199683187,2998.726644215437,1073.0259199683187,3056.726644215437,0.21617486922407175,2.7031090872243513,-0.025431294297296392,1.0,613,613,2.7031090872243513,
sbf-table-2,sbf-3.1,NGC 4306,7763,038,F150W,F115W,07_isophotes:accepted_fitted_points,photutils_multistart_v1,default,accepted_isophote_geometry,accepted_isophote_geometry,mixed_or_not_applicable,120.0,3.7639880086872504,1071.9325797115694,2999.2393435186723,1071.9325797115694,3057.2393435186723,0.21657322172047866,2.7031090872243513,-0.020092095949465923,1.0,668,668,2.7031090872243513,
sbf-table-2,sbf-3.1,NGC 4306,7763,038,F150W,F115W,07_isophotes:accepted_fitted_points,photutils_multistart_v1,default,accepted_isophote_geometry,accepted_isophote_geometry,mixed_or_not_applicable,130.0,3.603107948433386,1077.2246010693543,2996.9607544954824,1077.2246010693543,3054.9607544954824,0.24710182950160575,2.51966705475196,-0.023288996748567655,1.0,709,709,2.51966705475196,
sbf-table-2,sbf-3.1,NGC 4306,7763,038,F150W,F115W,07_isophotes:accepted_fitted_points,photutils_multistart_v1,default,accepted_isophote_geometry,accepted_isophote_geometry,mixed_or_not_applicable,140.0,3.3897545778371376,1074.3594825370028,2999.0145288285084,1074.3594825370028,3057.0145288285084,0.25490417952427546,2.5497608582170845,-0.01835061241802216,1.0,759,759,2.5497608582170845,
sbf-table-2,sbf-3.1,NGC 4306,7763,038,F150W,F115W,07_isophotes:accepted_fitted_points,photutils_multistart_v1,default,accepted_isophote_geometry,accepted_isophote_geometry,mixed_or_not_applicable,150.0,3.166548310731415,1074.3594825370028,2999.0145288285084,1074.3594825370028,3057.0145288285084,0.22335869702970912,2.7632393022925723,-0.015487584848681143,1.0,832,832,2.7632393022925723,
sbf-table-2,sbf-3.1,NGC 4306,7763,038,F150W,F115W,07_isophotes:accepted_fitted_points,photutils_multistart_v1,default,accepted_isophote_geometry,accepted_isophote_geometry,mixed_or_not_applicable,160.0,3.0544639141447196,1078.9618793630632,2997.1850547569697,1078.9618793630632,3055.1850547569697,0.2503111938355169,2.7632393022925723,-0.01456954694851975,1.0,870,870,2.7632393022925723,
sbf-table-2,sbf-3.1,NGC 4306,7763,038,F150W,F115W,07_isophotes:accepted_fitted_points,photutils_multistart_v1,default,accepted_isophote_geometry,accepted_isophote_geometry,mixed_or_not_applicable,170.0,2.972073918441579,1076.7675818856258,2998.2567065316384,1076.7675818856258,3056.2567065316384,0.2959976317503118,2.7725869952125883,-0.01351396163863048,1.0,894,894,2.7725869952125883,
sbf-table-2,sbf-3.1,NGC 4306,7763,038,F150W,F115W,07_isophotes:accepted_fitted_points,photutils_multistart_v1,default,accepted_isophote_geometry,accepted_isophote_geometry,mixed_or_not_applicable,180.0,2.8543817447882227,1079.500971411005,2996.8517288439098,1079.500971411005,3054.8517288439098,0.2959976317503118,2.6668033984617816,-0.01684393660582215,1.0,947,947,2.6668033984617816,
sbf-table-2,sbf-3.1,NGC 4306,7763,038,F150W,F115W,07_isophotes:accepted_fitted_points,photutils_multistart_v1,default,accepted_isophote_geometry,accepted_isophote_geometry,mixed_or_not_applicable,190.0,2.7362732002794448,1077.267896150715,3000.008672261819,1077.267896150715,3058.008672261819,0.3107931717635979,2.6668033984617816,-0.010272109518293299,1.0,988,988,2.6668033984617816,
sbf-table-2,sbf-3.1,NGC 4306,7763,038,F150W,F115W,07_isophotes:accepted_fitted_points,photutils_multistart_v1,default,accepted_isophote_geometry,accepted_isophote_geometry,mixed_or_not_applicable,200.0,2.4867521323343933,1079.010808972504,2998.1336133164377,1079.010808972504,3056.1336133164377,0.23825267456351007,2.64299976498542,-0.010867971707712963,1.0,1097,1097,2.64299976498542,
sbf-table-2,sbf-3.1,NGC 4306,7763,038,F150W,F115W,07_isophotes:accepted_fitted_points,photutils_multistart_v1,default,accepted_isophote_geometry,accepted_isophote_geometry,mixed_or_not_applicable,210.0,2.3776210524503316,1079.010808972504,2998.1336133164377,1079.010808972504,3056.1336133164377,0.23825267456351007,2.64299976498542,-0.008174595982586403,1.0,1152,1152,2.64299976498542,
sbf-table-2,sbf-3.1,NGC 4306,7763,038,F150W,F115W,07_isophotes:accepted_fitted_points,photutils_multistart_v1,default,accepted_isophote_geometry,accepted_isophote_geometry,mixed_or_not_applicable,220.0,2.2543835986926632,1077.025851208264,2999.2143768341366,1077.025851208264,3057.2143768341366,0.23825267456351007,2.64299976498542,-0.006262566280054777,1.0,1207,1207,2.64299976498542,
sbf-table-2,sbf-3.1,NGC 4306,7763,038,F150W,F115W,07_isophotes:accepted_fitted_points,photutils_multistart_v1,default,accepted_isophote_geometry,accepted_isophote_geometry,mixed_or_not_applicable,230.0,2.3287165491106423,1078.520301248818,3001.959121787761,1078.520301248818,3059.959121787761,0.3100104141463357,2.5822910774304724,-0.0076099788200526776,1.0,1196,1196,2.5822910774304724,
sbf-table-2,sbf-3.1,NGC 4306,7763,038,F150W,F115W,07_isophotes:accepted_fitted_points,photutils_multistart_v1,default,accepted_isophote_geometry,accepted_isophote_geometry,mixed_or_not_applicable,240.0,2.1306862454358204,1078.807445472784,3001.7793761048806,1078.807445472784,3059.7793761048806,0.2482552748572543,2.5822910774304724,-0.007861687674878918,1.0,1307,1307,2.5822910774304724,
sbf-table-2,sbf-3.1,NGC 4306,7763,038,F150W,F115W,07_isophotes:accepted_fitted_points,photutils_multistart_v1,default,accepted_isophote_geometry,accepted_isophote_geometry,mixed_or_not_applicable,250.0,2.103795177682415,1081.3874278937933,2999.647270015727,1081.3874278937933,3057.647270015727,0.27385801645445235,2.6280959354417712,-0.009051381276867127,1.0,1337,1337,2.6280959354417712,
sbf-table-2,sbf-3.1,NGC 4306,7763,038,F150W,F115W,07_isophotes:accepted_fitted_points,photutils_multistart_v1,default,accepted_isophote_geometry,accepted_isophote_geometry,mixed_or_not_applicable,260.0,1.988880997355775,1076.5703649688903,3000.9396392005588,1076.5703649688903,3058.9396392005588,0.26173725957952904,2.6280959354417712,-0.005916643336877461,1.0,1403,1403,2.6280959354417712,
sbf-table-2,sbf-3.1,NGC 4306,7763,038,F150W,F115W,07_isophotes:accepted_fitted_points,photutils_multistart_v1,default,accepted_isophote_geometry,accepted_isophote_geometry,mixed_or_not_applicable,270.0,1.9232355364175424,1078.3805565757264,3004.149434911211,1078.3805565757264,3062.149434911211,0.26173725957952904,2.6280959354417712,-0.005117671385947837,1.0,1457,1457,2.6280959354417712,
sbf-table-2,sbf-3.1,NGC 4306,7763,038,F150W,F115W,07_isophotes:accepted_fitted_points,photutils_multistart_v1,default,accepted_isophote_geometry,accepted_isophote_geometry,mixed_or_not_applicable,280.0,1.8641660942674345,1078.3805565757264,3004.149434911211,1078.3805565757264,3062.149434911211,0.26173725957952904,2.6280959354417712,-0.006231986145197558,1.0,1510,1510,2.6280959354417712,
sbf-table-2,sbf-3.1,NGC 4306,7763,038,F150W,F115W,07_isophotes:accepted_fitted_points,photutils_multistart_v1,default,accepted_isophote_geometry,accepted_isophote_geometry,mixed_or_not_applicable,290.0,1.827685837335083,1087.4793227641615,2999.0181082874597,1087.4793227641615,3057.0181082874597,0.26173725957952904,2.6870998428621724,-0.004225542345700579,1.0,1564,1564,2.6870998428621724,
sbf-table-2,sbf-3.1,NGC 4306,7763,038,F150W,F115W,07_isophotes:accepted_fitted_points,photutils_multistart_v1,default,accepted_isophote_geometry,accepted_isophote_geometry,mixed_or_not_applicable,300.0,1.7407806423668246,1082.6413601044399,2991.396219840549,1082.6413601044399,3049.396219840549,0.22250957754388762,2.576015707165342,-0.005676090421920306,1.0,1664,1664,2.576015707165342,
sbf-table-2,sbf-3.1,NGC 4306,7763,038,F150W,F115W,07_isophotes:accepted_fitted_points,photutils_multistart_v1,default,accepted_isophote_geometry,accepted_isophote_geometry,mixed_or_not_applicable,310.0,1.7830737641224947,1086.2244572659565,2997.041151143325,1086.2244572659565,3055.041151143325,0.30063339311781034,2.5177266515166368,-0.0052085164635614235,1.0,1624,1624,2.5177266515166368,
sbf-table-2,sbf-3.1,NGC 4306,7763,038,F150W,F115W,07_isophotes:accepted_fitted_points,photutils_multistart_v1,default,accepted_isophote_geometry,accepted_isophote_geometry,mixed_or_not_applicable,320.0,1.7122898128098722,1098.494469247161,2988.908646808797,1098.494469247161,3046.908646808797,0.2921820627864792,2.5549039278338657,-0.00714896103961115,1.0,1688,1688,2.5549039278338657,
sbf-table-2,sbf-3.1,NGC 4306,7763,038,F150W,F115W,07_isophotes:accepted_fitted_points,photutils_multistart_v1,default,accepted_isophote_geometry,accepted_isophote_geometry,mixed_or_not_applicable,330.0,1.7440974694170202,1091.614154479278,2993.482477117728,1091.614154479278,3051.482477117728,0.33630964399904434,2.5549039278338657,-0.007219985851505211,1.0,1680,1680,2.5549039278338657,
sbf-table-2,sbf-3.1,NGC 4306,7763,038,F150W,F115W,07_isophotes:accepted_fitted_points,photutils_multistart_v1,default,accepted_isophote_geometry,accepted_isophote_geometry,mixed_or_not_applicable,340.0,1.664435131462465,1091.614154479278,2993.482477117728,1091.614154479278,3051.482477117728,0.33630964399904434,2.5549039278338657,-0.006232215215931536,1.0,1731,1731,2.5549039278338657,
sbf-table-2,sbf-3.1,NGC 4306,7763,038,F150W,F115W,07_isophotes:accepted_fitted_points,photutils_multistart_v1,default,accepted_isophote_geometry,accepted_isophote_geometry,mixed_or_not_applicable,350.0,1.5268279931502693,1085.9041721021304,3001.0841920655866,1085.9041721021304,3059.0841920655866,0.2913363702244678,2.525165871715062,-0.0054237931795202985,1.0,1847,1847,2.525165871715062,
sbf-table-2,sbf-3.1,NGC 4306,7763,038,F150W,F115W,07_isophotes:accepted_fitted_points,photutils_multistart_v1,default,accepted_isophote_geometry,accepted_isophote_geometry,mixed_or_not_applicable,360.0,1.467228471830471,1079.7557549288626,3005.014036007042,1079.7557549288626,3063.014036007042,0.2917778091613383,2.5047645618579915,-0.004799376340759356,1.0,1899,1899,2.5047645618579915,
sbf-table-2,sbf-3.1,NGC 4306,7763,038,F150W,F115W,07_isophotes:accepted_fitted_points,photutils_multistart_v1,default,accepted_isophote_geometry,accepted_isophote_geometry,mixed_or_not_applicable,370.0,1.3652511035326562,1084.5715429370166,3009.3317624338783,1084.5715429370166,3067.3317624338783,0.24948023445560805,2.407680947867034,-0.003079212814648654,1.0,2013,2013,2.407680947867034,
sbf-table-2,sbf-3.1,NGC 4306,7763,038,F150W,F115W,07_isophotes:accepted_fitted_points,photutils_multistart_v1,default,accepted_isophote_geometry,accepted_isophote_geometry,mixed_or_not_applicable,380.0,1.3217464701367458,1084.5715429370166,3009.3317624338783,1084.5715429370166,3067.3317624338783,0.25314486856114915,2.407680947867034,-0.0028467697952978543,1.0,2062,2062,2.407680947867034,
sbf-table-2,sbf-3.1,NGC 4306,7763,038,F150W,F115W,07_isophotes:accepted_fitted_points,photutils_multistart_v1,default,accepted_isophote_geometry,accepted_isophote_geometry,mixed_or_not_applicable,390.0,1.29493694260216,1084.3287684056045,3010.205249370811,1084.3287684056045,3068.205249370811,0.25314486856114915,2.343981141383706,-0.0038123165485846556,1.0,2117,2117,2.343981141383706,
sbf-table-2,sbf-3.1,NGC 4306,7763,038,F150W,F115W,07_isophotes:accepted_fitted_points,photutils_multistart_v1,default,accepted_isophote_geometry,accepted_isophote_geometry,mixed_or_not_applicable,400.0,1.2585570458641866,1084.3287684056045,3010.205249370811,1084.3287684056045,3068.205249370811,0.25314486856114915,2.2713682105371618,-0.003357458746563402,1.0,2171,2171,2.2713682105371618,
sbf-table-2,sbf-3.1,NGC 4306,7763,038,F150W,F115W,07_isophotes:accepted_fitted_points,photutils_multistart_v1,default,accepted_isophote_geometry,accepted_isophote_geometry,mixed_or_not_applicable,410.0,1.2141041949455313,1082.2483873037058,3010.0900355245662,1082.2483873037058,3068.0900355245662,0.25217968704564353,2.2713682105371618,-0.0031475324951693675,1.0,2227,2227,2.2713682105371618,
sbf-table-2,sbf-3.1,NGC 4306,7763,038,F150W,F115W,07_isophotes:accepted_fitted_points,photutils_multistart_v1,default,accepted_isophote_geometry,accepted_isophote_geometry,mixed_or_not_applicable,420.0,1.1881903096367143,1089.2667072339455,3001.767257045737,1089.2667072339455,3059.767257045737,0.2539705804254384,2.3755645858323895,-0.0024086153977247657,1.0,2278,2278,2.3755645858323895,
sbf-table-2,sbf-3.1,NGC 4306,7763,038,F150W,F115W,07_isophotes:accepted_fitted_points,photutils_multistart_v1,default,accepted_isophote_geometry,accepted_isophote_geometry,mixed_or_not_applicable,430.0,1.2002947762041551,1089.2667072339455,3001.767257045737,1089.2667072339455,3059.767257045737,0.28608423672521305,2.3645579094491014,-0.0031125592621576163,1.0,2278,2278,2.3645579094491014,
sbf-table-2,sbf-3.1,NGC 4306,7763,038,F150W,F115W,07_isophotes:accepted_fitted_points,photutils_multistart_v1,default,accepted_isophote_geometry,accepted_isophote_geometry,mixed_or_not_applicable,440.0,1.1599732072585198,1084.6108644501544,3005.462248769383,1084.6108644501544,3063.462248769383,0.28608423672521305,2.295071737694665,-0.0018671589057776042,1.0,2331,2331,2.295071737694665,
sbf-table-2,sbf-3.1,NGC 4306,7763,038,F150W,F115W,07_isophotes:accepted_fitted_points,photutils_multistart_v1,default,accepted_isophote_geometry,accepted_isophote_geometry,mixed_or_not_applicable,450.0,1.1264686227268754,1088.1706976860498,3008.037042087044,1088.1706976860498,3066.037042087044,0.2777459912092566,2.1969830392351537,-0.001705044702137965,1.0,2399,2399,2.1969830392351537,
sbf-table-2,sbf-3.1,NGC 4306,7763,038,F150W,F115W,07_isophotes:accepted_fitted_points,photutils_multistart_v1,default,accepted_isophote_geometry,accepted_isophote_geometry,mixed_or_not_applicable,460.0,1.085717134762997,1082.1924870843172,3007.871540864357,1082.1924870843172,3065.871540864357,0.2777459912092566,2.2051484508500074,-0.002410794144167196,1.0,2452,2452,2.2051484508500074,
sbf-table-2,sbf-3.1,NGC 4306,7763,038,F150W,F115W,07_isophotes:accepted_fitted_points,photutils_multistart_v1,default,accepted_isophote_geometry,accepted_isophote_geometry,mixed_or_not_applicable,470.0,1.1098282769371584,1088.8778573301909,3001.21841092541,1088.8778573301909,3059.21841092541,0.2777459912092566,2.363547878580363,-0.0040095807200317786,1.0,2505,2505,2.363547878580363,
sbf-table-2,sbf-3.1,NGC 4306,7763,038,F150W,F115W,07_isophotes:accepted_fitted_points,photutils_multistart_v1,default,accepted_isophote_geometry,accepted_isophote_geometry,mixed_or_not_applicable,480.0,1.027838727933393,1088.8778573301909,3001.21841092541,1088.8778573301909,3059.21841092541,0.2777459912092566,2.2368746137541513,-0.003337196922105811,1.0,2559,2559,2.2368746137541513,
sbf-table-2,sbf-3.1,NGC 4306,7763,038,F150W,F115W,07_isophotes:accepted_fitted_points,photutils_multistart_v1,default,accepted_isophote_geometry,accepted_isophote_geometry,mixed_or_not_applicable,490.0,1.0019217129657465,1084.212690699151,3002.933950661581,1084.212690699151,3060.933950661581,0.2777459912092566,2.284267656520811,-0.0035069186697303054,1.0,2612,2612,2.284267656520811,
sbf-table-2,sbf-3.1,NGC 4306,7763,038,F150W,F115W,07_isophotes:accepted_fitted_points,photutils_multistart_v1,default,accepted_isophote_geometry,accepted_isophote_geometry,mixed_or_not_applicable,500.0,0.9856746398455406,1082.5154418652705,3010.4962754400485,1082.5154418652705,3068.4962754400485,0.2777459912092566,2.24502537008673,-0.0036048077414733387,1.0,2665,2665,2.24502537008673,
sbf-table-2,sbf-3.1,NGC 4306,7763,038,F150W,F115W,07_isophotes:accepted_fitted_points,photutils_multistart_v1,default,accepted_isophote_geometry,accepted_isophote_geometry,mixed_or_not_applicable,510.0,0.9539740768625842,1085.681089940524,3012.8473298639456,1085.681089940524,3070.8473298639456,0.28425928082933,2.2095943012780195,-0.003272188380258837,1.0,2705,2705,2.2095943012780195,
sbf-table-2,sbf-3.1,NGC 4306,7763,038,F150W,F115W,07_isophotes:accepted_fitted_points,photutils_multistart_v1,default,accepted_isophote_geometry,accepted_isophote_geometry,mixed_or_not_applicable,520.0,0.9466380160525063,1083.4100735034626,3011.80196873006,1083.4100735034626,3069.80196873006,0.288414095911831,2.1612166065816996,-0.0035682498671070055,1.0,2750,2750,2.1612166065816996,
sbf-table-2,sbf-3.1,NGC 4306,7763,038,F150W,F115W,07_isophotes:accepted_fitted_points,photutils_multistart_v1,default,accepted_isophote_geometry,accepted_isophote_geometry,mixed_or_not_applicable,530.0,0.9015514167744554,1083.4100735034626,3011.80196873006,1083.4100735034626,3069.80196873006,0.288414095911831,2.1612166065816996,-0.0032852821055216106,1.0,2803,2803,2.1612166065816996,
sbf-table-2,sbf-3.1,NGC 4306,7763,038,F150W,F115W,07_isophotes:accepted_fitted_points,photutils_multistart_v1,default,accepted_isophote_geometry,accepted_isophote_geometry,mixed_or_not_applicable,540.0,0.861908592826984,1083.4100735034626,3011.80196873006,1083.4100735034626,3069.80196873006,0.2768705676837778,2.080164002862715,-0.0028107694652326105,1.0,2880,2880,2.080164002862715,
sbf-table-2,sbf-3.1,NGC 4306,7763,038,F150W,F115W,07_isophotes:accepted_fitted_points,photutils_multistart_v1,default,accepted_isophote_geometry,accepted_isophote_geometry,mixed_or_not_applicable,550.0,0.8182464458976539,1080.3620462900078,3015.58995464417,1080.3620462900078,3073.58995464417,0.273467858455102,2.1130824645604993,-0.002089569546607326,1.0,2941,2941,2.1130824645604993,
sbf-table-2,sbf-3.1,NGC 4306,7763,038,F150W,F115W,07_isophotes:accepted_fitted_points,photutils_multistart_v1,default,accepted_isophote_geometry,accepted_isophote_geometry,mixed_or_not_applicable,560.0,0.7952389377028566,1082.3049380130244,3009.1783032845074,1082.3049380130244,3067.1783032845074,0.273467858455102,2.049452171046872,-0.002219998252590094,1.0,2995,2995,2.049452171046872,
sbf-table-2,sbf-3.1,NGC 4306,7763,038,F150W,F115W,07_isophotes:accepted_fitted_points,photutils_multistart_v1,default,accepted_isophote_geometry,accepted_isophote_geometry,mixed_or_not_applicable,570.0,0.768173759737148,1078.7158410880559,3006.258845270532,1078.7158410880559,3064.258845270532,0.27538483931306834,2.0677961242502914,-0.001961583611831626,1.0,3044,3044,2.0677961242502914,
sbf-table-2,sbf-3.1,NGC 4306,7763,038,F150W,F115W,07_isophotes:accepted_fitted_points,photutils_multistart_v1,default,accepted_isophote_geometry,accepted_isophote_geometry,mixed_or_not_applicable,580.0,0.7379276150030639,1078.178604231959,3006.9369443306896,1078.178604231959,3064.9369443306896,0.27538483931306834,2.0559600578664567,-0.0017595601648136656,1.0,3097,3097,2.0559600578664567,
sbf-table-2,sbf-3.1,NGC 4306,7763,038,F150W,F115W,07_isophotes:accepted_fitted_points,photutils_multistart_v1,default,accepted_isophote_geometry,accepted_isophote_geometry,mixed_or_not_applicable,590.0,0.7181832841548813,1078.4332008012325,3007.044745100591,1078.4332008012325,3065.044745100591,0.27538483931306834,1.9713262423818256,-0.0017858020417104424,1.0,3151,3151,1.9713262423818256,
sbf-table-2,sbf-3.1,NGC 4306,7763,038,F150W,F115W,07_isophotes:accepted_fitted_points,photutils_multistart_v1,default,accepted_isophote_geometry,accepted_isophote_geometry,mixed_or_not_applicable,600.0,0.7063596848127249,1083.1364992164722,3008.855734508992,1083.1364992164722,3066.855734508992,0.2726462707370483,1.9400176118944372,-0.0018932718550317101,1.0,3210,3210,1.9400176118944372,
sbf-table-2,sbf-3.1,NGC 4306,7763,038,F150W,F115W,07_isophotes:accepted_fitted_points,photutils_multistart_v1,default,accepted_isophote_geometry,accepted_isophote_geometry,mixed_or_not_applicable,610.0,0.6696505806318235,1084.1551343770886,3009.0646840725635,1084.1551343770886,3067.0646840725635,0.26683164979857815,1.9975270556884037,-0.0015582175317236024,1.0,3278,3278,1.9975270556884037,
sbf-table-2,sbf-3.1,NGC 4306,7763,038,F150W,F115W,07_isophotes:accepted_fitted_points,photutils_multistart_v1,default,accepted_isophote_geometry,accepted_isophote_geometry,mixed_or_not_applicable,620.0,0.6603618421477941,1077.5971297980827,3016.2878794215317,1077.5971297980827,3074.2878794215317,0.27224403457171986,1.9679273585043555,-0.0016897357268576226,1.0,3318,3318,1.9679273585043555,
sbf-table-2,sbf-3.1,NGC 4306,7763,038,F150W,F115W,07_isophotes:accepted_fitted_points,photutils_multistart_v1,default,accepted_isophote_geometry,accepted_isophote_geometry,mixed_or_not_applicable,630.0,0.6270199427451576,1071.039199834928,3013.4585033617145,1071.039199834928,3071.4585033617145,0.25407077119489135,1.9781119677088608,-0.0015302692397682594,1.0,3417,3417,1.9781119677088608,
sbf-table-2,sbf-3.1,NGC 4306,7763,038,F150W,F115W,07_isophotes:accepted_fitted_points,photutils_multistart_v1,default,accepted_isophote_geometry,accepted_isophote_geometry,mixed_or_not_applicable,640.0,0.6426019963182142,1083.6823307020125,3004.449359622992,1083.6823307020125,3062.449359622992,0.27828689191851536,1.983212858263545,-0.0016447021965486674,1.0,3410,3410,1.983212858263545,
sbf-table-2,sbf-3.1,NGC 4306,7763,038,F150W,F115W,07_isophotes:accepted_fitted_points,photutils_multistart_v1,default,accepted_isophote_geometry,accepted_isophote_geometry,mixed_or_not_applicable,650.0,0.6098593753242697,1082.150288154856,3003.77907989283,1082.150288154856,3061.77907989283,0.27828689191851536,1.983212858263545,-0.0015397035964109299,1.0,3463,3463,1.983212858263545,
sbf-table-2,sbf-3.1,NGC 4306,7763,038,F150W,F115W,07_isophotes:accepted_fitted_points,photutils_multistart_v1,default,accepted_isophote_geometry,accepted_isophote_geometry,mixed_or_not_applicable,660.0,0.6010580555701391,1082.7166472987656,3003.1639666800556,1082.7166472987656,3061.1639666800556,0.27828689191851536,1.912910103729971,-0.0016223070520409316,1.0,3517,3517,1.912910103729971,
sbf-table-2,sbf-3.1,NGC 4306,7763,038,F150W,F115W,07_isophotes:accepted_fitted_points,photutils_multistart_v1,default,accepted_isophote_geometry,accepted_isophote_geometry,mixed_or_not_applicable,670.0,0.5791880650006763,1074.2848299156612,3000.1612537206684,1074.2848299156612,3058.1612537206684,0.27615530775131936,1.912910103729971,-0.00141674931809822,1.0,3576,3576,1.912910103729971,
sbf-table-2,sbf-3.1,NGC 4306,7763,038,F150W,F115W,07_isophotes:accepted_fitted_points,photutils_multistart_v1,default,accepted_isophote_geometry,accepted_isophote_geometry,mixed_or_not_applicable,680.0,0.5649079001164881,1068.4203433375237,2998.072810737592,1068.4203433375237,3056.072810737592,0.27615530775131936,1.94777204485284,-0.001383444359136203,1.0,3629,3629,1.94777204485284,
sbf-table-2,sbf-3.1,NGC 4306,7763,038,F150W,F115W,07_isophotes:accepted_fitted_points,photutils_multistart_v1,default,accepted_isophote_geometry,accepted_isophote_geometry,mixed_or_not_applicable,690.0,0.5474904112942393,1066.3751411459493,3000.8042363018208,1066.3751411459493,3058.8042363018208,0.2791768291029979,1.94777204485284,-0.0012089306986251232,1.0,3674,3674,1.94777204485284,
sbf-table-2,sbf-3.1,NGC 4306,7763,038,F150W,F115W,07_isophotes:accepted_fitted_points,photutils_multistart_v1,default,accepted_isophote_geometry,accepted_isophote_geometry,mixed_or_not_applicable,700.0,0.5396045214465296,1078.3562653676595,2997.875772797343,1078.3562653676595,3055.875772797343,0.2791768291029979,1.94777204485284,-0.001201566107194592,1.0,3727,3727,1.94777204485284,
sbf-table-2,sbf-3.1,NGC 4306,7763,038,F150W,F115W,07_isophotes:accepted_fitted_points,photutils_multistart_v1,default,accepted_isophote_geometry,accepted_isophote_geometry,mixed_or_not_applicable,710.0,0.5162370344635839,1070.969430414996,3016.5336276780627,1070.969430414996,3074.5336276780627,0.2791768291029979,1.94777204485284,-0.0009954831805187114,1.0,3781,3781,1.94777204485284,
sbf-table-2,sbf-3.1,NGC 4306,7763,038,F150W,F115W,07_isophotes:accepted_fitted_points,photutils_multistart_v1,default,accepted_isophote_geometry,accepted_isophote_geometry,mixed_or_not_applicable,720.0,0.5065509389252728,1076.5832776257914,3022.1157712337513,1076.5832776257914,3080.1157712337513,0.27877432276083913,1.9412525654582815,-0.0010533965108321971,1.0,3835,3835,1.9412525654582815,
sbf-table-2,sbf-3.1,NGC 4306,7763,038,F150W,F115W,07_isophotes:accepted_fitted_points,photutils_multistart_v1,default,accepted_isophote_geometry,accepted_isophote_geometry,mixed_or_not_applicable,730.0,0.521498448620419,1062.1976786372772,3016.5285753608146,1062.1976786372772,3074.5285753608146,0.3196167136960385,1.9412525654582815,-0.0009347343943137211,1.0,3767,3767,1.9412525654582815,
sbf-table-2,sbf-3.1,NGC 4306,7763,038,F150W,F115W,07_isophotes:accepted_fitted_points,photutils_multistart_v1,default,accepted_isophote_geometry,accepted_isophote_geometry,mixed_or_not_applicable,740.0,0.5138517127471172,1088.0019021984206,3026.5506294650804,1088.0019021984206,3084.5506294650804,0.3196167136960385,1.9412525654582815,-0.000987669957449172,1.0,3819,3819,1.9412525654582815,
sbf-table-2,sbf-3.1,NGC 4306,7763,038,F150W,F115W,07_isophotes:accepted_fitted_points,photutils_multistart_v1,default,accepted_isophote_geometry,accepted_isophote_geometry,mixed_or_not_applicable,750.0,0.4736475534657984,1077.6514274303383,3009.0011679598174,1077.6514274303383,3067.0011679598174,0.2942135631095537,1.9412525654582815,-0.0008931473263218044,1.0,3948,3948,1.9412525654582815,
sbf-table-2,sbf-3.1,NGC 4306,7763,038,F150W,F115W,07_isophotes:accepted_fitted_points,photutils_multistart_v1,default,accepted_isophote_geometry,accepted_isophote_geometry,mixed_or_not_applicable,760.0,0.4737883772498105,1069.3715666189576,3006.7731597264174,1069.3715666189576,3064.7731597264174,0.30029618911912975,1.9412525654582815,-0.0009642440746657824,1.0,3982,3982,1.9412525654582815,
sbf-table-2,sbf-3.1,NGC 4306,7763,038,F150W,F115W,07_isophotes:accepted_fitted_points,photutils_multistart_v1,default,accepted_isophote_geometry,accepted_isophote_geometry,mixed_or_not_applicable,770.0,0.45218111530691774,1078.721356515092,3011.2461748196597,1078.721356515092,3069.2461748196597,0.2797103764248203,1.978340337367083,-0.0007699643304138956,1.0,4098,4098,1.978340337367083,
sbf-table-2,sbf-3.1,NGC 4306,7763,038,F150W,F115W,07_isophotes:accepted_fitted_points,photutils_multistart_v1,default,accepted_isophote_geometry,accepted_isophote_geometry,mixed_or_not_applicable,780.0,0.44286451957808515,1076.6550433732762,3002.7059472455094,1076.6550433732762,3060.7059472455094,0.2797103764248203,1.9036295392266365,-0.0006826190955249958,1.0,4152,4152,1.9036295392266365,
sbf-table-2,sbf-3.1,NGC 4306,7763,038,F150W,F115W,07_isophotes:accepted_fitted_points,photutils_multistart_v1,default,accepted_isophote_geometry,accepted_isophote_geometry,mixed_or_not_applicable,790.0,0.4312898649085658,1076.6550433732762,3002.7059472455094,1076.6550433732762,3060.7059472455094,0.2797103764248203,1.9619393943963368,-0.0005947094583407112,1.0,4205,4205,1.9619393943963368,
sbf-table-2,sbf-3.1,NGC 4306,7763,038,F150W,F115W,07_isophotes:accepted_fitted_points,photutils_multistart_v1,default,accepted_isophote_geometry,accepted_isophote_geometry,mixed_or_not_applicable,800.0,0.43568103860854074,1067.3323195339744,3001.7732105422842,1067.3323195339744,3059.7732105422842,0.2940762534354732,1.9575252150640239,-0.0008683996918055333,1.0,4212,4212,1.9575252150640239,
sbf-table-2,sbf-3.1,NGC 4306,7763,038,F150W,F115W,07_isophotes:accepted_fitted_points,photutils_multistart_v1,default,accepted_isophote_geometry,accepted_isophote_geometry,mixed_or_not_applicable,810.0,0.4286865297185713,1072.8624927017358,3003.876851886192,1072.8624927017358,3061.876851886192,0.2940762534354732,1.9342870480172816,-0.0007220614784667341,1.0,4265,4265,1.9342870480172816,
sbf-table-2,sbf-3.1,NGC 4306,7763,038,F150W,F115W,07_isophotes:accepted_fitted_points,photutils_multistart_v1,default,accepted_isophote_geometry,accepted_isophote_geometry,mixed_or_not_applicable,820.0,0.4108581082559141,1072.0313234285645,3003.560680584898,1072.0313234285645,3061.560680584898,0.2940762534354732,1.9342870480172816,-0.0006766739698071718,1.0,4317,4317,1.9342870480172816,
sbf-table-2,sbf-3.1,NGC 4306,7763,038,F150W,F115W,07_isophotes:accepted_fitted_points,photutils_multistart_v1,default,accepted_isophote_geometry,accepted_isophote_geometry,mixed_or_not_applicable,830.0,0.4106383936602246,1073.4970218509459,3004.1182225832204,1073.4970218509459,3062.1182225832204,0.3060250944923873,1.9342870480172816,-0.0007347412065213869,1.0,4330,4330,1.9342870480172816,
sbf-table-2,sbf-3.1,NGC 4306,7763,038,F150W,F115W,07_isophotes:accepted_fitted_points,photutils_multistart_v1,default,accepted_isophote_geometry,accepted_isophote_geometry,mixed_or_not_applicable,840.0,0.39482157856573574,1089.4686294344253,3010.1937166088214,1089.4686294344253,3068.1937166088214,0.28619825768867374,1.9342870480172816,-0.0008114919289148307,1.0,4449,4449,1.9342870480172816,
sbf-table-2,sbf-3.1,NGC 4306,7763,038,F150W,F115W,07_isophotes:accepted_fitted_points,photutils_multistart_v1,default,accepted_isophote_geometry,accepted_isophote_geometry,mixed_or_not_applicable,850.0,0.37722807556015997,1087.842454815976,3009.575130525527,1087.842454815976,3067.575130525527,0.262571195856953,1.9342870480172816,-0.0007052270524332595,1.0,4582,4582,1.9342870480172816,
sbf-table-2,sbf-3.1,NGC 4306,7763,038,F150W,F115W,07_isophotes:accepted_fitted_points,photutils_multistart_v1,default,accepted_isophote_geometry,accepted_isophote_geometry,mixed_or_not_applicable,860.0,0.37497712151741747,1086.3869975722391,3008.076640463906,1086.3869975722391,3066.076640463906,0.27476402771889447,1.9342870480172816,-0.000765297315095311,1.0,4594,4594,1.9342870480172816,
sbf-table-2,sbf-3.1,NGC 4306,7763,038,F150W,F115W,07_isophotes:accepted_fitted_points,photutils_multistart_v1,default,accepted_isophote_geometry,accepted_isophote_geometry,mixed_or_not_applicable,870.0,0.38429293847857593,1086.3869975722391,3008.076640463906,1086.3869975722391,3066.076640463906,0.31376835396294916,1.9342870480172816,-0.0007863414463541281,1.0,4511,4511,1.9342870480172816,
sbf-table-2,sbf-3.1,NGC 4306,7763,038,F150W,F115W,07_isophotes:accepted_fitted_points,photutils_multistart_v1,default,accepted_isophote_geometry,accepted_isophote_geometry,mixed_or_not_applicable,880.0,0.3542410546646875,1086.3869975722391,3008.076640463906,1086.3869975722391,3066.076640463906,0.2809092266270452,1.9342870480172816,-0.000616915729430053,1.0,4680,4680,1.9342870480172816,
sbf-table-2,sbf-3.1,NGC 4306,7763,038,F150W,F115W,07_isophotes:accepted_fitted_points,photutils_multistart_v1,default,accepted_isophote_geometry,accepted_isophote_geometry,mixed_or_not_applicable,890.0,0.35102633445989184,1089.41176682403,3009.2832114882076,1089.41176682403,3067.2832114882076,0.28314864404954554,1.950351378813728,-0.000568700761560434,1.0,4725,4725,1.950351378813728,
sbf-table-2,sbf-3.1,NGC 4306,7763,038,F150W,F115W,07_isophotes:accepted_fitted_points,photutils_multistart_v1,default,accepted_isophote_geometry,accepted_isophote_geometry,mixed_or_not_applicable,900.0,0.34842819430901917,1090.53164699434,3009.729928196725,1090.53164699434,3067.729928196725,0.2948829269295148,1.950351378813728,-0.0006308327290448254,1.0,4735,4735,1.950351378813728,
sbf-table-2,sbf-3.1,NGC 4306,7763,038,F150W,F115W,07_isophotes:accepted_fitted_points,photutils_multistart_v1,default,accepted_isophote_geometry,accepted_isophote_geometry,mixed_or_not_applicable,910.0,0.3431063392938703,1087.04923565316,3008.340805169744,1087.04923565316,3066.340805169744,0.2953503473531759,1.950351378813728,-0.0005979505794371097,1.0,4632,4632,1.950351378813728,
sbf-table-2,sbf-3.1,NGC 4306,7763,038,F150W,F115W,07_isophotes:accepted_fitted_points,photutils_multistart_v1,default,accepted_isophote_geometry,accepted_isophote_geometry,mixed_or_not_applicable,920.0,0.32753909560520555,1068.7694253671925,3001.049045837122,1068.7694253671925,3059.049045837122,0.28231880135569043,1.950351378813728,-0.0005786012756970906,1.0,4570,4570,1.950351378813728,
sbf-table-2,sbf-3.1,NGC 4306,7763,038,F150W,F115W,07_isophotes:accepted_fitted_points,photutils_multistart_v1,default,accepted_isophote_geometry,accepted_isophote_geometry,mixed_or_not_applicable,930.0,0.33628554585089165,1073.9136215852043,3026.998809507069,1073.9136215852043,3084.998809507069,0.29450512950075186,1.950351378813728,-0.0006391282127470685,1.0,4729,4729,1.950351378813728,
sbf-table-2,sbf-3.1,NGC 4306,7763,038,F150W,F115W,07_isophotes:accepted_fitted_points,photutils_multistart_v1,default,accepted_isophote_geometry,accepted_isophote_geometry,mixed_or_not_applicable,940.0,0.339239687038015,1079.70535994086,3012.479422135945,1079.70535994086,3070.479422135945,0.3229980259033038,1.950351378813728,-0.0005519915629382331,1.0,4508,4508,1.950351378813728,
sbf-table-2,sbf-3.1,NGC 4306,7763,038,F150W,F115W,07_isophotes:accepted_fitted_points,photutils_multistart_v1,default,accepted_isophote_geometry,accepted_isophote_geometry,mixed_or_not_applicable,950.0,0.3192511097075629,1083.1441911560817,3003.8585695608353,1083.1441911560817,3061.8585695608353,0.30264406848432784,1.9758936402099476,-0.0006275787929538961,1.0,4541,4541,1.9758936402099476,
sbf-table-2,sbf-3.1,NGC 4306,7763,038,F150W,F115W,07_isophotes:accepted_fitted_points,photutils_multistart_v1,default,accepted_isophote_geometry,accepted_isophote_geometry,mixed_or_not_applicable,960.0,0.3297132145533944,1071.8245546258213,2999.4196602680463,1071.8245546258213,3057.4196602680463,0.32179062497236016,1.9445106007038593,-0.0006653413303613474,1.0,4451,4451,1.9445106007038593,
sbf-table-2,sbf-3.1,NGC 4306,7763,038,F150W,F115W,07_isophotes:accepted_fitted_points,photutils_multistart_v1,default,accepted_isophote_geometry,accepted_isophote_geometry,mixed_or_not_applicable,970.0,0.311801498423571,1080.3212663069626,3012.420960048837,1080.3212663069626,3070.420960048837,0.3109139009759749,1.9300377168135243,-0.0006144763525591235,1.0,4536,4536,1.9300377168135243,
sbf-table-2,sbf-3.1,NGC 4306,7763,038,F150W,F115W,07_isophotes:accepted_fitted_points,photutils_multistart_v1,default,accepted_isophote_geometry,accepted_isophote_geometry,mixed_or_not_applicable,980.0,0.31176927959903655,1079.1567676883753,3004.01992154595,1079.1567676883753,3062.01992154595,0.314116316572413,1.9300377168135243,-0.0006185305906497743,1.0,4506,4506,1.9300377168135243,
sbf-table-2,sbf-3.1,NGC 4306,7763,038,F150W,F115W,07_isophotes:accepted_fitted_points,photutils_multistart_v1,default,accepted_isophote_geometry,accepted_isophote_geometry,mixed_or_not_applicable,990.0,0.3092889628045689,1079.1065520591842,3010.0109014638806,1079.1065520591842,3068.0109014638806,0.32149832747194634,1.9090634265094675,-0.0006644912488424224,1.0,4508,4508,1.9090634265094675,
sbf-table-2,sbf-3.1,NGC 4306,7763,038,F150W,F115W,07_isophotes:accepted_fitted_points,photutils_multistart_v1,default,accepted_isophote_geometry,accepted_isophote_geometry,mixed_or_not_applicable,1000.0,0.3043315037125657,1085.2677912030974,3011.627445904046,1085.2677912030974,3069.627445904046,0.33503650301923393,1.9349764409686676,-0.0005645424166903784,1.0,4497,4497,1.9349764409686676,
sbf-table-2,sbf-3.1,NGC 4306,7763,038,F150W,F115W,07_isophotes:accepted_fitted_points,photutils_multistart_v1,default,accepted_isophote_geometry,accepted_isophote_geometry,mixed_or_not_applicable,1010.0,0.3038467509979509,1081.6644626002214,3004.5439338835085,1081.6644626002214,3062.5439338835085,0.3382488536123877,1.9019347327588436,-0.0006198527077916355,1.0,4467,4467,1.9019347327588436,
sbf-table-2,sbf-3.1,NGC 4306,7763,038,F150W,F115W,07_isophotes:accepted_fitted_points,photutils_multistart_v1,default,accepted_isophote_geometry,accepted_isophote_geometry,mixed_or_not_applicable,1020.0,0.2988115675597439,1082.8826851344377,3011.549007055921,1082.8826851344377,3069.549007055921,0.3382488536123877,1.8689436749442478,-0.0006442766982045377,1.0,4492,4492,1.8689436749442478,
sbf-table-2,sbf-3.1,NGC 4306,7763,038,F150W,F115W,07_isophotes:accepted_fitted_points,photutils_multistart_v1,default,accepted_isophote_geometry,accepted_isophote_geometry,mixed_or_not_applicable,1030.0,0.30071880321057004,1081.5975314562966,3015.7489523262357,1081.5975314562966,3073.7489523262357,0.35874816749755595,1.9241850882325218,-0.0005522444412162488,1.0,4482,4482,1.9241850882325218,
sbf-table-2,sbf-3.1,NGC 4306,7763,038,F150W,F115W,07_isophotes:accepted_fitted_points,photutils_multistart_v1,default,accepted_isophote_geometry,accepted_isophote_geometry,mixed_or_not_applicable,1040.0,0.28796494273746387,1065.9170851902736,3027.8343126797668,1065.9170851902736,3085.8343126797668,0.3448014114957864,1.9241850882325218,-0.0005923120074304857,1.0,4581,4581,1.9241850882325218,
sbf-table-2,sbf-3.1,NGC 4306,7763,038,F150W,F115W,07_isophotes:accepted_fitted_points,photutils_multistart_v1,default,accepted_isophote_geometry,accepted_isophote_geometry,mixed_or_not_applicable,1050.0,0.25223956563999156,1084.8428734784254,3012.874982022254,1084.8428734784254,3070.874982022254,0.2856762447545914,1.9241850882325218,-0.0003542125304282408,1.0,5000,5000,1.9241850882325218,
sbf-table-2,sbf-3.1,NGC 4306,7763,038,F150W,F115W,07_isophotes:accepted_fitted_points,photutils_multistart_v1,default,accepted_isophote_geometry,accepted_isophote_geometry,mixed_or_not_applicable,1060.0,0.25356989867243385,1077.1911745646032,3033.618400983001,1077.1911745646032,3091.618400983001,0.2996427760737699,1.9241850882325218,-0.0005056003906040922,1.0,4915,4915,1.9241850882325218,
sbf-table-2,sbf-3.1,NGC 4306,7763,038,F150W,F115W,07_isophotes:accepted_fitted_points,photutils_multistart_v1,default,accepted_isophote_geometry,accepted_isophote_geometry,mixed_or_not_applicable,1070.0,0.24585139843205217,1063.8769504742077,3028.7071356701977,1063.8769504742077,3086.7071356701977,0.2996427760737699,1.9241850882325218,-0.0004390406486304129,1.0,5063,5063,1.9241850882325218,
sbf-table-2,sbf-3.1,NGC 4306,7763,038,F150W,F115W,07_isophotes:accepted_fitted_points,photutils_multistart_v1,default,accepted_isophote_geometry,accepted_isophote_geometry,mixed_or_not_applicable,1080.0,0.23875178361922433,1085.3010370630027,3003.978946002436,1085.3010370630027,3061.978946002436,0.2996427760737699,1.9241850882325218,-0.00042305519820988794,1.0,5224,5224,1.9241850882325218,
sbf-table-2,sbf-3.1,NGC 4306,7763,038,F150W,F115W,07_isophotes:accepted_fitted_points,photutils_multistart_v1,default,accepted_isophote_geometry,accepted_isophote_geometry,mixed_or_not_applicable,1090.0,0.23632755747535797,1081.8641379469072,3013.2962282287663,1081.8641379469072,3071.2962282287663,0.2996427760737699,1.9884025176054525,-0.0004930221665060148,1.0,5238,5238,1.9884025176054525,
sbf-table-2,sbf-3.1,NGC 4306,7763,038,F150W,F115W,07_isophotes:accepted_fitted_points,photutils_multistart_v1,default,accepted_isophote_geometry,accepted_isophote_geometry,mixed_or_not_applicable,1100.0,0.22820268845435268,1082.375258587627,3012.114082344054,1082.375258587627,3070.114082344054,0.3038919114816631,1.937894090846016,-0.00040266720277788514,1.0,5322,5322,1.937894090846016,
sbf-table-2,sbf-3.1,NGC 4306,7763,038,F150W,F115W,07_isophotes:accepted_fitted_points,photutils_multistart_v1,default,accepted_isophote_geometry,accepted_isophote_geometry,mixed_or_not_applicable,1110.0,0.22609278454017484,1061.6934493495887,3026.3856958506435,1061.6934493495887,3084.3856958506435,0.30118270379547946,1.969017796387763,-0.0004156961385655356,1.0,5361,5361,1.969017796387763,
sbf-table-2,sbf-3.1,NGC 4306,7763,038,F150W,F115W,07_isophotes:accepted_fitted_points,photutils_multistart_v1,default,accepted_isophote_geometry,accepted_isophote_geometry,mixed_or_not_applicable,1120.0,0.2060006068768702,1087.6507728839304,3037.305898817903,1087.6507728839304,3095.305898817903,0.26585698935309904,2.0246376085452837,-0.00037643833997358893,1.0,5524,5524,2.0246376085452837,
sbf-table-2,sbf-3.1,NGC 4306,7763,038,F150W,F115W,07_isophotes:accepted_fitted_points,photutils_multistart_v1,default,accepted_isophote_geometry,accepted_isophote_geometry,mixed_or_not_applicable,1130.0,0.20626592143652947,1077.5081884532615,3032.358330806135,1077.5081884532615,3090.358330806135,0.26585698935309904,2.0246376085452837,-0.0003919273752504707,1.0,5607,5607,2.0246376085452837,
sbf-table-2,sbf-3.1,NGC 4306,7763,038,F150W,F115W,07_isophotes:accepted_fitted_points,photutils_multistart_v1,default,accepted_isophote_geometry,accepted_isophote_geometry,mixed_or_not_applicable,1140.0,0.20136623964848693,1077.5081884532615,3032.358330806135,1077.5081884532615,3090.358330806135,0.26585698935309904,2.0650667612413236,-0.00034741069774732187,1.0,5652,5652,2.0650667612413236,
sbf-table-2,sbf-3.1,NGC 4306,7763,038,F150W,F115W,07_isophotes:accepted_fitted_points,photutils_multistart_v1,default,accepted_isophote_geometry,accepted_isophote_geometry,mixed_or_not_applicable,1150.0,0.19418599316157115,1086.3228168522182,3011.84135891387,1086.3228168522182,3069.84135891387,0.26585698935309904,1.976578861528237,-0.0002907269884678113,1.0,5785,5785,1.976578861528237,
sbf-table-2,sbf-3.1,NGC 4306,7763,038,F150W,F115W,07_isophotes:accepted_fitted_points,photutils_multistart_v1,default,accepted_isophote_geometry,accepted_isophote_geometry,mixed_or_not_applicable,1160.0,0.18426045638340058,1088.6640248853234,3033.834036278529,1088.6640248853234,3091.834036278529,0.2578532023959662,1.9582483155373849,-0.0002724547088629679,1.0,5865,5865,1.9582483155373849,
sbf-table-2,sbf-3.1,NGC 4306,7763,038,F150W,F115W,07_isophotes:accepted_fitted_points,photutils_multistart_v1,default,accepted_isophote_geometry,accepted_isophote_geometry,mixed_or_not_applicable,1170.0,0.1868769817823326,1077.8365191317846,3029.4155532937657,1077.8365191317846,3087.4155532937657,0.2613854555067213,1.9729053943106627,-0.00023701126599069756,1.0,5912,5912,1.9729053943106627,
sbf-table-2,sbf-3.1,NGC 4306,7763,038,F150W,F115W,07_isophotes:accepted_fitted_points,photutils_multistart_v1,default,accepted_isophote_geometry,accepted_isophote_geometry,mixed_or_not_applicable,1180.0,0.1803750524295158,1071.400196990976,3043.569558648038,1071.400196990976,3101.569558648038,0.2613854555067213,1.909900166088808,-0.00028233240197836725,1.0,5596,5596,1.909900166088808,
sbf-table-2,sbf-3.1,NGC 4306,7763,038,F150W,F115W,07_isophotes:accepted_fitted_points,photutils_multistart_v1,default,accepted_isophote_geometry,accepted_isophote_geometry,mixed_or_not_applicable,1190.0,0.18423734340986186,1068.5538731790043,3019.875752073962,1068.5538731790043,3077.875752073962,0.275917190741301,2.036336380427519,-0.00029903961709677377,1.0,5964,5964,2.036336380427519,
sbf-table-2,sbf-3.1,NGC 4306,7763,038,F150W,F115W,07_isophotes:accepted_fitted_points,photutils_multistart_v1,default,accepted_isophote_geometry,accepted_isophote_geometry,mixed_or_not_applicable,1200.0,0.17977737721395384,1069.7912579816245,3024.683795423779,1069.7912579816245,3082.683795423779,0.2878685692093539,2.046984298609319,-0.000273660374480471,1.0,5963,5963,2.046984298609319,
sbf-table-2,sbf-3.1,NGC 4306,7763,038,F150W,F115W,07_isophotes:accepted_fitted_points,photutils_multistart_v1,default,accepted_isophote_geometry,accepted_isophote_geometry,mixed_or_not_applicable,1210.0,0.17228019721432108,1085.5028963805619,3050.6939496087734,1085.5028963805619,3108.6939496087734,0.26274853155165667,1.9387603431801785,-0.000320222377282226,1.0,5563,5563,1.9387603431801785,
sbf-table-2,sbf-3.1,NGC 4306,7763,038,F150W,F115W,07_isophotes:accepted_fitted_points,photutils_multistart_v1,default,accepted_isophote_geometry,accepted_isophote_geometry,mixed_or_not_applicable,1220.0,0.16797582662794078,1082.0510110149378,3030.6336771537394,1082.0510110149378,3088.6336771537394,0.26274853155165667,1.981874782732744,-0.0002630996162680933,1.0,5736,5736,1.981874782732744,
sbf-table-2,sbf-3.1,NGC 4306,7763,038,F150W,F115W,07_isophotes:accepted_fitted_points,photutils_multistart_v1,default,accepted_isophote_geometry,accepted_isophote_geometry,mixed_or_not_applicable,1230.0,0.16171804809877935,1049.2074470024438,3067.6021263339794,1049.2074470024438,3125.6021263339794,0.2524534826409105,1.9902807268663252,-0.00029547935765738046,1.0,5534,5534,1.9902807268663252,
sbf-table-2,sbf-3.1,NGC 4306,7763,038,F150W,F115W,07_isophotes:accepted_fitted_points,photutils_multistart_v1,default,accepted_isophote_geometry,accepted_isophote_geometry,mixed_or_not_applicable,1240.0,0.16116791687672494,1058.1231980350808,3059.2202477558176,1058.1231980350808,3117.2202477558176,0.2524534826409105,1.9854376343226579,-0.0002774780689071731,1.0,5589,5589,1.9854376343226579,
sbf-table-2,sbf-3.1,NGC 4306,7763,038,F150W,F115W,07_isophotes:accepted_fitted_points,photutils_multistart_v1,default,accepted_isophote_geometry,accepted_isophote_geometry,mixed_or_not_applicable,1250.0,0.16172284103808665,1068.8345364408126,3061.933020827491,1068.8345364408126,3119.933020827491,0.26683188153697907,1.9606535353561672,-0.00030188632456103036,1.0,5535,5535,1.9606535353561672,
sbf-table-2,sbf-3.1,NGC 4306,7763,038,F150W,F115W,07_isophotes:accepted_fitted_points,photutils_multistart_v1,default,accepted_isophote_geometry,accepted_isophote_geometry,mixed_or_not_applicable,1260.0,0.16283638906369688,1069.4695033144678,3072.6436453814977,1069.4695033144678,3130.6436453814977,0.26683188153697907,1.9577522253098443,-0.0002988068407487508,1.0,5504,5504,1.9577522253098443,
sbf-table-2,sbf-3.1,NGC 4306,7763,038,F150W,F115W,07_isophotes:accepted_fitted_points,photutils_multistart_v1,default,accepted_isophote_geometry,accepted_isophote_geometry,mixed_or_not_applicable,1270.0,0.15753281205480957,1069.4695033144678,3072.6436453814977,1069.4695033144678,3130.6436453814977,0.26683188153697907,1.9577522253098443,-0.00026431432355073403,1.0,5522,5522,1.9577522253098443,
sbf-table-2,sbf-3.1,NGC 4306,7763,038,F150W,F115W,07_isophotes:accepted_fitted_points,photutils_multistart_v1,default,accepted_isophote_geometry,accepted_isophote_geometry,mixed_or_not_applicable,1280.0,0.1540846164605968,1069.4695033144678,3072.6436453814977,1069.4695033144678,3130.6436453814977,0.26683188153697907,1.9577522253098443,-0.0002726999749217293,1.0,5379,5379,1.9577522253098443,
sbf-table-2,sbf-3.1,NGC 4306,7763,038,F150W,F115W,07_isophotes:accepted_fitted_points,photutils_multistart_v1,default,accepted_isophote_geometry,accepted_isophote_geometry,mixed_or_not_applicable,1290.0,0.1507333555390068,1069.4695033144678,3072.6436453814977,1069.4695033144678,3130.6436453814977,0.26683188153697907,1.9577522253098443,-0.0002586882904644304,1.0,5223,5223,1.9577522253098443,
sbf-table-2,sbf-3.1,NGC 4306,7763,038,F150W,F115W,07_isophotes:accepted_fitted_points,photutils_multistart_v1,default,accepted_isophote_geometry,accepted_isophote_geometry,mixed_or_not_applicable,1300.0,0.14901764042136428,1069.4695033144678,3072.6436453814977,1069.4695033144678,3130.6436453814977,0.26683188153697907,1.9577522253098443,-0.00021677622613795392,1.0,5138,5138,1.9577522253098443,
sbf-table-2,sbf-3.1,NGC 4306,7763,038,F150W,F115W,07_isophotes:accepted_fitted_points,photutils_multistart_v1,default,accepted_isophote_geometry,accepted_isophote_geometry,mixed_or_not_applicable,1310.0,0.14560745216560522,1069.4695033144678,3072.6436453814977,1069.4695033144678,3130.6436453814977,0.26683188153697907,1.9577522253098443,-0.0002296457587619228,1.0,5063,5063,1.9577522253098443,
sbf-table-2,sbf-3.1,NGC 4306,7763,038,F150W,F115W,07_isophotes:accepted_fitted_points,photutils_multistart_v1,default,accepted_isophote_geometry,accepted_isophote_geometry,mixed_or_not_applicable,1320.0,0.1484272150647128,1069.4695033144678,3072.6436453814977,1069.4695033144678,3130.6436453814977,0.26683188153697907,1.9577522253098443,-0.00027917360613639294,1.0,5012,5012,1.9577522253098443,
sbf-table-2,sbf-3.1,NGC 4306,7763,038,F150W,F115W,07_isophotes:accepted_fitted_points,photutils_multistart_v1,default,accepted_isophote_geometry,accepted_isophote_geometry,mixed_or_not_applicable,1330.0,0.1435683928332848,1069.4695033144678,3072.6436453814977,1069.4695033144678,3130.6436453814977,0.26683188153697907,1.9577522253098443,-0.00026938081705942825,1.0,4960,4960,1.9577522253098443,
sbf-table-2,sbf-3.1,NGC 4306,7763,038,F150W,F115W,07_isophotes:accepted_fitted_points,photutils_multistart_v1,default,accepted_isophote_geometry,accepted_isophote_geometry,mixed_or_not_applicable,1340.0,0.13670972188155897,1069.4695033144678,3072.6436453814977,1069.4695033144678,3130.6436453814977,0.26683188153697907,1.9577522253098443,-0.00024564087869123857,1.0,4734,4734,1.9577522253098443,
sbf-table-2,sbf-3.1,NGC 4306,7763,038,F150W,F115W,07_isophotes:accepted_fitted_points,photutils_multistart_v1,default,accepted_isophote_geometry,accepted_isophote_geometry,mixed_or_not_applicable,1350.0,0.13116985010665738,1069.4695033144678,3072.6436453814977,1069.4695033144678,3130.6436453814977,0.26683188153697907,1.9577522253098443,-0.00022430192374871515,1.0,4528,4528,1.9577522253098443,
sbf-table-2,sbf-3.1,NGC 4306,7763,038,F150W,F115W,07_isophotes:accepted_fitted_points,photutils_multistart_v1,default,accepted_isophote_geometry,accepted_isophote_geometry,mixed_or_not_applicable,1360.0,0.13316741082697042,1069.4695033144678,3072.6436453814977,1069.4695033144678,3130.6436453814977,0.26683188153697907,1.9577522253098443,-0.000267124393477925,1.0,4382,4382,1.9577522253098443,
sbf-table-2,sbf-3.1,NGC 4306,7763,038,F150W,F115W,07_isophotes:accepted_fitted_points,photutils_multistart_v1,default,accepted_isophote_geometry,accepted_isophote_geometry,mixed_or_not_applicable,1370.0,0.12407033316287064,1069.4695033144678,3072.6436453814977,1069.4695033144678,3130.6436453814977,0.26683188153697907,1.9577522253098443,-0.00019216685927594257,1.0,4254,4254,1.9577522253098443,
sbf-table-2,sbf-3.1,NGC 4306,7763,038,F150W,F115W,07_isophotes:accepted_fitted_points,photutils_multistart_v1,default,accepted_isophote_geometry,accepted_isophote_geometry,mixed_or_not_applicable,1380.0,0.12668437712343192,1069.4695033144678,3072.6436453814977,1069.4695033144678,3130.6436453814977,0.26683188153697907,1.9577522253098443,-0.00027794996330928715,1.0,4151,4151,1.9577522253098443,
sbf-table-2,sbf-3.1,NGC 4306,7763,038,F150W,F115W,07_isophotes:accepted_fitted_points,photutils_multistart_v1,default,accepted_isophote_geometry,accepted_isophote_geometry,mixed_or_not_applicable,1390.0,0.12287402616480923,1069.4695033144678,3072.6436453814977,1069.4695033144678,3130.6436453814977,0.26683188153697907,1.9577522253098443,-0.0002549599144224498,1.0,4042,4042,1.9577522253098443,
sbf-table-2,sbf-3.1,NGC 4306,7763,038,F150W,F115W,07_isophotes:accepted_fitted_points,photutils_multistart_v1,default,accepted_isophote_geometry,accepted_isophote_geometry,mixed_or_not_applicable,1400.0,0.12400888014904402,1069.4695033144678,3072.6436453814977,1069.4695033144678,3130.6436453814977,0.26683188153697907,1.9577522253098443,-0.00021078017437290705,1.0,3922,3922,1.9577522253098443,
sbf-table-2,sbf-3.1,NGC 4306,7763,038,F150W,F115W,07_isophotes:accepted_fitted_points,photutils_multistart_v1,default,accepted_isophote_geometry,accepted_isophote_geometry,mixed_or_not_applicable,1410.0,0.11739183859815429,1069.4695033144678,3072.6436453814977,1069.4695033144678,3130.6436453814977,0.26683188153697907,1.9577522253098443,-8.71410995156651e-05,1.0,3832,3832,1.9577522253098443,
sbf-table-2,sbf-3.1,NGC 4306,7763,038,F150W,F115W,07_isophotes:accepted_fitted_points,photutils_multistart_v1,default,accepted_isophote_geometry,accepted_isophote_geometry,mixed_or_not_applicable,1420.0,0.11733778902165985,1069.4695033144678,3072.6436453814977,1069.4695033144678,3130.6436453814977,0.26683188153697907,1.9577522253098443,-0.0002672164131974342,1.0,3771,3771,1.9577522253098443,
sbf-table-2,sbf-3.1,NGC 4306,7763,038,F150W,F115W,07_isophotes:accepted_fitted_points,photutils_multistart_v1,default,accepted_isophote_geometry,accepted_isophote_geometry,mixed_or_not_applicable,1430.0,0.12067486767955318,1069.4695033144678,3072.6436453814977,1069.4695033144678,3130.6436453814977,0.26683188153697907,1.9577522253098443,-0.00018593117089581545,1.0,3686,3686,1.9577522253098443,
sbf-table-2,sbf-3.1,NGC 4306,7763,038,F150W,F115W,07_isophotes:accepted_fitted_points,photutils_multistart_v1,default,accepted_isophote_geometry,accepted_isophote_geometry,mixed_or_not_applicable,1440.0,0.11367610783343578,1069.4695033144678,3072.6436453814977,1069.4695033144678,3130.6436453814977,0.26683188153697907,1.9577522253098443,-0.00026442988359702324,1.0,3625,3625,1.9577522253098443,
sbf-table-2,sbf-3.1,NGC 4306,7763,038,F150W,F115W,07_isophotes:accepted_fitted_points,photutils_multistart_v1,default,accepted_isophote_geometry,accepted_isophote_geometry,mixed_or_not_applicable,1450.0,0.1132764256687556,1069.4695033144678,3072.6436453814977,1069.4695033144678,3130.6436453814977,0.26683188153697907,1.9577522253098443,-0.0003025771236126141,1.0,3550,3550,1.9577522253098443,
sbf-table-2,sbf-3.1,NGC 4306,7763,038,F150W,F115W,07_isophotes:accepted_fitted_points,photutils_multistart_v1,default,accepted_isophote_geometry,accepted_isophote_geometry,mixed_or_not_applicable,1460.0,0.11193825745666745,1069.4695033144678,3072.6436453814977,1069.4695033144678,3130.6436453814977,0.26683188153697907,1.9577522253098443,-0.0003433317340814635,1.0,3460,3460,1.9577522253098443,
sbf-table-2,sbf-3.1,NGC 4306,7763,038,F150W,F115W,07_isophotes:accepted_fitted_points,photutils_multistart_v1,default,accepted_isophote_geometry,accepted_isophote_geometry,mixed_or_not_applicable,1470.0,0.10645004968213624,1069.4695033144678,3072.6436453814977,1069.4695033144678,3130.6436453814977,0.26683188153697907,1.9577522253098443,-0.0003242340742846639,1.0,3502,3502,1.9577522253098443,
sbf-table-2,sbf-3.1,NGC 4306,7763,038,F150W,F115W,07_isophotes:accepted_fitted_points,photutils_multistart_v1,default,accepted_isophote_geometry,accepted_isophote_geometry,mixed_or_not_applicable,1480.0,0.11276761885952734,1069.4695033144678,3072.6436453814977,1069.4695033144678,3130.6436453814977,0.26683188153697907,1.9577522253098443,-0.0003865938425414294,1.0,3404,3404,1.9577522253098443,
sbf-table-2,sbf-3.1,NGC 4306,7763,038,F150W,F115W,07_isophotes:accepted_fitted_points,photutils_multistart_v1,default,accepted_isophote_geometry,accepted_isophote_geometry,mixed_or_not_applicable,1490.0,0.09878493101946832,1069.4695033144678,3072.6436453814977,1069.4695033144678,3130.6436453814977,0.26683188153697907,1.9577522253098443,-0.00031984422523113627,1.0,3328,3328,1.9577522253098443,
sbf-table-2,sbf-3.1,NGC 4306,7763,038,F150W,F115W,07_isophotes:accepted_fitted_points,photutils_multistart_v1,default,accepted_isophote_geometry,accepted_isophote_geometry,mixed_or_not_applicable,1500.0,0.09734563647319758,1069.4695033144678,3072.6436453814977,1069.4695033144678,3130.6436453814977,0.26683188153697907,1.9577522253098443,-0.00031162213040822866,1.0,3216,3216,1.9577522253098443,
sbf-table-2,sbf-3.1,NGC 4306,7763,038,F150W,F115W,07_isophotes:accepted_fitted_points,photutils_multistart_v1,default,accepted_isophote_geometry,accepted_isophote_geometry,mixed_or_not_applicable,1510.0,0.09528664495482732,1069.4695033144678,3072.6436453814977,1069.4695033144678,3130.6436453814977,0.26683188153697907,1.9577522253098443,-0.0003144522091415579,1.0,3154,3154,1.9577522253098443,
sbf-table-2,sbf-3.1,NGC 4306,7763,038,F150W,F115W,07_isophotes:accepted_fitted_points,photutils_multistart_v1,default,accepted_isophote_geometry,accepted_isophote_geometry,mixed_or_not_applicable,1520.0,0.0878192787674278,1069.4695033144678,3072.6436453814977,1069.4695033144678,3130.6436453814977,0.26683188153697907,1.9577522253098443,-0.00026874644972142345,1.0,3100,3100,1.9577522253098443,
sbf-table-2,sbf-3.1,NGC 4306,7763,038,F150W,F115W,07_isophotes:accepted_fitted_points,photutils_multistart_v1,default,accepted_isophote_geometry,accepted_isophote_geometry,mixed_or_not_applicable,1530.0,0.08822715765611124,1069.4695033144678,3072.6436453814977,1069.4695033144678,3130.6436453814977,0.26683188153697907,1.9577522253098443,-0.0002874980725525624,1.0,3046,3046,1.9577522253098443,
sbf-table-2,sbf-3.1,NGC 4306,7763,038,F150W,F115W,07_isophotes:accepted_fitted_points,photutils_multistart_v1,default,accepted_isophote_geometry,accepted_isophote_geometry,mixed_or_not_applicable,1540.0,0.09443164998632685,1069.4695033144678,3072.6436453814977,1069.4695033144678,3130.6436453814977,0.26683188153697907,1.9577522253098443,-0.00032799703772488,1.0,2883,2883,1.9577522253098443,
sbf-table-2,sbf-3.1,NGC 4306,7763,038,F150W,F115W,07_isophotes:accepted_fitted_points,photutils_multistart_v1,default,accepted_isophote_geometry,accepted_isophote_geometry,mixed_or_not_applicable,1550.0,0.10207962919014911,1069.4695033144678,3072.6436453814977,1069.4695033144678,3130.6436453814977,0.26683188153697907,1.9577522253098443,-0.00039002803052327363,1.0,2873,2873,1.9577522253098443,
sbf-table-2,sbf-3.1,NGC 4306,7763,038,F150W,F115W,07_isophotes:accepted_fitted_points,photutils_multistart_v1,default,accepted_isophote_geometry,accepted_isophote_geometry,mixed_or_not_applicable,1560.0,0.21563984365014027,1069.4695033144678,3072.6436453814977,1069.4695033144678,3130.6436453814977,0.26683188153697907,1.9577522253098443,-0.0011305043832717612,1.0,2645,2645,1.9577522253098443,
sbf-table-2,sbf-3.1,NGC 4306,7763,038,F150W,F115W,07_isophotes:accepted_fitted_points,photutils_multistart_v1,default,accepted_isophote_geometry,accepted_isophote_geometry,mixed_or_not_applicable,1570.0,0.09600655843166357,1069.4695033144678,3072.6436453814977,1069.4695033144678,3130.6436453814977,0.26683188153697907,1.9577522253098443,-0.00036578183170632715,1.0,2593,2593,1.9577522253098443,
sbf-table-2,sbf-3.1,NGC 4306,7763,038,F150W,F115W,07_isophotes:accepted_fitted_points,photutils_multistart_v1,default,accepted_isophote_geometry,accepted_isophote_geometry,mixed_or_not_applicable,1580.0,0.07761688161239824,1069.4695033144678,3072.6436453814977,1069.4695033144678,3130.6436453814977,0.26683188153697907,1.9577522253098443,-0.0002756581560555563,1.0,2504,2504,1.9577522253098443,
sbf-table-2,sbf-3.1,NGC 4306,7763,038,F150W,F115W,07_isophotes:accepted_fitted_points,photutils_multistart_v1,default,accepted_isophote_geometry,accepted_isophote_geometry,mixed_or_not_applicable,1590.0,0.06814142577658798,1069.4695033144678,3072.6436453814977,1069.4695033144678,3130.6436453814977,0.26683188153697907,1.9577522253098443,-0.00020629272084124394,1.0,2470,2470,1.9577522253098443,
sbf-table-2,sbf-3.1,NGC 4306,7763,038,F150W,F115W,07_isophotes:accepted_fitted_points,photutils_multistart_v1,default,accepted_isophote_geometry,accepted_isophote_geometry,mixed_or_not_applicable,1600.0,0.06342523806177384,1069.4695033144678,3072.6436453814977,1069.4695033144678,3130.6436453814977,0.26683188153697907,1.9577522253098443,-0.00018777041239025083,1.0,2468,2468,1.9577522253098443,
sbf-table-2,sbf-3.1,NGC 4306,7763,038,F150W,F115W,07_isophotes:accepted_fitted_points,photutils_multistart_v1,default,accepted_isophote_geometry,accepted_isophote_geometry,mixed_or_not_applicable,1610.0,0.05891116847825382,1069.4695033144678,3072.6436453814977,1069.4695033144678,3130.6436453814977,0.26683188153697907,1.9577522253098443,-0.00015664394526189408,1.0,2499,2499,1.9577522253098443,
sbf-table-2,sbf-3.1,NGC 4306,7763,038,F150W,F115W,07_isophotes:accepted_fitted_points,photutils_multistart_v1,default,accepted_isophote_geometry,accepted_isophote_geometry,mixed_or_not_applicable,1620.0,0.05866519233766642,1069.4695033144678,3072.6436453814977,1069.4695033144678,3130.6436453814977,0.26683188153697907,1.9577522253098443,-0.0001316532802084432,1.0,2528,2528,1.9577522253098443,
sbf-table-2,sbf-3.1,NGC 4306,7763,038,F150W,F115W,07_isophotes:accepted_fitted_points,photutils_multistart_v1,default,accepted_isophote_geometry,accepted_isophote_geometry,mixed_or_not_applicable,1630.0,0.05457001546449282,1069.4695033144678,3072.6436453814977,1069.4695033144678,3130.6436453814977,0.26683188153697907,1.9577522253098443,-0.00013132020100328865,1.0,2708,2708,1.9577522253098443,
sbf-table-2,sbf-3.1,NGC 4306,7763,038,F150W,F115W,07_isophotes:accepted_fitted_points,photutils_multistart_v1,default,accepted_isophote_geometry,accepted_isophote_geometry,mixed_or_not_applicable,1640.0,0.05087615877173914,1069.4695033144678,3072.6436453814977,1069.4695033144678,3130.6436453814977,0.26683188153697907,1.9577522253098443,-0.00013663264679152618,1.0,2590,2590,1.9577522253098443,
sbf-table-2,sbf-3.1,NGC 4306,7763,038,F150W,F115W,07_isophotes:accepted_fitted_points,photutils_multistart_v1,default,accepted_isophote_geometry,accepted_isophote_geometry,mixed_or_not_applicable,1650.0,0.05064046008083367,1069.4695033144678,3072.6436453814977,1069.4695033144678,3130.6436453814977,0.26683188153697907,1.9577522253098443,-0.00014763178166814109,1.0,2553,2553,1.9577522253098443,
sbf-table-2,sbf-3.1,NGC 4306,7763,038,F150W,F115W,07_isophotes:accepted_fitted_points,photutils_multistart_v1,default,accepted_isophote_geometry,accepted_isophote_geometry,mixed_or_not_applicable,1660.0,0.04861988191993938,1069.4695033144678,3072.6436453814977,1069.4695033144678,3130.6436453814977,0.26683188153697907,1.9577522253098443,-0.00014059121372191462,1.0,2678,2678,1.9577522253098443,
sbf-table-2,sbf-3.1,NGC 4306,7763,038,F150W,F115W,07_isophotes:accepted_fitted_points,photutils_multistart_v1,default,accepted_isophote_geometry,accepted_isophote_geometry,mixed_or_not_applicable,1670.0,0.04431274044702513,1069.4695033144678,3072.6436453814977,1069.4695033144678,3130.6436453814977,0.26683188153697907,1.9577522253098443,-0.00011626298453471907,1.0,2592,2592,1.9577522253098443,
sbf-table-2,sbf-3.1,NGC 4306,7763,038,F150W,F115W,07_isophotes:accepted_fitted_points,photutils_multistart_v1,default,accepted_isophote_geometry,accepted_isophote_geometry,mixed_or_not_applicable,1680.0,0.04441700632227616,1069.4695033144678,3072.6436453814977,1069.4695033144678,3130.6436453814977,0.26683188153697907,1.9577522253098443,-0.00012380394520741564,1.0,2708,2708,1.9577522253098443,
sbf-table-2,sbf-3.1,NGC 4306,7763,038,F150W,F115W,07_isophotes:accepted_fitted_points,photutils_multistart_v1,default,accepted_isophote_geometry,accepted_isophote_geometry,mixed_or_not_applicable,1690.0,0.04280829703367604,1069.4695033144678,3072.6436453814977,1069.4695033144678,3130.6436453814977,0.26683188153697907,1.9577522253098443,-0.00011872099887858666,1.0,2730,2730,1.9577522253098443,
sbf-table-2,sbf-3.1,NGC 4306,7763,038,F150W,F115W,07_isophotes:accepted_fitted_points,photutils_multistart_v1,default,accepted_isophote_geometry,accepted_isophote_geometry,mixed_or_not_applicable,1700.0,0.04219449215259391,1069.4695033144678,3072.6436453814977,1069.4695033144678,3130.6436453814977,0.26683188153697907,1.9577522253098443,-0.0001092571043739827,1.0,2751,2751,1.9577522253098443,
sbf-table-2,sbf-3.1,NGC 4306,7763,038,F150W,F115W,07_isophotes:accepted_fitted_points,photutils_multistart_v1,default,accepted_isophote_geometry,accepted_isophote_geometry,mixed_or_not_applicable,1710.0,0.041241891901155264,1069.4695033144678,3072.6436453814977,1069.4695033144678,3130.6436453814977,0.26683188153697907,1.9577522253098443,-4.099176427171447e-05,1.0,2673,2673,1.9577522253098443,
sbf-table-2,sbf-3.1,NGC 4306,7763,038,F150W,F115W,07_isophotes:accepted_fitted_points,photutils_multistart_v1,default,accepted_isophote_geometry,accepted_isophote_geometry,mixed_or_not_applicable,1720.0,0.03908469472743261,1069.4695033144678,3072.6436453814977,1069.4695033144678,3130.6436453814977,0.26683188153697907,1.9577522253098443,-7.829892231517066e-05,1.0,2749,2749,1.9577522253098443,
sbf-table-2,sbf-3.1,NGC 4306,7763,038,F150W,F115W,07_isophotes:accepted_fitted_points,photutils_multistart_v1,default,accepted_isophote_geometry,accepted_isophote_geometry,mixed_or_not_applicable,1730.0,0.03823293615228098,1069.4695033144678,3072.6436453814977,1069.4695033144678,3130.6436453814977,0.26683188153697907,1.9577522253098443,-8.832913878468413e-05,1.0,2715,2715,1.9577522253098443,
sbf-table-2,sbf-3.1,NGC 4306,7763,038,F150W,F115W,07_isophotes:accepted_fitted_points,photutils_multistart_v1,default,accepted_isophote_geometry,accepted_isophote_geometry,mixed_or_not_applicable,1740.0,0.03397042560873958,1069.4695033144678,3072.6436453814977,1069.4695033144678,3130.6436453814977,0.26683188153697907,1.9577522253098443,-4.186064573499158e-05,1.0,2755,2755,1.9577522253098443,
sbf-table-2,sbf-3.1,NGC 4306,7763,038,F150W,F115W,07_isophotes:accepted_fitted_points,photutils_multistart_v1,default,accepted_isophote_geometry,accepted_isophote_geometry,mixed_or_not_applicable,1750.0,0.034799018781257095,1069.4695033144678,3072.6436453814977,1069.4695033144678,3130.6436453814977,0.26683188153697907,1.9577522253098443,-6.466494144143471e-05,1.0,2661,2661,1.9577522253098443,
sbf-table-2,sbf-3.1,NGC 4306,7763,038,F150W,F115W,07_isophotes:accepted_fitted_points,photutils_multistart_v1,default,accepted_isophote_geometry,accepted_isophote_geometry,mixed_or_not_applicable,1760.0,0.03332557554629913,1069.4695033144678,3072.6436453814977,1069.4695033144678,3130.6436453814977,0.26683188153697907,1.9577522253098443,-6.338125698201836e-05,1.0,2790,2790,1.9577522253098443,
sbf-table-2,sbf-3.1,NGC 4306,7763,038,F150W,F115W,07_isophotes:accepted_fitted_points,photutils_multistart_v1,default,accepted_isophote_geometry,accepted_isophote_geometry,mixed_or_not_applicable,1770.0,0.03383596504541384,1069.4695033144678,3072.6436453814977,1069.4695033144678,3130.6436453814977,0.26683188153697907,1.9577522253098443,-6.482025651072273e-05,1.0,2843,2843,1.9577522253098443,
sbf-table-2,sbf-3.1,NGC 4306,7763,038,F150W,F115W,07_isophotes:accepted_fitted_points,photutils_multistart_v1,default,accepted_isophote_geometry,accepted_isophote_geometry,mixed_or_not_applicable,1780.0,0.03509385533283608,1069.4695033144678,3072.6436453814977,1069.4695033144678,3130.6436453814977,0.26683188153697907,1.9577522253098443,-5.974566909212032e-05,1.0,2948,2948,1.9577522253098443,
sbf-table-2,sbf-3.1,NGC 4306,7763,038,F150W,F115W,07_isophotes:accepted_fitted_points,photutils_multistart_v1,default,accepted_isophote_geometry,accepted_isophote_geometry,mixed_or_not_applicable,1790.0,0.03506239441193465,1069.4695033144678,3072.6436453814977,1069.4695033144678,3130.6436453814977,0.26683188153697907,1.9577522253098443,-8.318360585561746e-05,1.0,3036,3036,1.9577522253098443,
sbf-table-2,sbf-3.1,NGC 4306,7763,038,F150W,F115W,07_isophotes:accepted_fitted_points,photutils_multistart_v1,default,accepted_isophote_geometry,accepted_isophote_geometry,mixed_or_not_applicable,1800.0,0.02977040233593822,1069.4695033144678,3072.6436453814977,1069.4695033144678,3130.6436453814977,0.26683188153697907,1.9577522253098443,-6.209043418639724e-05,1.0,3098,3098,1.9577522253098443,
sbf-table-2,sbf-3.1,NGC 4306,7763,038,F150W,F115W,07_isophotes:accepted_fitted_points,photutils_multistart_v1,default,accepted_isophote_geometry,accepted_isophote_geometry,mixed_or_not_applicable,1810.0,0.02608053777043695,1069.4695033144678,3072.6436453814977,1069.4695033144678,3130.6436453814977,0.26683188153697907,1.9577522253098443,-5.096933254819424e-05,1.0,3089,3089,1.9577522253098443,
sbf-table-2,sbf-3.1,NGC 4306,7763,038,F150W,F115W,07_isophotes:accepted_fitted_points,photutils_multistart_v1,default,accepted_isophote_geometry,accepted_isophote_geometry,mixed_or_not_applicable,1820.0,0.026952615852507016,1069.4695033144678,3072.6436453814977,1069.4695033144678,3130.6436453814977,0.26683188153697907,1.9577522253098443,-6.0666294798901285e-05,1.0,3066,3066,1.9577522253098443,
sbf-table-2,sbf-3.1,NGC 4306,7763,038,F150W,F115W,07_isophotes:accepted_fitted_points,photutils_multistart_v1,default,accepted_isophote_geometry,accepted_isophote_geometry,mixed_or_not_applicable,1830.0,0.02499852512955323,1069.4695033144678,3072.6436453814977,1069.4695033144678,3130.6436453814977,0.26683188153697907,1.9577522253098443,-5.416734332389762e-05,1.0,3055,3055,1.9577522253098443,
sbf-table-2,sbf-3.1,NGC 4306,7763,038,F150W,F115W,07_isophotes:accepted_fitted_points,photutils_multistart_v1,default,accepted_isophote_geometry,accepted_isophote_geometry,mixed_or_not_applicable,1840.0,0.024733329685675296,1069.4695033144678,3072.6436453814977,1069.4695033144678,3130.6436453814977,0.26683188153697907,1.9577522253098443,-5.418520817101617e-05,1.0,3235,3235,1.9577522253098443,
sbf-table-2,sbf-3.1,NGC 4306,7763,038,F150W,F115W,07_isophotes:accepted_fitted_points,photutils_multistart_v1,default,accepted_isophote_geometry,accepted_isophote_geometry,mixed_or_not_applicable,1850.0,0.024142447767847124,1069.4695033144678,3072.6436453814977,1069.4695033144678,3130.6436453814977,0.26683188153697907,1.9577522253098443,-4.7443758843998746e-05,1.0,3174,3174,1.9577522253098443,
sbf-table-2,sbf-3.1,NGC 4306,7763,038,F150W,F115W,07_isophotes:accepted_fitted_points,photutils_multistart_v1,default,accepted_isophote_geometry,accepted_isophote_geometry,mixed_or_not_applicable,1860.0,0.022891605832423494,1069.4695033144678,3072.6436453814977,1069.4695033144678,3130.6436453814977,0.26683188153697907,1.9577522253098443,-4.958074227775698e-05,1.0,3337,3337,1.9577522253098443,
sbf-table-2,sbf-3.1,NGC 4306,7763,038,F150W,F115W,07_isophotes:accepted_fitted_points,photutils_multistart_v1,default,accepted_isophote_geometry,accepted_isophote_geometry,mixed_or_not_applicable,1870.0,0.02356842048076032,1069.4695033144678,3072.6436453814977,1069.4695033144678,3130.6436453814977,0.26683188153697907,1.9577522253098443,-4.958767252059914e-05,1.0,3387,3387,1.9577522253098443,
sbf-table-2,sbf-3.1,NGC 4306,7763,038,F150W,F115W,07_isophotes:accepted_fitted_points,photutils_multistart_v1,default,accepted_isophote_geometry,accepted_isophote_geometry,mixed_or_not_applicable,1880.0,0.030667534544257406,1069.4695033144678,3072.6436453814977,1069.4695033144678,3130.6436453814977,0.26683188153697907,1.9577522253098443,-9.524823242254893e-05,1.0,3390,3390,1.9577522253098443,
sbf-table-2,sbf-3.1,NGC 4306,7763,038,F150W,F115W,07_isophotes:accepted_fitted_points,photutils_multistart_v1,default,accepted_isophote_geometry,accepted_isophote_geometry,mixed_or_not_applicable,1890.0,0.02683573201018064,1069.4695033144678,3072.6436453814977,1069.4695033144678,3130.6436453814977,0.26683188153697907,1.9577522253098443,-7.274378944176842e-05,1.0,3418,3418,1.9577522253098443,
sbf-table-2,sbf-3.1,NGC 4306,7763,038,F150W,F115W,07_isophotes:accepted_fitted_points,photutils_multistart_v1,default,accepted_isophote_geometry,accepted_isophote_geometry,mixed_or_not_applicable,1900.0,0.02223309734809928,1069.4695033144678,3072.6436453814977,1069.4695033144678,3130.6436453814977,0.26683188153697907,1.9577522253098443,-4.9491465027563844e-05,1.0,3386,3386,1.9577522253098443,
sbf-table-2,sbf-3.1,NGC 4306,7763,038,F150W,F115W,07_isophotes:accepted_fitted_points,photutils_multistart_v1,default,accepted_isophote_geometry,accepted_isophote_geometry,mixed_or_not_applicable,1910.0,0.024915710520002198,1069.4695033144678,3072.6436453814977,1069.4695033144678,3130.6436453814977,0.26683188153697907,1.9577522253098443,-6.68565251484706e-05,1.0,3387,3387,1.9577522253098443,
sbf-table-2,sbf-3.1,NGC 4306,7763,038,F150W,F115W,07_isophotes:accepted_fitted_points,photutils_multistart_v1,default,accepted_isophote_geometry,accepted_isophote_geometry,mixed_or_not_applicable,1920.0,0.041603820488328565,1069.4695033144678,3072.6436453814977,1069.4695033144678,3130.6436453814977,0.26683188153697907,1.9577522253098443,-0.0001593148302067703,1.0,3519,3519,1.9577522253098443,
sbf-table-2,sbf-3.1,NGC 4306,7763,038,F150W,F115W,07_isophotes:accepted_fitted_points,photutils_multistart_v1,default,accepted_isophote_geometry,accepted_isophote_geometry,mixed_or_not_applicable,1930.0,0.6975333956976137,1069.4695033144678,3072.6436453814977,1069.4695033144678,3130.6436453814977,0.26683188153697907,1.9577522253098443,-0.0035586424376015556,1.0,3599,3599,1.9577522253098443,
sbf-table-2,sbf-3.1,NGC 4306,7763,038,F150W,F115W,07_isophotes:accepted_fitted_points,photutils_multistart_v1,default,accepted_isophote_geometry,accepted_isophote_geometry,mixed_or_not_applicable,1940.0,0.04184555062786391,1069.4695033144678,3072.6436453814977,1069.4695033144678,3130.6436453814977,0.26683188153697907,1.9577522253098443,-0.0001578354533291737,1.0,3633,3633,1.9577522253098443,
sbf-table-2,sbf-3.1,NGC 4306,7763,038,F150W,F115W,07_isophotes:accepted_fitted_points,photutils_multistart_v1,default,accepted_isophote_geometry,accepted_isophote_geometry,mixed_or_not_applicable,1950.0,0.03704366349280619,1069.4695033144678,3072.6436453814977,1069.4695033144678,3130.6436453814977,0.26683188153697907,1.9577522253098443,-0.00013836881994116974,1.0,3739,3739,1.9577522253098443,
sbf-table-2,sbf-3.1,NGC 4306,7763,038,F150W,F115W,07_isophotes:accepted_fitted_points,photutils_multistart_v1,default,accepted_isophote_geometry,accepted_isophote_geometry,mixed_or_not_applicable,1960.0,0.023645702886390403,1069.4695033144678,3072.6436453814977,1069.4695033144678,3130.6436453814977,0.26683188153697907,1.9577522253098443,-6.681574114428791e-05,1.0,3705,3705,1.9577522253098443,
sbf-table-2,sbf-3.1,NGC 4306,7763,038,F150W,F115W,07_isophotes:accepted_fitted_points,photutils_multistart_v1,default,accepted_isophote_geometry,accepted_isophote_geometry,mixed_or_not_applicable,1970.0,0.01999366212249421,1069.4695033144678,3072.6436453814977,1069.4695033144678,3130.6436453814977,0.26683188153697907,1.9577522253098443,-5.492690928992083e-05,1.0,3883,3883,1.9577522253098443,
sbf-table-2,sbf-3.1,NGC 4306,7763,038,F150W,F115W,07_isophotes:accepted_fitted_points,photutils_multistart_v1,default,accepted_isophote_geometry,accepted_isophote_geometry,mixed_or_not_applicable,1980.0,0.018537949962269606,1069.4695033144678,3072.6436453814977,1069.4695033144678,3130.6436453814977,0.26683188153697907,1.9577522253098443,-3.9572870267501e-05,1.0,3910,3910,1.9577522253098443,
sbf-table-2,sbf-3.1,NGC 4306,7763,038,F150W,F115W,07_isophotes:accepted_fitted_points,photutils_multistart_v1,default,accepted_isophote_geometry,accepted_isophote_geometry,mixed_or_not_applicable,1990.0,0.016787017526452844,1069.4695033144678,3072.6436453814977,1069.4695033144678,3130.6436453814977,0.26683188153697907,1.9577522253098443,-2.5252333818976213e-05,1.0,3965,3965,1.9577522253098443,
