sma,intens,x0_crop,y0_crop,x0_full,y0_full,eps,pa,grad,real_data_frac,sampled_real,sampled_total,pa_unwrap
20.0,9.88036425429022,1079.650702540877,3000.6329741581944,1079.650702540877,3059.6329741581944,0.014400241787259759,2.780921973343613,-0.17562274377254725,1.0,126,126,2.780921973343613
30.0,8.35826089302142,1080.692057255071,3000.7304186302604,1080.692057255071,3059.7304186302604,0.05593928531767916,0.8738340294979434,-0.1495503972783639,1.0,184,184,0.8738340294979434
40.0,7.254325783869656,1079.0533707314348,3001.1732959648994,1079.0533707314348,3060.1732959648994,0.051484774411504605,2.0497288508368885,-0.054134656211476395,1.0,246,246,2.0497288508368885
50.0,6.542477828763559,1079.0533707314348,3001.1732959648994,1079.0533707314348,3060.1732959648994,0.051484774411504605,2.0497288508368885,-0.09544197789917296,1.0,308,308,2.0497288508368885
60.0,5.690232739497718,1077.4705184736392,3000.3513923366445,1077.4705184736392,3059.3513923366445,0.014954089018708566,0.05393131669662843,-0.05776580412342709,1.0,376,376,0.05393131669662843
70.0,5.166256529591184,1078.2973659786162,3003.8310287550235,1078.2973659786162,3062.8310287550235,0.060827173391346245,1.1770644012236582,-0.028606277140918755,1.0,428,428,1.1770644012236582
80.0,5.03092359479493,1079.6881407927517,3001.002922719803,1079.6881407927517,3060.002922719803,0.1547135492281443,1.3721899979428256,-0.038666311085340466,1.0,464,464,1.3721899979428256
90.0,4.4955664008363785,1080.7299763593583,3002.503810819482,1080.7299763593583,3061.503810819482,0.10512125739394809,1.1627659834631672,-0.038707867679342,1.0,537,537,1.1627659834631672
100.0,4.050326821484805,1076.8955702130684,3001.5003625717027,1076.8955702130684,3060.5003625717027,0.11157501382385229,1.1627659834631672,-0.024679464530831252,1.0,595,595,1.1627659834631672
110.0,3.8040863648900713,1076.8955702130684,3001.5003625717027,1076.8955702130684,3060.5003625717027,0.11157501382385229,1.1627659834631672,-0.039388286524131726,1.0,654,654,1.1627659834631672
120.0,3.4058280900429323,1076.8955702130684,3001.5003625717027,1076.8955702130684,3060.5003625717027,0.11157501382385229,1.1627659834631672,-0.02631099425709841,1.0,713,713,1.1627659834631672
130.0,3.124646233734032,1076.8955702130684,3001.5003625717027,1076.8955702130684,3060.5003625717027,0.11157501382385229,1.601471589708772,-0.02608529609743942,1.0,773,773,1.601471589708772
140.0,3.0104368239407497,1075.970589910879,3001.6360651530495,1075.970589910879,3060.6360651530495,0.19059913833167152,1.4251268790463245,-0.021054441054348155,1.0,793,793,1.4251268790463245
150.0,2.7939159092847072,1076.9230543763895,3001.496330408099,1076.9230543763895,3060.496330408099,0.19059913833167152,1.4251268790463245,-0.021146139451452106,1.0,850,850,1.4251268790463245
160.0,2.565038927228816,1076.562343518659,2996.6337594373344,1076.562343518659,3055.6337594373344,0.19059913833167152,1.4251268790463245,-0.016325473256869255,1.0,906,906,1.4251268790463245
170.0,2.4146394610988393,1079.211104343999,3001.5625971511013,1079.211104343999,3060.5625971511013,0.20636865448442507,1.3243095086240912,-0.013294254322183268,1.0,953,953,1.3243095086240912
180.0,2.2814293771404914,1079.211104343999,3001.5625971511013,1079.211104343999,3060.5625971511013,0.20636865448442507,1.3240159181414757,-0.012492661433756552,1.0,1009,1009,1.3240159181414757
190.0,2.2255477143184157,1078.6078734895818,2999.633710867988,1078.6078734895818,3058.633710867988,0.24973759645569737,1.2676970956112439,-0.014165833115967693,1.0,1034,1034,1.2676970956112439
200.0,2.0806256925552877,1079.050707140078,3001.0497123007526,1079.050707140078,3060.0497123007526,0.24698988208805428,1.2676970956112439,-0.011592345204577314,1.0,1090,1090,1.2676970956112439
210.0,1.9344435121755656,1079.050707140078,3001.0497123007526,1079.050707140078,3060.0497123007526,0.24698988208805428,1.317040856987407,-0.009052153247407638,1.0,1145,1145,1.317040856987407
220.0,1.8646938400497224,1079.050707140078,3001.0497123007526,1079.050707140078,3060.0497123007526,0.24698988208805428,1.317040856987407,-0.01293330439723097,1.0,1199,1199,1.317040856987407
230.0,1.763121586485226,1076.942244169722,3001.5217866871103,1076.942244169722,3060.5217866871103,0.2679376057485684,1.3505338564796763,-0.007801403884041115,1.0,1235,1235,1.3505338564796763
240.0,1.7662961147274112,1073.8720403878228,2995.7991161906534,1073.8720403878228,3054.7991161906534,0.28227076766887654,1.3956997679498533,-0.011056773886231134,1.0,1275,1275,1.3956997679498533
250.0,1.5889085281266844,1075.3454127376167,2995.732438702857,1075.3454127376167,3054.732438702857,0.28227076766887654,1.324739992870391,-0.007506988985589711,1.0,1328,1328,1.324739992870391
260.0,1.558330274543085,1079.3018312642612,2999.188776124424,1079.3018312642612,3058.188776124424,0.3047789887519342,1.324739992870391,-0.006967280028223247,1.0,1358,1358,1.324739992870391
270.0,1.4776565244331208,1076.698343562934,2996.3535215086354,1076.698343562934,3055.3535215086354,0.2995786672989145,1.3659263875719914,-0.006722454194355279,1.0,1416,1416,1.3659263875719914
280.0,1.4027230896251695,1076.698343562934,2996.3535215086354,1076.698343562934,3055.3535215086354,0.2995786672989145,1.3494012225696528,-0.006049418214824647,1.0,1468,1468,1.3494012225696528
290.0,1.3370466701496577,1076.698343562934,2996.3535215086354,1076.698343562934,3055.3535215086354,0.2995786672989145,1.3494012225696528,-0.005596850553551739,1.0,1521,1521,1.3494012225696528
300.0,1.2801169597996467,1079.9477837219724,3001.9679706742368,1079.9477837219724,3060.9679706742368,0.2995786672989145,1.3029378057614727,-0.005837483122707879,1.0,1573,1573,1.3029378057614727
310.0,1.2644170830517798,1077.319569454143,3000.9680120526764,1077.319569454143,3059.9680120526764,0.32593077173097923,1.3441114128501168,-0.005636347245925343,1.0,1592,1592,1.3441114128501168
320.0,1.2372003951924535,1080.3941208135252,3000.2588691419132,1080.3941208135252,3059.2588691419132,0.3368456558359154,1.314290470237923,-0.005303465960662265,1.0,1629,1629,1.314290470237923
330.0,1.1565524282786415,1080.3941208135252,3000.2588691419132,1080.3941208135252,3059.2588691419132,0.3368456558359154,1.314290470237923,-0.004385693930766386,1.0,1680,1680,1.314290470237923
340.0,1.0893862576919193,1073.4807855791764,2997.5547493755216,1073.4807855791764,3056.5547493755216,0.3215360690266408,1.314290470237923,-0.004190331835640352,1.0,1752,1752,1.314290470237923
350.0,1.0551338010031857,1078.4218355649189,2996.2587930671134,1078.4218355649189,3055.2587930671134,0.3215360690266408,1.314290470237923,-0.004387684611195599,1.0,1804,1804,1.314290470237923
360.0,0.987345641507078,1082.9729418959962,3000.6994120290246,1082.9729418959962,3059.6994120290246,0.2861607673167729,1.314290470237923,-0.004740282398837475,1.0,1907,1907,1.314290470237923
370.0,0.9283488234210643,1082.8545432732012,3000.7281200934062,1082.8545432732012,3059.7281200934062,0.29872214596127356,1.33291757845506,-0.0034417362290244838,1.0,1941,1941,1.33291757845506
380.0,0.8864848458255167,1082.8545432732012,3000.7281200934062,1082.8545432732012,3059.7281200934062,0.29872214596127356,1.33291757845506,-0.0028910841746541244,1.0,1994,1994,1.33291757845506
390.0,0.866311917491194,1077.8703778941624,3001.4764628730186,1077.8703778941624,3060.4764628730186,0.32502849102069187,1.2804053423621427,-0.002905385776642586,1.0,2004,2004,1.2804053423621427
400.0,0.85802782618471,1080.1257701400084,3000.638426014796,1080.1257701400084,3059.638426014796,0.32502849102069187,1.2804053423621427,-0.0035785508037064592,1.0,2056,2056,1.2804053423621427
410.0,0.809331889419391,1078.8268972828134,3001.0112082646865,1078.8268972828134,3060.0112082646865,0.3293794128131358,1.291304309851702,-0.002939232078187533,1.0,2099,2099,1.291304309851702
420.0,0.7844963934766437,1072.2645036802357,3002.8946442286324,1072.2645036802357,3061.8946442286324,0.3293794128131358,1.291304309851702,-0.002501283302118084,1.0,2151,2151,1.291304309851702
430.0,0.7721894079232935,1076.983249780106,3001.549899569764,1076.983249780106,3060.549899569764,0.33897501705813676,1.2762751670238939,-0.0028765582075557057,1.0,2185,2185,1.2762751670238939
440.0,0.7335728272353829,1072.898155132995,3002.78908542434,1072.898155132995,3061.78908542434,0.3312151724284722,1.2762751670238939,-0.0021956289296386666,1.0,2250,2250,1.2762751670238939
450.0,0.6930490743211912,1075.6364648032238,3001.9584376910752,1075.6364648032238,3060.9584376910752,0.3312151724284722,1.2762751670238939,-0.002080866847465115,1.0,2301,2301,1.2762751670238939
460.0,0.6415734453680996,1082.8394122875327,2999.7734722484456,1082.8394122875327,3058.7734722484456,0.3060119277552542,1.3344168399079914,-0.0018191604057998677,1.0,2400,2400,1.3344168399079914
470.0,0.6264728109995104,1082.8394122875327,2999.7734722484456,1082.8394122875327,3058.7734722484456,0.3060119277552542,1.3344168399079914,-0.0018363954384433597,1.0,2452,2452,1.3344168399079914
480.0,0.6126409074211174,1082.8394122875327,2999.7734722484456,1082.8394122875327,3058.7734722484456,0.3210306645619073,1.282799628987392,-0.001663582698830719,1.0,2475,2475,1.282799628987392
490.0,0.6041321481345828,1075.5168338140186,3002.0726128533843,1075.5168338140186,3061.0726128533843,0.3291410806436825,1.342772352262341,-0.0014727661881238638,1.0,2510,2510,1.342772352262341
500.0,0.6044961384901852,1079.2883988277224,3001.0542967415345,1079.2883988277224,3060.0542967415345,0.3503477389506633,1.3372193162864894,-0.001760873618238783,1.0,2516,2516,1.3372193162864894
510.0,0.5618350738329153,1076.9166955727253,3001.618571560757,1076.9166955727253,3060.618571560757,0.3190247685778636,1.3372193162864894,-0.0016089671404699323,1.0,2633,2633,1.3372193162864894
520.0,0.5615983791102336,1079.4473393147468,3012.2551192069213,1079.4473393147468,3071.2551192069213,0.33283466337781,1.3089962587399535,-0.0018232446152585712,1.0,2655,2655,1.3089962587399535
530.0,0.5414365380247764,1079.4473393147468,3012.2551192069213,1079.4473393147468,3071.2551192069213,0.33283466337781,1.303078328560746,-0.0014031358664423755,1.0,2706,2706,1.303078328560746
540.0,0.528117120922532,1077.10827170859,3005.2221861202456,1077.10827170859,3064.2221861202456,0.34303861878423336,1.335566525180921,-0.0014970186341260398,1.0,2734,2734,1.335566525180921
550.0,0.494191745020201,1082.8938892088363,3003.9027749442266,1082.8938892088363,3062.9027749442266,0.3204084654737826,1.3611233134828051,-0.0014167750854019627,1.0,2837,2837,1.3611233134828051
560.0,0.5094752653244323,1079.1052419077746,3000.0775587321505,1079.1052419077746,3059.0775587321505,0.34962438678077884,1.2897310021042434,-0.0015396635059166542,1.0,2820,2820,1.2897310021042434
570.0,0.4744987840956506,1079.1052419077746,3000.0775587321505,1079.1052419077746,3059.0775587321505,0.3301392928303242,1.297358486171256,-0.0013928221278115237,1.0,2917,2917,1.297358486171256
580.0,0.4635518049240361,1080.6851239290625,3008.29905812486,1080.6851239290625,3067.29905812486,0.3301392928303242,1.297358486171256,-0.0012703072547837718,1.0,2968,2968,1.297358486171256
590.0,0.4703590388086159,1079.7156817557163,3004.842478344905,1079.7156817557163,3063.842478344905,0.3459887235494005,1.278989290684891,-0.0013719154939916558,1.0,2980,2980,1.278989290684891
600.0,0.42490701499165134,1081.1217198990655,3009.888289707537,1081.1217198990655,3068.888289707537,0.3316345683312109,1.299035722267397,-0.0008618487439501118,1.0,3067,3067,1.299035722267397
610.0,0.42519889826407736,1078.4762395896703,3000.3945254964406,1078.4762395896703,3059.3945254964406,0.3431916126140366,1.299035722267397,-0.0009016169664889939,1.0,3088,3088,1.299035722267397
620.0,0.4248611067172197,1079.3217945406839,3001.165794135776,1079.3217945406839,3060.165794135776,0.35243657982670923,1.299035722267397,-0.0009612827896078474,1.0,3114,3114,1.299035722267397
630.0,0.3985692395416043,1078.993255501864,2999.9867749014925,1078.993255501864,3058.9867749014925,0.3474893244541013,1.299035722267397,-0.0008416686294868375,1.0,3178,3178,1.299035722267397
640.0,0.39681035078179033,1078.993255501864,2999.9867749014925,1078.993255501864,3058.9867749014925,0.3474893244541013,1.299035722267397,-0.0009867125268986372,1.0,3228,3228,1.299035722267397
650.0,0.3776863856647143,1078.993255501864,2999.9867749014925,1078.993255501864,3058.9867749014925,0.32023679327795646,1.2627698276431356,-0.0007635827588753782,1.0,3353,3353,1.2627698276431356
660.0,0.3929602745174812,1079.1201500328152,2999.946403041549,1079.1201500328152,3058.946403041549,0.3689589713273451,1.2627698276431356,-0.0008949863202490914,1.0,3268,3268,1.2627698276431356
670.0,0.3745225447466997,1087.9745919802565,2997.66885094549,1087.9745919802565,3056.66885094549,0.3414401959422255,1.307903382967323,-0.0009481016880238225,1.0,3397,3397,1.307903382967323
680.0,0.35723836610417325,1075.6894347255807,2989.945259166515,1075.6894347255807,3048.945259166515,0.3414401959422255,1.261745221981339,-0.0007927710448022184,1.0,3447,3447,1.261745221981339
690.0,0.34143078808662325,1082.7778271029365,2993.484794859298,1082.7778271029365,3052.484794859298,0.32845977458565334,1.261745221981339,-0.0006754821825126702,1.0,3536,3536,1.261745221981339
700.0,0.33925709095507617,1080.220070009354,3012.2151745663773,1080.220070009354,3071.2151745663773,0.3437092778980361,1.24738495290078,-0.0006387443716928588,1.0,3542,3542,1.24738495290078
710.0,0.3287586837675246,1082.7298568100846,3002.3979735972316,1082.7298568100846,3061.3979735972316,0.3415422872893575,1.2240206819225665,-0.0005976274909766401,1.0,3599,3599,1.2240206819225665
720.0,0.328282556448962,1077.4285648482437,3004.2170890378543,1077.4285648482437,3063.2170890378543,0.3415422872893575,1.2018973229620262,-0.000735662814256738,1.0,3650,3650,1.2018973229620262
730.0,0.32290142628644597,1083.08870649263,3018.858021477934,1083.08870649263,3077.858021477934,0.3415422872893575,1.2018973229620262,-0.0005959838472867021,1.0,3700,3700,1.2018973229620262
740.0,0.3165853883527038,1082.36476007371,2994.1674801070767,1082.36476007371,3053.1674801070767,0.34092081391920726,1.2018973229620262,-0.0006054858732716443,1.0,3753,3753,1.2018973229620262
750.0,0.31184444756200286,1073.7044492737753,2997.401854242938,1073.7044492737753,3056.401854242938,0.35559769274060754,1.188066364844405,-0.00048781822757054444,1.0,3757,3757,1.188066364844405
760.0,0.2959218327695943,1081.7305346414298,3011.7078785872864,1081.7305346414298,3070.7078785872864,0.3336302938503974,1.1999916167189106,-0.0005579665693892313,1.0,3878,3878,1.1999916167189106
770.0,0.28353065173154046,1071.8202542646286,2998.046591893431,1071.8202542646286,3057.046591893431,0.3336302938503974,1.1999916167189106,-0.00045393434488801276,1.0,3929,3929,1.1999916167189106
780.0,0.2864409515545705,1081.8405501317304,3003.111434573927,1081.8405501317304,3062.111434573927,0.353607925071398,1.1808651210441194,-0.00047460101172794913,1.0,3914,3914,1.1808651210441194
790.0,0.2693200706565984,1090.128197927487,3024.488000501427,1090.128197927487,3083.488000501427,0.3068567911347408,1.1613062244362795,-0.0004943847500511881,1.0,4118,4118,1.1613062244362795
800.0,0.27113520931710783,1080.0904686662009,3002.7113580355463,1080.0904686662009,3061.7113580355463,0.33082695781088617,1.1744945147380292,-0.0005012063719917349,1.0,4091,4091,1.1744945147380292
810.0,0.26713672173387043,1071.6132249036568,2985.551696803854,1071.6132249036568,3044.551696803854,0.33082695781088617,1.1402592494521955,-0.00048433687863881376,1.0,4142,4142,1.1402592494521955
820.0,0.2658199436066063,1079.6914165002206,3003.140849214431,1079.6914165002206,3062.140849214431,0.33082695781088617,1.1860099828590467,-0.0005536197571386638,1.0,4194,4194,1.1860099828590467
830.0,0.26521348876846207,1072.7976227358918,2986.1180142270196,1072.7976227358918,3045.1180142270196,0.36302476184431626,1.1860099828590467,-0.000441724998562552,1.0,4131,4131,1.1860099828590467
840.0,0.2651412861447595,1076.5532035590265,2995.4187342072273,1076.5532035590265,3054.4187342072273,0.36302476184431626,1.1131765397371383,-0.0005266334313642917,1.0,4181,4181,1.1131765397371383
850.0,0.23862036652606666,1100.1007610477245,3004.346459056997,1100.1007610477245,3063.346459056997,0.31839621392559303,1.1901535229854867,-0.00041016403321783937,1.0,4391,4391,1.1901535229854867
860.0,0.2540005146497934,1081.422748639752,3011.1942806733928,1081.422748639752,3070.1942806733928,0.3443996773413007,1.1447742053077312,-0.0005743594069108061,1.0,4349,4349,1.1447742053077312
870.0,0.2417314312727949,1087.1914211372398,3015.0122227403567,1087.1914211372398,3074.0122227403567,0.3443996773413007,1.2425684453318544,-0.0004121062186439087,1.0,4399,4399,1.2425684453318544
880.0,0.24543044283821214,1080.9377211218637,3011.0368996048737,1080.9377211218637,3070.0368996048737,0.3443996773413007,1.190954539518126,-0.0004548835552411671,1.0,4450,4450,1.190954539518126
890.0,0.22928678359918586,1063.3311535585533,3011.9937143049015,1063.3311535585533,3070.9937143049015,0.3443996773413007,1.1179361223865167,-0.0003410191194539001,1.0,4501,4501,1.1179361223865167
900.0,0.22059853525771875,1062.0519990955675,3011.975951916775,1062.0519990955675,3070.975951916775,0.3176946766970617,1.198954262079848,-0.00036255844178607145,1.0,4652,4652,1.198954262079848
910.0,0.22192613704400801,1070.0298539612,3008.401877857061,1070.0298539612,3067.401877857061,0.3530630489915324,1.1727784531592185,-0.00037621307376493163,1.0,4568,4568,1.1727784531592185
920.0,0.20949711486351472,1069.7417406190316,3008.523017627714,1069.7417406190316,3067.523017627714,0.29842033250318256,1.1727784531592185,-0.00030014763016542403,1.0,4627,4627,1.1727784531592185
930.0,0.21609317291057423,1069.7417406190316,3008.523017627714,1069.7417406190316,3067.523017627714,0.3373371882026942,1.2415008998614192,-0.0004020727247818752,1.0,4416,4416,1.2415008998614192
940.0,0.2112659836513989,1069.7417406190316,3008.523017627714,1069.7417406190316,3067.523017627714,0.3445619382655598,1.221889739136389,-0.00031792935376660217,1.0,4406,4406,1.221889739136389
950.0,0.2167694613714369,1069.7417406190316,3008.523017627714,1069.7417406190316,3067.523017627714,0.36874587032825074,1.2400106069866867,-0.0003720357649355682,1.0,4318,4318,1.2400106069866867
960.0,0.2012643039783824,1078.2131174198998,2979.540317633628,1078.2131174198998,3038.540317633628,0.31566624808578525,1.1388650237863118,-0.00035471045250004145,1.0,4436,4436,1.1388650237863118
970.0,0.18932245348396137,1046.8271169889645,2989.1430998208966,1046.8271169889645,3048.1430998208966,0.31566624808578525,1.1631803767358178,-0.0002632782781621625,1.0,4469,4469,1.1631803767358178
980.0,0.19038528010762093,1067.2769871688029,3016.323157915491,1067.2769871688029,3075.323157915491,0.333935402441249,1.1631803767358178,-0.0002776702430047053,1.0,4537,4537,1.1631803767358178
990.0,0.17771154793808064,1071.454376544443,2998.6801671781654,1071.454376544443,3057.6801671781654,0.3075281430743337,1.1631803767358178,-0.00022373858881510973,1.0,4553,4553,1.1631803767358178
1000.0,0.17166875140815155,1062.319070463964,2991.849675257295,1062.319070463964,3050.849675257295,0.28943799122437047,1.1190833889300384,-0.00024555558423670855,1.0,4616,4616,1.1190833889300384
1010.0,0.18973437218028052,1051.8123296215626,2996.6021714839803,1051.8123296215626,3055.6021714839803,0.35608210562567005,1.1460078721811071,-0.0002793086332939636,1.0,4443,4443,1.1460078721811071
1020.0,0.177862380795958,1081.8184993189527,3000.9463709353795,1081.8184993189527,3059.9463709353795,0.3049146255399209,1.1460078721811071,-0.00036622417250835803,1.0,4621,4621,1.1460078721811071
1030.0,0.17728637432123326,1054.3314621244322,2975.0085275949596,1054.3314621244322,3034.0085275949596,0.303594745800339,1.0972301635945534,-0.00039791376414392154,1.0,4642,4642,1.0972301635945534
1040.0,0.17461403620767055,1054.3512789353224,2960.5467549323353,1054.3512789353224,3019.5467549323353,0.3257296968690518,1.1113489607333542,-0.00028624560208968325,1.0,4707,4707,1.1113489607333542
1050.0,0.16921718331012167,1069.5343404603302,3009.3092862007607,1069.5343404603302,3068.3092862007607,0.3166082243078691,1.1780441692442836,-6.370695516182597e-05,1.0,4730,4730,1.1780441692442836
1060.0,0.1844098401985093,1054.6421901252131,2977.3489789065356,1054.6421901252131,3036.3489789065356,0.34183678449068067,1.1814352849764937,-0.00038989397529380393,1.0,4626,4626,1.1814352849764937
1070.0,0.16540567244073692,1056.1354208677424,2992.0414372748587,1056.1354208677424,3051.0414372748587,0.33068320900626125,1.1567547199313344,-0.00028212282356728516,1.0,4774,4774,1.1567547199313344
1080.0,0.19640423606738802,1059.0053465315027,2997.8805874569325,1059.0053465315027,3056.8805874569325,0.39278370439224763,1.2035489748622705,-9.933432316199464e-05,1.0,4557,4557,1.2035489748622705
1090.0,0.1548831425922698,1047.454461709683,3005.5801723114796,1047.454461709683,3064.5801723114796,0.2939069998555593,1.225566368855606,-0.00022982197117726687,1.0,4896,4896,1.225566368855606
1100.0,0.14346271387115114,1066.8515669746064,2999.7074246653374,1066.8515669746064,3058.7074246653374,0.2939069998555593,1.1008499586658165,-0.0001306186846287701,1.0,4973,4973,1.1008499586658165
1110.0,0.14640953325155887,1056.4894029864643,2979.3053847959904,1056.4894029864643,3038.3053847959904,0.2939069998555593,1.1008499586658165,-0.00018845680897832003,1.0,5026,5026,1.1008499586658165
1120.0,0.1424523840287367,1062.4615900057745,3017.7731180475944,1062.4615900057745,3076.7731180475944,0.2939069998555593,1.1008499586658165,-0.00012670103087576316,1.0,5081,5081,1.1008499586658165
1130.0,0.13895649908827284,1057.3762153245225,3007.7605360120087,1057.3762153245225,3066.7605360120087,0.2939069998555593,1.1008499586658165,-0.00023488916133081295,1.0,5101,5101,1.1008499586658165
1140.0,0.13449835944181032,1053.6516593300676,3014.883055477562,1053.6516593300676,3073.883055477562,0.2939069998555593,1.1238832307849855,-0.00019331207484356123,1.0,5187,5187,1.1238832307849855
1150.0,0.12684171301285352,1023.4584370048686,3026.686941773067,1023.4584370048686,3085.686941773067,0.2082706650991033,1.1779647616796602,-0.00030714211478531216,1.0,5503,5503,1.1779647616796602
1160.0,0.13124869557228427,1060.5897811613665,3018.429867567749,1060.5897811613665,3077.429867567749,0.2821078023430671,0.9866802583439631,-0.0001792520686579863,1.0,5325,5325,0.9866802583439631
1170.0,0.12940163283956663,1078.9411400927156,3016.3178269945747,1078.9411400927156,3075.3178269945747,0.2821078023430671,1.143432433787086,-0.00021997061730132746,1.0,5354,5354,1.143432433787086
1180.0,0.12364801494854188,1059.498573717367,2982.670164415371,1059.498573717367,3041.670164415371,0.2821078023430671,1.0900833828693084,-0.0001727355745761154,1.0,5318,5318,1.0900833828693084
1190.0,0.11867376626598163,1035.6143575552692,2993.036765337748,1035.6143575552692,3052.036765337748,0.2661962956784625,1.2063569907797151,-0.00017408012481899115,1.0,5673,5673,1.2063569907797151
1200.0,0.11878491081430563,1049.1580963698896,2987.561119616605,1049.1580963698896,3046.561119616605,0.2661962956784625,1.1705517893576383,-0.00017240507464604178,1.0,5706,5706,1.1705517893576383
1210.0,0.12998777852621415,1039.6959829952502,2964.090218852251,1039.6959829952502,3023.090218852251,0.32877293896658577,1.2026781849898442,-0.00019884282337824543,1.0,5557,5557,1.2026781849898442
1220.0,0.12001143262582503,1043.4871193629067,2992.434230049384,1043.4871193629067,3051.434230049384,0.2918433577858327,1.205219218250628,-0.00013000368113573422,1.0,5555,5555,1.205219218250628
1230.0,0.11765782483533803,1043.4871193629067,2992.434230049384,1043.4871193629067,3051.434230049384,0.2918433577858327,1.205219218250628,-0.00017050840129842235,1.0,5507,5507,1.205219218250628
1240.0,0.11571495950396343,1043.4871193629067,2992.434230049384,1043.4871193629067,3051.434230049384,0.2918433577858327,1.205219218250628,-0.00021839276585434525,1.0,5471,5471,1.205219218250628
1250.0,0.11553903209314398,1043.4871193629067,2992.434230049384,1043.4871193629067,3051.434230049384,0.2918433577858327,1.205219218250628,-0.000241123611708944,1.0,5436,5436,1.205219218250628
1260.0,0.11276931650847637,1043.4871193629067,2992.434230049384,1043.4871193629067,3051.434230049384,0.2918433577858327,1.205219218250628,-0.00019536004486692864,1.0,5339,5339,1.205219218250628
1270.0,0.10944354155706935,1043.4871193629067,2992.434230049384,1043.4871193629067,3051.434230049384,0.2918433577858327,1.205219218250628,-0.00017750326869741512,1.0,5238,5238,1.205219218250628
1280.0,0.10866377475498872,1043.4871193629067,2992.434230049384,1043.4871193629067,3051.434230049384,0.2918433577858327,1.205219218250628,-0.00024349674799563,1.0,5237,5237,1.205219218250628
1290.0,0.10584836067977822,1043.4871193629067,2992.434230049384,1043.4871193629067,3051.434230049384,0.2918433577858327,1.205219218250628,-0.000248092232434058,1.0,5303,5303,1.205219218250628
1300.0,0.10671653983077847,1043.4871193629067,2992.434230049384,1043.4871193629067,3051.434230049384,0.2918433577858327,1.205219218250628,-0.0002693958315571787,1.0,5369,5369,1.205219218250628
1310.0,0.102996413430552,1043.4871193629067,2992.434230049384,1043.4871193629067,3051.434230049384,0.2918433577858327,1.205219218250628,-0.000270183761136708,1.0,5280,5280,1.205219218250628
1320.0,0.12268859020770914,1043.4871193629067,2992.434230049384,1043.4871193629067,3051.434230049384,0.2918433577858327,1.205219218250628,-0.0003969532418583453,1.0,5255,5255,1.205219218250628
1330.0,0.10357469119328856,1043.4871193629067,2992.434230049384,1043.4871193629067,3051.434230049384,0.2918433577858327,1.205219218250628,-0.00025842946758285065,1.0,5278,5278,1.205219218250628
1340.0,0.10412384829137017,1043.4871193629067,2992.434230049384,1043.4871193629067,3051.434230049384,0.2918433577858327,1.205219218250628,-0.0002618243808052983,1.0,5220,5220,1.205219218250628
1350.0,0.09307660076851555,1043.4871193629067,2992.434230049384,1043.4871193629067,3051.434230049384,0.2918433577858327,1.205219218250628,-7.788505416059387e-05,1.0,4716,4716,1.205219218250628
1360.0,0.09226937070774222,1043.4871193629067,2992.434230049384,1043.4871193629067,3051.434230049384,0.2918433577858327,1.205219218250628,-0.00018197058272921042,1.0,4484,4484,1.205219218250628
1370.0,0.08826906590973937,1043.4871193629067,2992.434230049384,1043.4871193629067,3051.434230049384,0.2918433577858327,1.205219218250628,-0.00025393130805800526,1.0,4121,4121,1.205219218250628
1380.0,0.08980922002670781,1043.4871193629067,2992.434230049384,1043.4871193629067,3051.434230049384,0.2918433577858327,1.205219218250628,-0.00032987857807012435,1.0,3861,3861,1.205219218250628
1390.0,0.08685313911668362,1043.4871193629067,2992.434230049384,1043.4871193629067,3051.434230049384,0.2918433577858327,1.205219218250628,-0.000313338984753398,1.0,3657,3657,1.205219218250628
1400.0,0.08758123729640424,1043.4871193629067,2992.434230049384,1043.4871193629067,3051.434230049384,0.2918433577858327,1.205219218250628,-0.00035932784354144107,1.0,3319,3319,1.205219218250628
1410.0,0.07601916040074529,1043.4871193629067,2992.434230049384,1043.4871193629067,3051.434230049384,0.2918433577858327,1.205219218250628,-0.0003080664934260813,1.0,3121,3121,1.205219218250628
1420.0,0.07322798406463708,1043.4871193629067,2992.434230049384,1043.4871193629067,3051.434230049384,0.2918433577858327,1.205219218250628,-0.00029211700831976057,1.0,3036,3036,1.205219218250628
1430.0,0.07155489565829519,1043.4871193629067,2992.434230049384,1043.4871193629067,3051.434230049384,0.2918433577858327,1.205219218250628,-0.0002664189089963432,1.0,2730,2730,1.205219218250628
1440.0,0.06793743226572117,1043.4871193629067,2992.434230049384,1043.4871193629067,3051.434230049384,0.2918433577858327,1.205219218250628,-0.00018196287269410695,1.0,2627,2627,1.205219218250628
1450.0,0.07607560927359601,1043.4871193629067,2992.434230049384,1043.4871193629067,3051.434230049384,0.2918433577858327,1.205219218250628,-0.00013863641252449954,1.0,2541,2541,1.205219218250628
1460.0,0.06921418806103581,1043.4871193629067,2992.434230049384,1043.4871193629067,3051.434230049384,0.2918433577858327,1.205219218250628,-0.0001832784796186235,1.0,2468,2468,1.205219218250628
1470.0,0.06770632612868265,1043.4871193629067,2992.434230049384,1043.4871193629067,3051.434230049384,0.2918433577858327,1.205219218250628,-0.0002414812393503806,1.0,2395,2395,1.205219218250628
1480.0,0.07180144880066497,1043.4871193629067,2992.434230049384,1043.4871193629067,3051.434230049384,0.2918433577858327,1.205219218250628,-0.0003043438530921218,1.0,2274,2274,1.205219218250628
1490.0,0.10146806756856265,1043.4871193629067,2992.434230049384,1043.4871193629067,3051.434230049384,0.2918433577858327,1.205219218250628,-0.0005063416095599121,1.0,2264,2264,1.205219218250628
1500.0,0.06197785105661024,1043.4871193629067,2992.434230049384,1043.4871193629067,3051.434230049384,0.2918433577858327,1.205219218250628,-0.0002475844601115338,1.0,2276,2276,1.205219218250628
1510.0,0.052226995779750186,1043.4871193629067,2992.434230049384,1043.4871193629067,3051.434230049384,0.2918433577858327,1.205219218250628,-0.00018963970122050329,1.0,2137,2137,1.205219218250628
1520.0,0.043397789933180185,1043.4871193629067,2992.434230049384,1043.4871193629067,3051.434230049384,0.2918433577858327,1.205219218250628,-0.00013748597542100283,1.0,2021,2021,1.205219218250628
1530.0,0.044361208037540366,1043.4871193629067,2992.434230049384,1043.4871193629067,3051.434230049384,0.2918433577858327,1.205219218250628,-0.00014801180953578154,1.0,2151,2151,1.205219218250628
1540.0,0.037184666865599195,1043.4871193629067,2992.434230049384,1043.4871193629067,3051.434230049384,0.2918433577858327,1.205219218250628,-0.00010424556813609896,1.0,2059,2059,1.205219218250628
1550.0,0.03296327897233253,1043.4871193629067,2992.434230049384,1043.4871193629067,3051.434230049384,0.2918433577858327,1.205219218250628,-8.260387212751174e-05,1.0,2221,2221,1.205219218250628
1560.0,0.03177445770343392,1043.4871193629067,2992.434230049384,1043.4871193629067,3051.434230049384,0.2918433577858327,1.205219218250628,-7.85524917434238e-05,1.0,2447,2447,1.205219218250628
1570.0,0.032304005484194286,1043.4871193629067,2992.434230049384,1043.4871193629067,3051.434230049384,0.2918433577858327,1.205219218250628,-8.248382210585514e-05,1.0,2687,2687,1.205219218250628
1580.0,0.03676061494900805,1043.4871193629067,2992.434230049384,1043.4871193629067,3051.434230049384,0.2918433577858327,1.205219218250628,-0.00011738193532372676,1.0,2674,2674,1.205219218250628
1590.0,0.04470705069550181,1043.4871193629067,2992.434230049384,1043.4871193629067,3051.434230049384,0.2918433577858327,1.205219218250628,-0.00017219691944644327,1.0,2788,2788,1.205219218250628
1600.0,0.05998574383206292,1043.4871193629067,2992.434230049384,1043.4871193629067,3051.434230049384,0.2918433577858327,1.205219218250628,-0.0002719082137677674,1.0,2763,2763,1.205219218250628
1610.0,0.04002221477547157,1043.4871193629067,2992.434230049384,1043.4871193629067,3051.434230049384,0.2918433577858327,1.205219218250628,-0.00014974518312317758,1.0,2773,2773,1.205219218250628
1620.0,0.031339603554935466,1043.4871193629067,2992.434230049384,1043.4871193629067,3051.434230049384,0.2918433577858327,1.205219218250628,-9.797242388902852e-05,1.0,2979,2979,1.205219218250628
1630.0,0.02657317587560621,1043.4871193629067,2992.434230049384,1043.4871193629067,3051.434230049384,0.2918433577858327,1.205219218250628,-7.832085661412518e-05,1.0,2878,2878,1.205219218250628
1640.0,0.025865726311347537,1043.4871193629067,2992.434230049384,1043.4871193629067,3051.434230049384,0.2918433577858327,1.205219218250628,-7.415939965439972e-05,1.0,3017,3017,1.205219218250628
1650.0,0.024766831937804223,1043.4871193629067,2992.434230049384,1043.4871193629067,3051.434230049384,0.2918433577858327,1.205219218250628,-7.476802677164285e-05,1.0,3064,3064,1.205219218250628
1660.0,0.023774154145257225,1043.4871193629067,2992.434230049384,1043.4871193629067,3051.434230049384,0.2918433577858327,1.205219218250628,-7.26742297220644e-05,1.0,3117,3117,1.205219218250628
1670.0,0.0231130235709258,1043.4871193629067,2992.434230049384,1043.4871193629067,3051.434230049384,0.2918433577858327,1.205219218250628,-6.96440580341001e-05,1.0,3167,3167,1.205219218250628
1680.0,0.02257214955003303,1043.4871193629067,2992.434230049384,1043.4871193629067,3051.434230049384,0.2918433577858327,1.205219218250628,-6.470629688455363e-05,1.0,3238,3238,1.205219218250628
1690.0,0.02149053618624071,1043.4871193629067,2992.434230049384,1043.4871193629067,3051.434230049384,0.2918433577858327,1.205219218250628,-6.197833245441939e-05,1.0,3325,3325,1.205219218250628
1700.0,0.02094449887692221,1043.4871193629067,2992.434230049384,1043.4871193629067,3051.434230049384,0.2918433577858327,1.205219218250628,-6.108460456041396e-05,1.0,3315,3315,1.205219218250628
1710.0,0.0203904489897382,1043.4871193629067,2992.434230049384,1043.4871193629067,3051.434230049384,0.2918433577858327,1.205219218250628,-5.938376963287906e-05,1.0,3460,3460,1.205219218250628
1720.0,0.018677468091587907,1043.4871193629067,2992.434230049384,1043.4871193629067,3051.434230049384,0.2918433577858327,1.205219218250628,-5.267797354686316e-05,1.0,3529,3529,1.205219218250628
1730.0,0.018214452070457826,1043.4871193629067,2992.434230049384,1043.4871193629067,3051.434230049384,0.2918433577858327,1.205219218250628,-5.200719132904355e-05,1.0,3495,3495,1.205219218250628
1740.0,0.01865660777356813,1043.4871193629067,2992.434230049384,1043.4871193629067,3051.434230049384,0.2918433577858327,1.205219218250628,-5.689520151936188e-05,1.0,3507,3507,1.205219218250628
1750.0,0.017018572296044643,1043.4871193629067,2992.434230049384,1043.4871193629067,3051.434230049384,0.2918433577858327,1.205219218250628,-5.284602287342022e-05,1.0,3655,3655,1.205219218250628
1760.0,0.016600357063895652,1043.4871193629067,2992.434230049384,1043.4871193629067,3051.434230049384,0.2918433577858327,1.205219218250628,-5.3690819455989484e-05,1.0,3586,3586,1.205219218250628
1770.0,0.01580860417029385,1043.4871193629067,2992.434230049384,1043.4871193629067,3051.434230049384,0.2918433577858327,1.205219218250628,-5.3966260528863726e-05,1.0,3758,3758,1.205219218250628
1780.0,0.015808863043845184,1043.4871193629067,2992.434230049384,1043.4871193629067,3051.434230049384,0.2918433577858327,1.205219218250628,-5.704775193983286e-05,1.0,3739,3739,1.205219218250628
1790.0,0.014495062489329138,1043.4871193629067,2992.434230049384,1043.4871193629067,3051.434230049384,0.2918433577858327,1.205219218250628,-5.278240443843343e-05,1.0,3788,3788,1.205219218250628
1800.0,0.014118173831190716,1043.4871193629067,2992.434230049384,1043.4871193629067,3051.434230049384,0.2918433577858327,1.205219218250628,-5.016705365949207e-05,1.0,3814,3814,1.205219218250628
1810.0,0.012822174108584437,1043.4871193629067,2992.434230049384,1043.4871193629067,3051.434230049384,0.2918433577858327,1.205219218250628,-4.768934886735883e-05,1.0,3725,3725,1.205219218250628
1820.0,0.012216076450764618,1043.4871193629067,2992.434230049384,1043.4871193629067,3051.434230049384,0.2918433577858327,1.205219218250628,-4.443954009532234e-05,1.0,3876,3876,1.205219218250628
1830.0,0.012302903793805296,1043.4871193629067,2992.434230049384,1043.4871193629067,3051.434230049384,0.2918433577858327,1.205219218250628,-4.9116230989097474e-05,1.0,3839,3839,1.205219218250628
1840.0,0.010846042261038991,1043.4871193629067,2992.434230049384,1043.4871193629067,3051.434230049384,0.2918433577858327,1.205219218250628,-4.1622102344569304e-05,1.0,3844,3844,1.205219218250628
1850.0,0.011764855200184107,1043.4871193629067,2992.434230049384,1043.4871193629067,3051.434230049384,0.2918433577858327,1.205219218250628,-4.656858916969981e-05,1.0,3845,3845,1.205219218250628
1860.0,0.010807292449532414,1043.4871193629067,2992.434230049384,1043.4871193629067,3051.434230049384,0.2918433577858327,1.205219218250628,-4.22085455106342e-05,1.0,4015,4015,1.205219218250628
1870.0,0.010518532710851155,1043.4871193629067,2992.434230049384,1043.4871193629067,3051.434230049384,0.2918433577858327,1.205219218250628,-4.2755983469793674e-05,1.0,3958,3958,1.205219218250628
1880.0,0.010244697515583798,1043.4871193629067,2992.434230049384,1043.4871193629067,3051.434230049384,0.2918433577858327,1.205219218250628,-4.118349406918456e-05,1.0,4012,4012,1.205219218250628
1890.0,0.010326292798521864,1043.4871193629067,2992.434230049384,1043.4871193629067,3051.434230049384,0.2918433577858327,1.205219218250628,-3.992892965859873e-05,1.0,3978,3978,1.205219218250628
1900.0,0.00918641580585341,1043.4871193629067,2992.434230049384,1043.4871193629067,3051.434230049384,0.2918433577858327,1.205219218250628,-2.2590533434232318e-05,1.0,3941,3941,1.205219218250628
1910.0,0.007478765132714977,1043.4871193629067,2992.434230049384,1043.4871193629067,3051.434230049384,0.2918433577858327,1.205219218250628,-7.926091213937897e-06,1.0,3938,3938,1.205219218250628
1920.0,0.008388134633574183,1043.4871193629067,2992.434230049384,1043.4871193629067,3051.434230049384,0.2918433577858327,1.205219218250628,-2.4956142126926035e-05,1.0,3977,3977,1.205219218250628
1930.0,0.007272790171485663,1043.4871193629067,2992.434230049384,1043.4871193629067,3051.434230049384,0.2918433577858327,1.205219218250628,-2.5470632995612888e-05,1.0,4064,4064,1.205219218250628
1940.0,0.006925024200433218,1043.4871193629067,2992.434230049384,1043.4871193629067,3051.434230049384,0.2918433577858327,1.205219218250628,-2.3168846405917836e-05,1.0,4019,4019,1.205219218250628
1950.0,0.00609998339822285,1043.4871193629067,2992.434230049384,1043.4871193629067,3051.434230049384,0.2918433577858327,1.205219218250628,-1.4935553720003118e-05,1.0,4060,4060,1.205219218250628
1960.0,0.0060102882577598325,1043.4871193629067,2992.434230049384,1043.4871193629067,3051.434230049384,0.2918433577858327,1.205219218250628,-1.6414113515846366e-05,1.0,4085,4085,1.205219218250628
1970.0,0.005017147511475817,1043.4871193629067,2992.434230049384,1043.4871193629067,3051.434230049384,0.2918433577858327,1.205219218250628,-1.2656362310731427e-05,1.0,4167,4167,1.205219218250628
1980.0,0.005147182366274094,1043.4871193629067,2992.434230049384,1043.4871193629067,3051.434230049384,0.2918433577858327,1.205219218250628,-8.163756551818637e-06,1.0,4186,4186,1.205219218250628
1990.0,0.004242303988606318,1043.4871193629067,2992.434230049384,1043.4871193629067,3051.434230049384,0.2918433577858327,1.205219218250628,-9.773191396900456e-06,1.0,4150,4150,1.205219218250628
