galaxy,ring,branch,k,Pk,Pk_error,Pk_count,E_median,E_mad
NGC 4472,inner,no_winsor,0.004471940459873727,248.80288624961634,77.68138856263396,437,0.9225486109112179,0.007816778476365064
NGC 4472,inner,no_winsor,0.013415821379621183,3.0164494506139463,0.12450171122595066,1296,0.8391477296258637,0.003831127985759881
NGC 4472,inner,no_winsor,0.022359702299368636,1.335612246264519,0.029692842602900883,2144,0.7590069837467195,0.004898275253990305
NGC 4472,inner,no_winsor,0.031303583219116096,0.9821491445692941,0.018009504323014132,3000,0.695458088799791,0.0033705104232746945
NGC 4472,inner,no_winsor,0.04024746413886354,0.882185946629285,0.014238838232993687,3888,0.6431552839139251,0.0015467769877576729
NGC 4472,inner,no_winsor,0.049191345058611,0.793516244243903,0.0118120040248275,4760,0.60209857529837,0.002331565651235828
NGC 4472,inner,no_winsor,0.058135225978358455,0.7532318039850845,0.009968288129318855,5556,0.5673361400654868,0.0025324973881555787
NGC 4472,inner,no_winsor,0.06707910689810591,0.6288805299014258,0.0076616487370047915,6500,0.5367442816177791,0.0014357194035673755
NGC 4472,inner,no_winsor,0.07602298781785337,0.5966157408039807,0.006861382247851174,7304,0.5047520356290873,0.0017600661624011778
NGC 4472,inner,no_winsor,0.08496686873760081,0.5420276783959918,0.005908661655012818,8184,0.4744260414653753,0.0005042983944954657
NGC 4472,inner,no_winsor,0.09391074965734827,0.5092778254281016,0.005310480144277385,9016,0.44393122676505886,0.0009368308507147322
NGC 4472,inner,no_winsor,0.10285463057709573,0.45652806178283534,0.004633676566519079,9952,0.4169696394450127,0.0006298325761943723
NGC 4472,inner,no_winsor,0.1117985114968432,0.38922980282874375,0.0037179173402152143,10752,0.39032540270867055,0.0008474445475207483
NGC 4472,inner,no_winsor,0.12074239241659063,0.36468495441010595,0.0033542809619994903,11588,0.36532223932391056,0.0012411049837607706
NGC 4472,inner,no_winsor,0.1296862733363381,0.3371545218333756,0.0029652476949179885,12524,0.3423168306977415,0.0009418018274800352
NGC 4472,inner,no_winsor,0.13863015425608555,0.2978135543881892,0.0026368708795585327,13344,0.3214152435422456,0.0010681598068734777
NGC 4472,inner,no_winsor,0.147574035175833,0.28557239729010836,0.002399887296515344,14208,0.3017773052605848,0.0018358521524983974
NGC 4472,inner,no_winsor,0.15651791609558047,0.2532134532204508,0.0020847379674249805,15040,0.2823508908967206,0.0005014339590284552
NGC 4472,inner,no_winsor,0.16546179701532793,0.22029398252319402,0.0017331471567733291,16000,0.263893696883208,0.0018721250650745051
NGC 4472,inner,no_winsor,0.17440567793507536,0.1984667637688516,0.0015335758321548742,16776,0.24650938117559512,0.0019171409729298204
NGC 4472,inner,no_winsor,0.18334955885482282,0.17639787532740658,0.0013478171209355115,17612,0.2296829931017871,0.0009581788343511653
NGC 4472,inner,no_winsor,0.19229343977457028,0.15676269583260138,0.0011379866747872084,18532,0.21361988872254314,0.0006094385778005032
NGC 4472,inner,no_winsor,0.20123732069431774,0.14493049058442703,0.0010407996859691337,19408,0.19927250439561878,0.00046178754845736797
NGC 4472,inner,no_winsor,0.2101812016140652,0.12571130424928148,0.0008886268262567774,20204,0.1857353637927296,0.0009853654210626509
NGC 4472,inner,no_winsor,0.21912508253381263,0.11276130925874055,0.0007629790942326073,21104,0.17337481605291846,0.001417438526994221
NGC 4472,inner,no_winsor,0.2280689634535601,0.10119837936328811,0.0006913058799638217,21988,0.16146803413258637,0.0005966317880453597
NGC 4472,inner,no_winsor,0.23701284437330755,0.08775654925800327,0.0005756506046186253,22816,0.15162784101400298,0.000923871761791822
NGC 4472,inner,no_winsor,0.245956725293055,0.07892355747910501,0.0005134137308232933,23620,0.14202732500867987,0.00018415534124558057
NGC 4472,inner,no_winsor,0.2549006062128024,0.07109586361193847,0.00045414933206897507,24612,0.134379604382519,0.000917656160754269
NGC 4472,inner,no_winsor,0.26384448713254993,0.0663552979598426,0.00042102146153943476,25400,0.12724224967305428,0.0009284907180410028
NGC 4472,inner,no_winsor,0.27278836805229734,0.06082757901974923,0.00037956637947072694,26260,0.12152267889596688,0.0005933520431799811
NGC 4472,inner,no_winsor,0.28173224897204485,0.05226220902911835,0.000317062492428245,27104,0.11557437599835332,0.0002076562340063252
NGC 4472,inner,no_winsor,0.29067612989179226,0.047607308489252965,0.0002842129016958605,27972,0.11057743040566057,0.0005000235228525891
NGC 4472,inner,no_winsor,0.29962001081153977,0.042142085476900806,0.0002496630347173607,28848,0.10534787123618877,0.0006089562411082577
NGC 4472,inner,no_winsor,0.3085638917312872,0.03821935930741459,0.00022312828797545472,29756,0.10047331905071658,0.0003053558936446097
NGC 4472,inner,no_winsor,0.3175077726510347,0.03464375855140278,0.00020286013664318022,30580,0.09557274891822186,0.0005204720984325325
NGC 4472,inner,no_winsor,0.3264516535707821,0.03034223337979724,0.00017248797039455204,31400,0.0904747509824637,0.0006628573622414802
NGC 4472,inner,no_winsor,0.33539553449052956,0.026604418242841456,0.0001485289423559711,32284,0.08526816543948774,0.0004130919195175919
NGC 4472,inner,no_winsor,0.344339415410277,0.02382931980112891,0.00013324195494225814,33152,0.0800412652768726,0.0007786993495938985
NGC 4472,inner,no_winsor,0.3532832963300244,0.020498992071288795,0.00011419155750601715,34084,0.07438978784851358,0.000553372731308321
NGC 4472,inner,no_winsor,0.36222717724977194,0.018007631779596453,9.745573481304787e-05,34776,0.0691389075865033,0.0003969367942602739
NGC 4472,inner,no_winsor,0.37117105816951934,0.01505370830345861,8.259018839935667e-05,35804,0.06380894073500244,0.0004129685969185615
NGC 4472,inner,no_winsor,0.38011493908926686,0.012797862889409825,6.80686065656885e-05,36560,0.05861190141382347,0.00047885570054068144
NGC 4472,inner,no_winsor,0.38905882000901426,0.010918448660427372,5.768946021489522e-05,37508,0.053392734443880166,0.0003412796084661923
NGC 4472,inner,no_winsor,0.3980027009287618,0.009154207760980877,4.766636076501458e-05,38284,0.04856172971509565,0.00027905855114198394
NGC 4472,inner,no_winsor,0.4069465818485092,0.007676538737719773,3.9737471126123454e-05,39264,0.044134590466083354,0.00024744139745745073
NGC 4472,inner,no_winsor,0.4158904627682567,0.006244734200957756,3.2222014664816695e-05,40060,0.03984881904936938,0.0003568525904812625
NGC 4472,inner,no_winsor,0.4248343436880041,0.005390555699790412,2.7569188835597685e-05,40804,0.03584401361510297,0.00018453062500196476
NGC 4472,inner,no_winsor,0.43377822460775156,0.004447479728897905,2.2734404086368895e-05,41848,0.03231971787317214,0.00020787671733277357
NGC 4472,inner,no_winsor,0.442722105527499,0.0036912223613495116,1.8391899035710936e-05,42600,0.02911346590919274,0.00040904600942226883
NGC 4472,inner,no_winsor,0.4516659864472464,0.003090651565144775,1.5376858795665244e-05,43508,0.026306704532139208,0.00031981809015075625
NGC 4472,inner,no_winsor,0.46060986736699394,0.002578127303792984,1.2597174788207303e-05,44324,0.023946614266734,0.0002336136550899663
NGC 4472,inner,no_winsor,0.46955374828674135,0.0022385402402109664,1.0792731718080581e-05,45296,0.021890428910122342,0.0002309740776207911
NGC 4472,inner,no_winsor,0.47849762920648886,0.0019294334940572401,9.343398835493759e-06,46052,0.020061282454463224,0.00023915958643796616
NGC 4472,inner,no_winsor,0.48744151012623627,0.0017591846604237994,1.1936965153964305e-05,46836,0.018553818919231076,0.00025730605584772966
NGC 4472,inner,no_winsor,0.4963853910459837,0.0015974445201231522,1.1650048977669538e-05,47564,0.017286656009508804,0.00011951702843129034
NGC 4472,inner,no_winsor,0.5053292719657312,0.001297561609648914,6.580637280518294e-06,40064,0.012934174657203375,0.0002046193947597506
NGC 4472,inner,no_winsor,0.5142731528854787,0.0010641804253538763,5.891093704541721e-06,34700,0.009796291610531192,0.00011570427884776843
NGC 4472,inner,no_winsor,0.5232170338052261,0.0009599761290184848,5.605266831849118e-06,31144,0.007657643699278509,3.788024033114164e-05
NGC 4472,inner,no_winsor,0.5321609147249735,0.0008425393201373892,5.061354198771783e-06,28488,0.005953497560775142,3.062649495290786e-05
NGC 4472,inner,no_winsor,0.541104795644721,0.0007900079100205286,5.14075594955353e-06,26016,0.004649172812036482,4.6873093467782576e-05
NGC 4472,inner,no_winsor,0.5500486765644685,0.0007230359362814478,4.700600538942103e-06,24100,0.003582078239886939,4.633054394905105e-05
NGC 4472,inner,no_winsor,0.558992557484216,0.0006467186187313286,4.400726989526834e-06,22016,0.0027330351722589332,3.4507712221600246e-05
NGC 4472,inner,no_winsor,0.5679364384039634,0.000632770476382465,4.4873596743723435e-06,20280,0.002043472450826352,2.621977635533631e-05
NGC 4472,inner,no_winsor,0.5768803193237109,0.0006200323035771033,4.609974502176323e-06,18636,0.0014960208660980512,2.0883252554949196e-05
NGC 4472,inner,no_winsor,0.5858242002434583,0.0006067879121094884,4.68408793168503e-06,17000,0.0010682343129642645,1.9254804402065684e-05
NGC 4472,inner,no_winsor,0.5947680811632057,0.0005974027239225412,4.648349450137491e-06,15600,0.0007569844935046224,1.4372982156678161e-05
NGC 4472,inner,no_winsor,0.6037119620829532,0.0006136314806165883,5.234866368557692e-06,14056,0.0005425732291429913,1.2170047814837114e-05
NGC 4472,inner,no_winsor,0.6126558430027007,0.0005895967268431418,5.245774142266838e-06,12772,0.0003960967679370071,8.179493931952103e-06
NGC 4472,inner,no_winsor,0.6215997239224481,0.0006241228123410835,6.001200199446101e-06,11304,0.0003052598244389013,6.379535247758152e-06
NGC 4472,inner,no_winsor,0.6305436048421955,0.0006117724304903895,6.105230125149271e-06,10136,0.00024924203733649376,2.8553813288977565e-06
NGC 4472,inner,no_winsor,0.639487485761943,0.0006208317643579811,6.680037485861242e-06,8788,0.0002150942186373316,3.429829135231885e-07
NGC 4472,inner,no_winsor,0.6484313666816905,0.0006239576558553201,7.008159159336379e-06,7560,0.0001963040363604598,1.2757513982515101e-06
NGC 4472,inner,no_winsor,0.657375247601438,0.0006214094834133038,7.836232725740362e-06,6368,0.00019004637679782905,5.882109955955044e-07
NGC 4472,inner,no_winsor,0.6663191285211854,0.0006010114298833943,8.428544409362625e-06,5144,0.00018590317036349443,1.137357407591432e-06
NGC 4472,inner,no_winsor,0.6752630094409329,0.0005887718358958231,8.959945987704693e-06,4028,0.00018166605678309987,2.084467327309206e-06
NGC 4472,inner,no_winsor,0.6842068903606803,0.0005459366965860143,9.922763178923028e-06,2808,0.00018123424054785044,2.4970442333883327e-06
NGC 4472,inner,no_winsor,0.6931507712804277,0.0006383992336430396,1.5021947801802904e-05,1768,0.0001805895641149027,1.4577518424098393e-06
NGC 4472,inner,no_winsor,0.7020946522001752,0.000575897753949145,2.4871086411571027e-05,608,0.00018031981990859332,4.104084489051842e-07
NGC 4472,inner,raw_global_3p5,0.004471940459873727,240.81898224392705,75.1550271296851,437,0.9225486109112179,0.007816778476365064
NGC 4472,inner,raw_global_3p5,0.013415821379621183,2.9197363063930624,0.12184817459704303,1296,0.8391477296258637,0.003831127985759881
NGC 4472,inner,raw_global_3p5,0.022359702299368636,1.2652236898273053,0.028255932060977908,2144,0.7590069837467195,0.004898275253990305
NGC 4472,inner,raw_global_3p5,0.031303583219116096,0.9194109491185609,0.017011258604399657,3000,0.695458088799791,0.0033705104232746945
NGC 4472,inner,raw_global_3p5,0.04024746413886354,0.8280593905109568,0.013343551264204168,3888,0.6431552839139251,0.0015467769877576729
NGC 4472,inner,raw_global_3p5,0.049191345058611,0.7407838275088126,0.010971717403979722,4760,0.60209857529837,0.002331565651235828
NGC 4472,inner,raw_global_3p5,0.058135225978358455,0.7009694763844305,0.009318060416061098,5556,0.5673361400654868,0.0025324973881555787
NGC 4472,inner,raw_global_3p5,0.06707910689810591,0.584651760541668,0.007149371961932469,6500,0.5367442816177791,0.0014357194035673755
NGC 4472,inner,raw_global_3p5,0.07602298781785337,0.5613612547067764,0.006449214084345814,7304,0.5047520356290873,0.0017600661624011778
NGC 4472,inner,raw_global_3p5,0.08496686873760081,0.504860834585376,0.005513047845133885,8184,0.4744260414653753,0.0005042983944954657
NGC 4472,inner,raw_global_3p5,0.09391074965734827,0.47164433799601646,0.0049322310182094535,9016,0.44393122676505886,0.0009368308507147322
NGC 4472,inner,raw_global_3p5,0.10285463057709573,0.42594736924715265,0.004319673804312886,9952,0.4169696394450127,0.0006298325761943723
NGC 4472,inner,raw_global_3p5,0.1117985114968432,0.359973076370382,0.003443012755145249,10752,0.39032540270867055,0.0008474445475207483
NGC 4472,inner,raw_global_3p5,0.12074239241659063,0.34108350144635363,0.003117868943229664,11588,0.36532223932391056,0.0012411049837607706
NGC 4472,inner,raw_global_3p5,0.1296862733363381,0.3134382403341467,0.0027486162426082427,12524,0.3423168306977415,0.0009418018274800352
NGC 4472,inner,raw_global_3p5,0.13863015425608555,0.2780273671663237,0.0024690140046188056,13344,0.3214152435422456,0.0010681598068734777
NGC 4472,inner,raw_global_3p5,0.147574035175833,0.2662694246453037,0.0022382176246729226,14208,0.3017773052605848,0.0018358521524983974
NGC 4472,inner,raw_global_3p5,0.15651791609558047,0.23520232391715618,0.0019304272094778415,15040,0.2823508908967206,0.0005014339590284552
NGC 4472,inner,raw_global_3p5,0.16546179701532793,0.20405203289104545,0.0016058069119385373,16000,0.263893696883208,0.0018721250650745051
NGC 4472,inner,raw_global_3p5,0.17440567793507536,0.1844977389198511,0.0014201867835589546,16776,0.24650938117559512,0.0019171409729298204
NGC 4472,inner,raw_global_3p5,0.18334955885482282,0.16419381906551858,0.0012527809002146634,17612,0.2296829931017871,0.0009581788343511653
NGC 4472,inner,raw_global_3p5,0.19229343977457028,0.14560679072804178,0.0010641112607372226,18532,0.21361988872254314,0.0006094385778005032
NGC 4472,inner,raw_global_3p5,0.20123732069431774,0.135721363308128,0.0009686552647409915,19408,0.19927250439561878,0.00046178754845736797
NGC 4472,inner,raw_global_3p5,0.2101812016140652,0.11593288084999662,0.0008205386208819764,20204,0.1857353637927296,0.0009853654210626509
NGC 4472,inner,raw_global_3p5,0.21912508253381263,0.10442667549389166,0.000704070649669892,21104,0.17337481605291846,0.001417438526994221
NGC 4472,inner,raw_global_3p5,0.2280689634535601,0.09370001683585683,0.0006404296505589362,21988,0.16146803413258637,0.0005966317880453597
NGC 4472,inner,raw_global_3p5,0.23701284437330755,0.08144760880732284,0.0005346894624939806,22816,0.15162784101400298,0.000923871761791822
NGC 4472,inner,raw_global_3p5,0.245956725293055,0.07340553894310273,0.00048017754712776267,23620,0.14202732500867987,0.00018415534124558057
NGC 4472,inner,raw_global_3p5,0.2549006062128024,0.06526721955023758,0.000418342156326888,24612,0.134379604382519,0.000917656160754269
NGC 4472,inner,raw_global_3p5,0.26384448713254993,0.06106820476223816,0.0003887749862001123,25400,0.12724224967305428,0.0009284907180410028
NGC 4472,inner,raw_global_3p5,0.27278836805229734,0.05590280825765878,0.00034607495605055397,26260,0.12152267889596688,0.0005933520431799811
NGC 4472,inner,raw_global_3p5,0.28173224897204485,0.048258391721604246,0.0002928197789878533,27104,0.11557437599835332,0.0002076562340063252
NGC 4472,inner,raw_global_3p5,0.29067612989179226,0.044216329649625484,0.0002643726797974512,27972,0.11057743040566057,0.0005000235228525891
NGC 4472,inner,raw_global_3p5,0.29962001081153977,0.0389751827782319,0.00023115154103143154,28848,0.10534787123618877,0.0006089562411082577
NGC 4472,inner,raw_global_3p5,0.3085638917312872,0.03527593577517678,0.00020613985124844105,29756,0.10047331905071658,0.0003053558936446097
NGC 4472,inner,raw_global_3p5,0.3175077726510347,0.031958002504057705,0.00018604219233022884,30580,0.09557274891822186,0.0005204720984325325
NGC 4472,inner,raw_global_3p5,0.3264516535707821,0.02797072982855618,0.00015926074480581822,31400,0.0904747509824637,0.0006628573622414802
NGC 4472,inner,raw_global_3p5,0.33539553449052956,0.024487509589937773,0.0001357417555564645,32284,0.08526816543948774,0.0004130919195175919
NGC 4472,inner,raw_global_3p5,0.344339415410277,0.021940119495126253,0.0001223494890776213,33152,0.0800412652768726,0.0007786993495938985
NGC 4472,inner,raw_global_3p5,0.3532832963300244,0.018932888609117765,0.00010571363495989947,34084,0.07438978784851358,0.000553372731308321
NGC 4472,inner,raw_global_3p5,0.36222717724977194,0.016574616929147766,8.96935623809248e-05,34776,0.0691389075865033,0.0003969367942602739
NGC 4472,inner,raw_global_3p5,0.37117105816951934,0.013806221124736342,7.560297101151989e-05,35804,0.06380894073500244,0.0004129685969185615
NGC 4472,inner,raw_global_3p5,0.38011493908926686,0.011635797122495625,6.136225904730349e-05,36560,0.05861190141382347,0.00047885570054068144
NGC 4472,inner,raw_global_3p5,0.38905882000901426,0.01002713402603266,5.335496802422022e-05,37508,0.053392734443880166,0.0003412796084661923
NGC 4472,inner,raw_global_3p5,0.3980027009287618,0.008376345490817689,4.3376528132770345e-05,38284,0.04856172971509565,0.00027905855114198394
NGC 4472,inner,raw_global_3p5,0.4069465818485092,0.00698816382051363,3.6298206018035467e-05,39264,0.044134590466083354,0.00024744139745745073
NGC 4472,inner,raw_global_3p5,0.4158904627682567,0.005696622475218082,2.9258333228425966e-05,40060,0.03984881904936938,0.0003568525904812625
NGC 4472,inner,raw_global_3p5,0.4248343436880041,0.0048693318056453995,2.471004840938194e-05,40804,0.03584401361510297,0.00018453062500196476
NGC 4472,inner,raw_global_3p5,0.43377822460775156,0.00403472958505006,2.034353676623266e-05,41848,0.03231971787317214,0.00020787671733277357
NGC 4472,inner,raw_global_3p5,0.442722105527499,0.003329814411809586,1.6478613579891255e-05,42600,0.02911346590919274,0.00040904600942226883
NGC 4472,inner,raw_global_3p5,0.4516659864472464,0.002765444817801458,1.3582335803978167e-05,43508,0.026306704532139208,0.00031981809015075625
NGC 4472,inner,raw_global_3p5,0.46060986736699394,0.0023161347583600307,1.1135125431965161e-05,44324,0.023946614266734,0.0002336136550899663
NGC 4472,inner,raw_global_3p5,0.46955374828674135,0.001984923461968834,9.535548972025e-06,45296,0.021890428910122342,0.0002309740776207911
NGC 4472,inner,raw_global_3p5,0.47849762920648886,0.0017063406301990158,8.094277037454372e-06,46052,0.020061282454463224,0.00023915958643796616
NGC 4472,inner,raw_global_3p5,0.48744151012623627,0.0015625143601073928,1.1383374241721777e-05,46836,0.018553818919231076,0.00025730605584772966
NGC 4472,inner,raw_global_3p5,0.4963853910459837,0.0014150891915436325,1.0444426935767113e-05,47564,0.017286656009508804,0.00011951702843129034
NGC 4472,inner,raw_global_3p5,0.5053292719657312,0.001145595548483686,5.755909022550613e-06,40064,0.012934174657203375,0.0002046193947597506
NGC 4472,inner,raw_global_3p5,0.5142731528854787,0.0009871402024117025,5.379513636809607e-06,34700,0.009796291610531192,0.00011570427884776843
NGC 4472,inner,raw_global_3p5,0.5232170338052261,0.0008807354622534087,5.075197825388894e-06,31144,0.007657643699278509,3.788024033114164e-05
NGC 4472,inner,raw_global_3p5,0.5321609147249735,0.0007785480799718165,4.7049753035040944e-06,28488,0.005953497560775142,3.062649495290786e-05
NGC 4472,inner,raw_global_3p5,0.541104795644721,0.0007506561529137194,4.791808616508515e-06,26016,0.004649172812036482,4.6873093467782576e-05
NGC 4472,inner,raw_global_3p5,0.5500486765644685,0.0006989635271348965,4.604629731332766e-06,24100,0.003582078239886939,4.633054394905105e-05
NGC 4472,inner,raw_global_3p5,0.558992557484216,0.0006517618746295797,4.436914891523241e-06,22016,0.0027330351722589332,3.4507712221600246e-05
NGC 4472,inner,raw_global_3p5,0.5679364384039634,0.0006352813521440897,4.502016896187086e-06,20280,0.002043472450826352,2.621977635533631e-05
NGC 4472,inner,raw_global_3p5,0.5768803193237109,0.0006307347703313146,4.685579305750228e-06,18636,0.0014960208660980512,2.0883252554949196e-05
NGC 4472,inner,raw_global_3p5,0.5858242002434583,0.0006271063315477725,4.884179567598447e-06,17000,0.0010682343129642645,1.9254804402065684e-05
NGC 4472,inner,raw_global_3p5,0.5947680811632057,0.0006139598927523735,4.883917765717366e-06,15600,0.0007569844935046224,1.4372982156678161e-05
NGC 4472,inner,raw_global_3p5,0.6037119620829532,0.0006239471584582965,5.311610623899488e-06,14056,0.0005425732291429913,1.2170047814837114e-05
NGC 4472,inner,raw_global_3p5,0.6126558430027007,0.0006152331390732218,5.5021013609305005e-06,12772,0.0003960967679370071,8.179493931952103e-06
NGC 4472,inner,raw_global_3p5,0.6215997239224481,0.0006380277998282183,6.130858802327103e-06,11304,0.0003052598244389013,6.379535247758152e-06
NGC 4472,inner,raw_global_3p5,0.6305436048421955,0.0006303968346678774,6.385656941730386e-06,10136,0.00024924203733649376,2.8553813288977565e-06
NGC 4472,inner,raw_global_3p5,0.639487485761943,0.0006297045635371024,6.802860515440304e-06,8788,0.0002150942186373316,3.429829135231885e-07
NGC 4472,inner,raw_global_3p5,0.6484313666816905,0.000638049878950286,7.016881509743945e-06,7560,0.0001963040363604598,1.2757513982515101e-06
NGC 4472,inner,raw_global_3p5,0.657375247601438,0.0006453759993946757,8.069700466323623e-06,6368,0.00019004637679782905,5.882109955955044e-07
NGC 4472,inner,raw_global_3p5,0.6663191285211854,0.0006358967666938063,8.95497002491245e-06,5144,0.00018590317036349443,1.137357407591432e-06
NGC 4472,inner,raw_global_3p5,0.6752630094409329,0.0006228651855076108,9.419668464621393e-06,4028,0.00018166605678309987,2.084467327309206e-06
NGC 4472,inner,raw_global_3p5,0.6842068903606803,0.0005699731310754877,1.016017044448195e-05,2808,0.00018123424054785044,2.4970442333883327e-06
NGC 4472,inner,raw_global_3p5,0.6931507712804277,0.0006256687280128119,1.4600215409629039e-05,1768,0.0001805895641149027,1.4577518424098393e-06
NGC 4472,inner,raw_global_3p5,0.7020946522001752,0.0005715103917616906,2.674671393507479e-05,608,0.00018031981990859332,4.104084489051842e-07
NGC 4472,inner,normalized_full_3p5,0.004471940459873727,248.32892207098422,77.53401494098338,437,0.9225486109112179,0.007816778476365064
NGC 4472,inner,normalized_full_3p5,0.013415821379621183,3.0143183067921067,0.12477156263640245,1296,0.8391477296258637,0.003831127985759881
NGC 4472,inner,normalized_full_3p5,0.022359702299368636,1.3278870175380677,0.02950052653383066,2144,0.7590069837467195,0.004898275253990305
NGC 4472,inner,normalized_full_3p5,0.031303583219116096,0.9791690014627343,0.0180313505046818,3000,0.695458088799791,0.0033705104232746945
NGC 4472,inner,normalized_full_3p5,0.04024746413886354,0.8784413891981341,0.01414301692896232,3888,0.6431552839139251,0.0015467769877576729
NGC 4472,inner,normalized_full_3p5,0.049191345058611,0.7876067425427873,0.011706905172270105,4760,0.60209857529837,0.002331565651235828
NGC 4472,inner,normalized_full_3p5,0.058135225978358455,0.7484333214039676,0.009929658163192285,5556,0.5673361400654868,0.0025324973881555787
NGC 4472,inner,normalized_full_3p5,0.06707910689810591,0.6243988555484971,0.007616888191582755,6500,0.5367442816177791,0.0014357194035673755
NGC 4472,inner,normalized_full_3p5,0.07602298781785337,0.5951408488925476,0.006845905622029732,7304,0.5047520356290873,0.0017600661624011778
NGC 4472,inner,normalized_full_3p5,0.08496686873760081,0.538409497673807,0.005870803553819345,8184,0.4744260414653753,0.0005042983944954657
NGC 4472,inner,normalized_full_3p5,0.09391074965734827,0.5043200218026668,0.005262942882898611,9016,0.44393122676505886,0.0009368308507147322
NGC 4472,inner,normalized_full_3p5,0.10285463057709573,0.4526390031210619,0.0045907618243950996,9952,0.4169696394450127,0.0006298325761943723
NGC 4472,inner,normalized_full_3p5,0.1117985114968432,0.3852991149507793,0.00367871820155115,10752,0.39032540270867055,0.0008474445475207483
NGC 4472,inner,normalized_full_3p5,0.12074239241659063,0.36306156895708125,0.003328020750848672,11588,0.36532223932391056,0.0012411049837607706
NGC 4472,inner,normalized_full_3p5,0.1296862733363381,0.3346943350964416,0.0029398463419431954,12524,0.3423168306977415,0.0009418018274800352
NGC 4472,inner,normalized_full_3p5,0.13863015425608555,0.2957474205004281,0.002618929070245372,13344,0.3214152435422456,0.0010681598068734777
NGC 4472,inner,normalized_full_3p5,0.147574035175833,0.282855652646478,0.002376414941078869,14208,0.3017773052605848,0.0018358521524983974
NGC 4472,inner,normalized_full_3p5,0.15651791609558047,0.25031846755368137,0.0020593528355222312,15040,0.2823508908967206,0.0005014339590284552
NGC 4472,inner,normalized_full_3p5,0.16546179701532793,0.2180771285734689,0.0017166102458438894,16000,0.263893696883208,0.0018721250650745051
NGC 4472,inner,normalized_full_3p5,0.17440567793507536,0.1965149313837191,0.0015153477818011152,16776,0.24650938117559512,0.0019171409729298204
NGC 4472,inner,normalized_full_3p5,0.18334955885482282,0.17476160173239863,0.0013346397758283433,17612,0.2296829931017871,0.0009581788343511653
NGC 4472,inner,normalized_full_3p5,0.19229343977457028,0.1551485597444825,0.0011291450480346826,18532,0.21361988872254314,0.0006094385778005032
NGC 4472,inner,normalized_full_3p5,0.20123732069431774,0.14391451924074408,0.0010316629354111396,19408,0.19927250439561878,0.00046178754845736797
NGC 4472,inner,normalized_full_3p5,0.2101812016140652,0.12357901107370163,0.0008735878182479867,20204,0.1857353637927296,0.0009853654210626509
NGC 4472,inner,normalized_full_3p5,0.21912508253381263,0.11074554720940147,0.0007465449662686769,21104,0.17337481605291846,0.001417438526994221
NGC 4472,inner,normalized_full_3p5,0.2280689634535601,0.0997017959669503,0.0006809793935309061,21988,0.16146803413258637,0.0005966317880453597
NGC 4472,inner,normalized_full_3p5,0.23701284437330755,0.08671119287847855,0.0005696665026917192,22816,0.15162784101400298,0.000923871761791822
NGC 4472,inner,normalized_full_3p5,0.245956725293055,0.0778510323535691,0.0005079293513436115,23620,0.14202732500867987,0.00018415534124558057
NGC 4472,inner,normalized_full_3p5,0.2549006062128024,0.06969358230310577,0.00044509110331443074,24612,0.134379604382519,0.000917656160754269
NGC 4472,inner,normalized_full_3p5,0.26384448713254993,0.06476419355140126,0.00041180971426360883,25400,0.12724224967305428,0.0009284907180410028
NGC 4472,inner,normalized_full_3p5,0.27278836805229734,0.05943168255353758,0.00036979864509627925,26260,0.12152267889596688,0.0005933520431799811
NGC 4472,inner,normalized_full_3p5,0.28173224897204485,0.05119982175610287,0.00031042043652802526,27104,0.11557437599835332,0.0002076562340063252
NGC 4472,inner,normalized_full_3p5,0.29067612989179226,0.0467609172154786,0.0002792866334312083,27972,0.11057743040566057,0.0005000235228525891
NGC 4472,inner,normalized_full_3p5,0.29962001081153977,0.04131989205669496,0.00024454655425809493,28848,0.10534787123618877,0.0006089562411082577
NGC 4472,inner,normalized_full_3p5,0.3085638917312872,0.03735308576297378,0.00021826140177762937,29756,0.10047331905071658,0.0003053558936446097
NGC 4472,inner,normalized_full_3p5,0.3175077726510347,0.033786200243056945,0.00019744809287687391,30580,0.09557274891822186,0.0005204720984325325
NGC 4472,inner,normalized_full_3p5,0.3264516535707821,0.02959375312171048,0.00016832212989766458,31400,0.0904747509824637,0.0006628573622414802
NGC 4472,inner,normalized_full_3p5,0.33539553449052956,0.02591043754454466,0.0001440738792333705,32284,0.08526816543948774,0.0004130919195175919
NGC 4472,inner,normalized_full_3p5,0.344339415410277,0.023174748128198235,0.0001293025602588085,33152,0.0800412652768726,0.0007786993495938985
NGC 4472,inner,normalized_full_3p5,0.3532832963300244,0.019947451762450275,0.00011144002044115238,34084,0.07438978784851358,0.000553372731308321
NGC 4472,inner,normalized_full_3p5,0.36222717724977194,0.017422602163410305,9.423252170490682e-05,34776,0.0691389075865033,0.0003969367942602739
NGC 4472,inner,normalized_full_3p5,0.37117105816951934,0.014533730332930357,7.962564870947207e-05,35804,0.06380894073500244,0.0004129685969185615
NGC 4472,inner,normalized_full_3p5,0.38011493908926686,0.012203526842334816,6.464838128906512e-05,36560,0.05861190141382347,0.00047885570054068144
NGC 4472,inner,normalized_full_3p5,0.38905882000901426,0.010410084497477516,5.5148926694949585e-05,37508,0.053392734443880166,0.0003412796084661923
NGC 4472,inner,normalized_full_3p5,0.3980027009287618,0.008720363363968343,4.536249980950665e-05,38284,0.04856172971509565,0.00027905855114198394
NGC 4472,inner,normalized_full_3p5,0.4069465818485092,0.007234257026326775,3.75282463085527e-05,39264,0.044134590466083354,0.00024744139745745073
NGC 4472,inner,normalized_full_3p5,0.4158904627682567,0.005828479403707614,2.992150639246591e-05,40060,0.03984881904936938,0.0003568525904812625
NGC 4472,inner,normalized_full_3p5,0.4248343436880041,0.00495924946883971,2.5171305714845004e-05,40804,0.03584401361510297,0.00018453062500196476
NGC 4472,inner,normalized_full_3p5,0.43377822460775156,0.004066371166795916,2.0542961215316703e-05,41848,0.03231971787317214,0.00020787671733277357
NGC 4472,inner,normalized_full_3p5,0.442722105527499,0.0033495013639150873,1.664923012273678e-05,42600,0.02911346590919274,0.00040904600942226883
NGC 4472,inner,normalized_full_3p5,0.4516659864472464,0.0027344801954127898,1.3475838325488795e-05,43508,0.026306704532139208,0.00031981809015075625
NGC 4472,inner,normalized_full_3p5,0.46060986736699394,0.0022452648625086247,1.0841421889858718e-05,44324,0.023946614266734,0.0002336136550899663
NGC 4472,inner,normalized_full_3p5,0.46955374828674135,0.0019035837736714155,9.067746956790574e-06,45296,0.021890428910122342,0.0002309740776207911
NGC 4472,inner,normalized_full_3p5,0.47849762920648886,0.0015958328177183758,7.5833415308320155e-06,46052,0.020061282454463224,0.00023915958643796616
NGC 4472,inner,normalized_full_3p5,0.48744151012623627,0.0014486428118534957,1.1101290314272104e-05,46836,0.018553818919231076,0.00025730605584772966
NGC 4472,inner,normalized_full_3p5,0.4963853910459837,0.001280918315784329,1.0370493343532675e-05,47564,0.017286656009508804,0.00011951702843129034
NGC 4472,inner,normalized_full_3p5,0.5053292719657312,0.0010359570190850102,5.25555642136851e-06,40064,0.012934174657203375,0.0002046193947597506
NGC 4472,inner,normalized_full_3p5,0.5142731528854787,0.0008621749998917885,4.685489481128054e-06,34700,0.009796291610531192,0.00011570427884776843
NGC 4472,inner,normalized_full_3p5,0.5232170338052261,0.0007750778503225132,4.509569137001067e-06,31144,0.007657643699278509,3.788024033114164e-05
NGC 4472,inner,normalized_full_3p5,0.5321609147249735,0.0006792674537785818,4.071935678197019e-06,28488,0.005953497560775142,3.062649495290786e-05
NGC 4472,inner,normalized_full_3p5,0.541104795644721,0.0006565839518390195,4.2471879081670785e-06,26016,0.004649172812036482,4.6873093467782576e-05
NGC 4472,inner,normalized_full_3p5,0.5500486765644685,0.0006079914133108728,4.051981130204933e-06,24100,0.003582078239886939,4.633054394905105e-05
NGC 4472,inner,normalized_full_3p5,0.558992557484216,0.0005544912794914974,3.825570034869585e-06,22016,0.0027330351722589332,3.4507712221600246e-05
NGC 4472,inner,normalized_full_3p5,0.5679364384039634,0.0005510658382701125,3.925342527432405e-06,20280,0.002043472450826352,2.621977635533631e-05
NGC 4472,inner,normalized_full_3p5,0.5768803193237109,0.0005483407448861243,4.031855716434614e-06,18636,0.0014960208660980512,2.0883252554949196e-05
NGC 4472,inner,normalized_full_3p5,0.5858242002434583,0.0005441681374614833,4.254570666230409e-06,17000,0.0010682343129642645,1.9254804402065684e-05
NGC 4472,inner,normalized_full_3p5,0.5947680811632057,0.0005417979114801189,4.276668973261134e-06,15600,0.0007569844935046224,1.4372982156678161e-05
NGC 4472,inner,normalized_full_3p5,0.6037119620829532,0.0005637744363955539,4.825556396851126e-06,14056,0.0005425732291429913,1.2170047814837114e-05
NGC 4472,inner,normalized_full_3p5,0.6126558430027007,0.0005517742734778064,4.951489284910972e-06,12772,0.0003960967679370071,8.179493931952103e-06
NGC 4472,inner,normalized_full_3p5,0.6215997239224481,0.000581688445627059,5.621352640854147e-06,11304,0.0003052598244389013,6.379535247758152e-06
NGC 4472,inner,normalized_full_3p5,0.6305436048421955,0.0005748521786213345,5.7756261947072625e-06,10136,0.00024924203733649376,2.8553813288977565e-06
NGC 4472,inner,normalized_full_3p5,0.639487485761943,0.0005803595115476053,6.209226885248586e-06,8788,0.0002150942186373316,3.429829135231885e-07
NGC 4472,inner,normalized_full_3p5,0.6484313666816905,0.0006058895299840896,6.802090707553715e-06,7560,0.0001963040363604598,1.2757513982515101e-06
NGC 4472,inner,normalized_full_3p5,0.657375247601438,0.0006048814565228527,7.64043179160038e-06,6368,0.00019004637679782905,5.882109955955044e-07
NGC 4472,inner,normalized_full_3p5,0.6663191285211854,0.0005752052851521669,8.029023052976358e-06,5144,0.00018590317036349443,1.137357407591432e-06
NGC 4472,inner,normalized_full_3p5,0.6752630094409329,0.0005758894398322661,8.789430406615234e-06,4028,0.00018166605678309987,2.084467327309206e-06
NGC 4472,inner,normalized_full_3p5,0.6842068903606803,0.0005195837072532708,9.235040866731842e-06,2808,0.00018123424054785044,2.4970442333883327e-06
NGC 4472,inner,normalized_full_3p5,0.6931507712804277,0.0006200707851402516,1.476020395233415e-05,1768,0.0001805895641149027,1.4577518424098393e-06
NGC 4472,inner,normalized_full_3p5,0.7020946522001752,0.0005603168889225498,2.4806140332106845e-05,608,0.00018031981990859332,4.104084489051842e-07
NGC 4472,inner,normalized_union_3p5,0.004471940459873727,248.5406031536225,77.59957795194157,437,0.9225486109112179,0.007816778476365064
NGC 4472,inner,normalized_union_3p5,0.013415821379621183,3.017190278685976,0.12483502655083951,1296,0.8391477296258637,0.003831127985759881
NGC 4472,inner,normalized_union_3p5,0.022359702299368636,1.3300650080764171,0.02953864671351906,2144,0.7590069837467195,0.004898275253990305
NGC 4472,inner,normalized_union_3p5,0.031303583219116096,0.9811786919279123,0.018066634640661598,3000,0.695458088799791,0.0033705104232746945
NGC 4472,inner,normalized_union_3p5,0.04024746413886354,0.8802898420446557,0.01417241065180485,3888,0.6431552839139251,0.0015467769877576729
NGC 4472,inner,normalized_union_3p5,0.049191345058611,0.7891622990582654,0.011730573949159193,4760,0.60209857529837,0.002331565651235828
NGC 4472,inner,normalized_union_3p5,0.058135225978358455,0.7501148114640759,0.009949009668934973,5556,0.5673361400654868,0.0025324973881555787
NGC 4472,inner,normalized_union_3p5,0.06707910689810591,0.625833141020861,0.007633365992130469,6500,0.5367442816177791,0.0014357194035673755
NGC 4472,inner,normalized_union_3p5,0.07602298781785337,0.5963140819388723,0.006860994044689862,7304,0.5047520356290873,0.0017600661624011778
NGC 4472,inner,normalized_union_3p5,0.08496686873760081,0.5394123532688286,0.0058833412417977375,8184,0.4744260414653753,0.0005042983944954657
NGC 4472,inner,normalized_union_3p5,0.09391074965734827,0.5054967980079719,0.005274974759244894,9016,0.44393122676505886,0.0009368308507147322
NGC 4472,inner,normalized_union_3p5,0.10285463057709573,0.45371436353158995,0.0046011032249286665,9952,0.4169696394450127,0.0006298325761943723
NGC 4472,inner,normalized_union_3p5,0.1117985114968432,0.3861790843237957,0.0036865002482486314,10752,0.39032540270867055,0.0008474445475207483
NGC 4472,inner,normalized_union_3p5,0.12074239241659063,0.36391309837864555,0.003337097917025133,11588,0.36532223932391056,0.0012411049837607706
NGC 4472,inner,normalized_union_3p5,0.1296862733363381,0.33550646815255636,0.0029473997532808763,12524,0.3423168306977415,0.0009418018274800352
NGC 4472,inner,normalized_union_3p5,0.13863015425608555,0.2963230551678717,0.0026233556867426024,13344,0.3214152435422456,0.0010681598068734777
NGC 4472,inner,normalized_union_3p5,0.147574035175833,0.2835349529650942,0.002381623878809672,14208,0.3017773052605848,0.0018358521524983974
NGC 4472,inner,normalized_union_3p5,0.15651791609558047,0.25089249974514677,0.0020646600259235145,15040,0.2823508908967206,0.0005014339590284552
NGC 4472,inner,normalized_union_3p5,0.16546179701532793,0.21865051278431855,0.001720982873851074,16000,0.263893696883208,0.0018721250650745051
NGC 4472,inner,normalized_union_3p5,0.17440567793507536,0.19700310007736377,0.0015192924262744148,16776,0.24650938117559512,0.0019171409729298204
NGC 4472,inner,normalized_union_3p5,0.18334955885482282,0.1752047740863682,0.001337968277479746,17612,0.2296829931017871,0.0009581788343511653
NGC 4472,inner,normalized_union_3p5,0.19229343977457028,0.1555414710084253,0.0011319145109750487,18532,0.21361988872254314,0.0006094385778005032
NGC 4472,inner,normalized_union_3p5,0.20123732069431774,0.14422330953687115,0.0010341125167982628,19408,0.19927250439561878,0.00046178754845736797
NGC 4472,inner,normalized_union_3p5,0.2101812016140652,0.12391722378510789,0.0008758640517519799,20204,0.1857353637927296,0.0009853654210626509
NGC 4472,inner,normalized_union_3p5,0.21912508253381263,0.11104247661821616,0.000748770558450906,21104,0.17337481605291846,0.001417438526994221
NGC 4472,inner,normalized_union_3p5,0.2280689634535601,0.09997593379056237,0.0006828788610994472,21988,0.16146803413258637,0.0005966317880453597
NGC 4472,inner,normalized_union_3p5,0.23701284437330755,0.086917865460279,0.0005711758898227128,22816,0.15162784101400298,0.000923871761791822
NGC 4472,inner,normalized_union_3p5,0.245956725293055,0.07805808786685822,0.0005093812652059029,23620,0.14202732500867987,0.00018415534124558057
NGC 4472,inner,normalized_union_3p5,0.2549006062128024,0.06992342412209467,0.00044649877491675753,24612,0.134379604382519,0.000917656160754269
NGC 4472,inner,normalized_union_3p5,0.26384448713254993,0.06493381239017398,0.00041288072154668776,25400,0.12724224967305428,0.0009284907180410028
NGC 4472,inner,normalized_union_3p5,0.27278836805229734,0.05959526883413373,0.00037095580398397284,26260,0.12152267889596688,0.0005933520431799811
NGC 4472,inner,normalized_union_3p5,0.28173224897204485,0.05134770883102,0.00031147175564976836,27104,0.11557437599835332,0.0002076562340063252
NGC 4472,inner,normalized_union_3p5,0.29067612989179226,0.046870506203281,0.00027990928274015226,27972,0.11057743040566057,0.0005000235228525891
NGC 4472,inner,normalized_union_3p5,0.29962001081153977,0.04142633735061353,0.00024504963825011975,28848,0.10534787123618877,0.0006089562411082577
NGC 4472,inner,normalized_union_3p5,0.3085638917312872,0.037452955615376086,0.00021892432045487163,29756,0.10047331905071658,0.0003053558936446097
NGC 4472,inner,normalized_union_3p5,0.3175077726510347,0.033859602173088504,0.0001979306826915438,30580,0.09557274891822186,0.0005204720984325325
NGC 4472,inner,normalized_union_3p5,0.3264516535707821,0.029674417301614988,0.00016880936284179748,31400,0.0904747509824637,0.0006628573622414802
NGC 4472,inner,normalized_union_3p5,0.33539553449052956,0.025977822493851863,0.00014450966659628592,32284,0.08526816543948774,0.0004130919195175919
NGC 4472,inner,normalized_union_3p5,0.344339415410277,0.02324134074566718,0.00012966533570895697,33152,0.0800412652768726,0.0007786993495938985
NGC 4472,inner,normalized_union_3p5,0.3532832963300244,0.02001124432846936,0.00011176058837584474,34084,0.07438978784851358,0.000553372731308321
NGC 4472,inner,normalized_union_3p5,0.36222717724977194,0.017474277600856642,9.449108931975362e-05,34776,0.0691389075865033,0.0003969367942602739
NGC 4472,inner,normalized_union_3p5,0.37117105816951934,0.014574713663855713,7.988886958149555e-05,35804,0.06380894073500244,0.0004129685969185615
NGC 4472,inner,normalized_union_3p5,0.38011493908926686,0.012241637481398894,6.482731094811111e-05,36560,0.05861190141382347,0.00047885570054068144
NGC 4472,inner,normalized_union_3p5,0.38905882000901426,0.01043112186927899,5.5221551843567254e-05,37508,0.053392734443880166,0.0003412796084661923
NGC 4472,inner,normalized_union_3p5,0.3980027009287618,0.00874085920883309,4.547838799882021e-05,38284,0.04856172971509565,0.00027905855114198394
NGC 4472,inner,normalized_union_3p5,0.4069465818485092,0.007253260004381787,3.76328321059225e-05,39264,0.044134590466083354,0.00024744139745745073
NGC 4472,inner,normalized_union_3p5,0.4158904627682567,0.005839553357281355,2.999541213100477e-05,40060,0.03984881904936938,0.0003568525904812625
NGC 4472,inner,normalized_union_3p5,0.4248343436880041,0.004972394205742342,2.5233998775681874e-05,40804,0.03584401361510297,0.00018453062500196476
NGC 4472,inner,normalized_union_3p5,0.43377822460775156,0.004070411831243505,2.0567402230724136e-05,41848,0.03231971787317214,0.00020787671733277357
NGC 4472,inner,normalized_union_3p5,0.442722105527499,0.0033530685685222187,1.664776286374829e-05,42600,0.02911346590919274,0.00040904600942226883
NGC 4472,inner,normalized_union_3p5,0.4516659864472464,0.0027373818081466526,1.3473518649033082e-05,43508,0.026306704532139208,0.00031981809015075625
NGC 4472,inner,normalized_union_3p5,0.46060986736699394,0.0022443953489330857,1.0833516981486765e-05,44324,0.023946614266734,0.0002336136550899663
NGC 4472,inner,normalized_union_3p5,0.46955374828674135,0.001900276738511577,9.043086135872384e-06,45296,0.021890428910122342,0.0002309740776207911
NGC 4472,inner,normalized_union_3p5,0.47849762920648886,0.0015928528597972784,7.567686566129315e-06,46052,0.020061282454463224,0.00023915958643796616
NGC 4472,inner,normalized_union_3p5,0.48744151012623627,0.0014456446837915915,1.1139546939303246e-05,46836,0.018553818919231076,0.00025730605584772966
NGC 4472,inner,normalized_union_3p5,0.4963853910459837,0.0012756086164033998,1.0342681059858377e-05,47564,0.017286656009508804,0.00011951702843129034
NGC 4472,inner,normalized_union_3p5,0.5053292719657312,0.001030455798150702,5.240218250488189e-06,40064,0.012934174657203375,0.0002046193947597506
NGC 4472,inner,normalized_union_3p5,0.5142731528854787,0.00085580717062044,4.644625445018288e-06,34700,0.009796291610531192,0.00011570427884776843
NGC 4472,inner,normalized_union_3p5,0.5232170338052261,0.0007712781701213358,4.484996464428924e-06,31144,0.007657643699278509,3.788024033114164e-05
NGC 4472,inner,normalized_union_3p5,0.5321609147249735,0.0006741130342575366,4.0438707538301216e-06,28488,0.005953497560775142,3.062649495290786e-05
NGC 4472,inner,normalized_union_3p5,0.541104795644721,0.000652927546815685,4.224215678060961e-06,26016,0.004649172812036482,4.6873093467782576e-05
NGC 4472,inner,normalized_union_3p5,0.5500486765644685,0.0006029257738312593,4.017698658252292e-06,24100,0.003582078239886939,4.633054394905105e-05
NGC 4472,inner,normalized_union_3p5,0.558992557484216,0.0005486898119387208,3.7742366350959174e-06,22016,0.0027330351722589332,3.4507712221600246e-05
NGC 4472,inner,normalized_union_3p5,0.5679364384039634,0.000545976367908452,3.884598461640783e-06,20280,0.002043472450826352,2.621977635533631e-05
NGC 4472,inner,normalized_union_3p5,0.5768803193237109,0.0005422540429040259,3.987637305956867e-06,18636,0.0014960208660980512,2.0883252554949196e-05
NGC 4472,inner,normalized_union_3p5,0.5858242002434583,0.0005402665542916155,4.226231529905019e-06,17000,0.0010682343129642645,1.9254804402065684e-05
NGC 4472,inner,normalized_union_3p5,0.5947680811632057,0.0005365706836108099,4.221596245396301e-06,15600,0.0007569844935046224,1.4372982156678161e-05
NGC 4472,inner,normalized_union_3p5,0.6037119620829532,0.0005609570147850459,4.798098793483248e-06,14056,0.0005425732291429913,1.2170047814837114e-05
NGC 4472,inner,normalized_union_3p5,0.6126558430027007,0.0005468267570328892,4.905930206326741e-06,12772,0.0003960967679370071,8.179493931952103e-06
NGC 4472,inner,normalized_union_3p5,0.6215997239224481,0.0005798906518498364,5.6130605250642554e-06,11304,0.0003052598244389013,6.379535247758152e-06
NGC 4472,inner,normalized_union_3p5,0.6305436048421955,0.0005735633952946285,5.757191233635349e-06,10136,0.00024924203733649376,2.8553813288977565e-06
NGC 4472,inner,normalized_union_3p5,0.639487485761943,0.0005815751421556783,6.225244002559681e-06,8788,0.0002150942186373316,3.429829135231885e-07
NGC 4472,inner,normalized_union_3p5,0.6484313666816905,0.0006053215281883799,6.810943421250406e-06,7560,0.0001963040363604598,1.2757513982515101e-06
NGC 4472,inner,normalized_union_3p5,0.657375247601438,0.0006012618613537697,7.607270661546472e-06,6368,0.00019004637679782905,5.882109955955044e-07
NGC 4472,inner,normalized_union_3p5,0.6663191285211854,0.000572416337211159,7.975930611616875e-06,5144,0.00018590317036349443,1.137357407591432e-06
NGC 4472,inner,normalized_union_3p5,0.6752630094409329,0.0005685527652722068,8.719330971444198e-06,4028,0.00018166605678309987,2.084467327309206e-06
NGC 4472,inner,normalized_union_3p5,0.6842068903606803,0.000523047088688706,9.391346051656877e-06,2808,0.00018123424054785044,2.4970442333883327e-06
NGC 4472,inner,normalized_union_3p5,0.6931507712804277,0.0006176017324658109,1.4543394088826415e-05,1768,0.0001805895641149027,1.4577518424098393e-06
NGC 4472,inner,normalized_union_3p5,0.7020946522001752,0.00056235932589477,2.47720696410532e-05,608,0.00018031981990859332,4.104084489051842e-07
NGC 4472,outer,no_winsor,0.004474369798211354,175.55425442921475,64.46722216885323,1285,0.9035448356636862,0.008963204012741302
NGC 4472,outer,no_winsor,0.013423109394634064,1.9447126638738814,0.03617290611815027,3832,0.8088895895937758,0.0008388510021093744
NGC 4472,outer,no_winsor,0.02237184899105677,1.3194062465562684,0.01651777361361084,6388,0.7357641867479227,0.0002816212692336502
NGC 4472,outer,no_winsor,0.03132058858747948,1.0922915259380026,0.011519876893688061,8936,0.6777054483869542,0.0005270090628182524
NGC 4472,outer,no_winsor,0.04026932818390219,0.947873565731823,0.00900918383735399,11494,0.6281837027646633,0.0019546604899911514
NGC 4472,outer,no_winsor,0.0492180677803249,0.8675540769670667,0.0071515461327927654,14076,0.5896788470813701,0.00011943612414672423
NGC 4472,outer,no_winsor,0.058166807376747606,0.7668584391864962,0.005852131349534468,16600,0.5567833220124793,0.0012620067217374601
NGC 4472,outer,no_winsor,0.06711554697317032,0.7106125412253953,0.005232829387617529,19148,0.5254168547697213,0.0011080892421165434
NGC 4472,outer,no_winsor,0.07606428656959302,0.6216608128688793,0.004209959566256875,21722,0.49580562168845066,0.0014517851548752688
NGC 4472,outer,no_winsor,0.08501302616601573,0.5560399975232376,0.0035554978531160703,24268,0.4659995602049213,0.0004224418188992
NGC 4472,outer,no_winsor,0.09396176576243845,0.4933290590515288,0.0030625095491596554,26850,0.43763275699915166,0.0012673875856585941
NGC 4472,outer,no_winsor,0.10291050535886115,0.4384907614749479,0.00255629625977017,29396,0.41067812993298053,0.0005669077228180039
NGC 4472,outer,no_winsor,0.11185924495528386,0.38898873139559453,0.0021576259393760303,31914,0.3843760792518138,0.00041514797984521743
NGC 4472,outer,no_winsor,0.12080798455170656,0.35195389260258325,0.0018788310295230802,34528,0.3596527542616171,0.0005275203276131379
NGC 4472,outer,no_winsor,0.12975672414812928,0.3109827426205101,0.0016369967447172908,37016,0.33844005678823996,0.0014560600494127557
NGC 4472,outer,no_winsor,0.138705463744552,0.2770163682785305,0.0014023315822126335,39600,0.31777515155134817,0.00017198523354062576
NGC 4472,outer,no_winsor,0.14765420334097468,0.24972949374039963,0.0012003717173331566,42128,0.29883901468329827,0.001471741743500053
NGC 4472,outer,no_winsor,0.1566029429373974,0.2253100019589795,0.0010605467794488341,44770,0.2799537517078505,0.0003839415013011684
NGC 4472,outer,no_winsor,0.16555168253382013,0.20508851071593204,0.0009460312754620008,47236,0.26109274412984307,0.0008044212022006215
NGC 4472,outer,no_winsor,0.1745004221302428,0.18950048258170388,0.0008642486339783933,49828,0.24440820264830404,0.0006334191357646743
NGC 4472,outer,no_winsor,0.18344916172666553,0.16759899685996354,0.0007461075694729323,52346,0.2276790751436233,0.0005994572639436794
NGC 4472,outer,no_winsor,0.19239790132308826,0.15091046073996042,0.0006507187866605011,55010,0.21246766793803348,0.0009684833606873995
NGC 4472,outer,no_winsor,0.20134664091951093,0.1343579633094429,0.000571526532908,57472,0.19800472452295587,0.0006549899527712961
NGC 4472,outer,no_winsor,0.21029538051593366,0.12180238893932187,0.0005004714464492894,60096,0.18483017885555778,0.0009997760915715162
NGC 4472,outer,no_winsor,0.2192441201123564,0.10898784507369855,0.000438138118856394,62528,0.17240056200112774,0.0006688059971749144
NGC 4472,outer,no_winsor,0.22819285970877906,0.09713478435393881,0.00038375178614330084,65198,0.16125572021406373,0.0005703725131644933
NGC 4472,outer,no_winsor,0.2371415993052018,0.08706614343372342,0.00033850006903893867,67664,0.15111937439569373,0.0002420985652577739
NGC 4472,outer,no_winsor,0.24609033890162446,0.07737821951912857,0.0002936072469751868,70312,0.14226143263853513,0.00022040655512078281
NGC 4472,outer,no_winsor,0.2550390784980472,0.07020740257921786,0.000262831059767674,72788,0.13436509299252583,0.0002483633888366739
NGC 4472,outer,no_winsor,0.2639878180944699,0.06341897415888426,0.00023242427981625056,75328,0.12751158846955526,0.0002477809315845488
NGC 4472,outer,no_winsor,0.27293655769089264,0.057368143334085665,0.0002065725315487292,77996,0.12141843246787459,0.0003841730067825151
NGC 4472,outer,no_winsor,0.2818852972873153,0.05166811116614963,0.0001822778431199098,80504,0.11579165938058107,0.00020130975804365337
NGC 4472,outer,no_winsor,0.29083403688373805,0.046218815917638684,0.00016188884312533412,83036,0.11046734021370018,0.00014930235829915914
NGC 4472,outer,no_winsor,0.2997827764801607,0.04182420827802465,0.00014332007012729094,85576,0.10529323078550451,0.0005892757885127853
NGC 4472,outer,no_winsor,0.30873151607658345,0.03715438058740131,0.0001259264382010304,88154,0.10044512383159691,0.0002537387420069798
NGC 4472,outer,no_winsor,0.3176802556730062,0.03340923089469627,0.00011192696418851062,90728,0.09539722473953574,0.00032203788020337466
NGC 4472,outer,no_winsor,0.3266289952694289,0.029575292675411792,9.745066996865535e-05,93260,0.09018113480633548,0.00033536011956026695
NGC 4472,outer,no_winsor,0.3355777348658516,0.026301917116615604,8.6041495802384e-05,95764,0.08525291391380077,0.0004359942741127496
NGC 4472,outer,no_winsor,0.3445264744622743,0.023235263454885226,7.508177611867623e-05,98414,0.07989993593245705,0.0002497855613969451
NGC 4472,outer,no_winsor,0.353475214058697,0.020819652488943127,6.675898260889379e-05,100920,0.07470004267692482,0.0002508621795706669
NGC 4472,outer,no_winsor,0.3624239536551197,0.01824634394484037,5.749907410340735e-05,103510,0.06944166132060693,0.00043728941517012906
NGC 4472,outer,no_winsor,0.37137269325154243,0.015901239318991237,4.966314288830729e-05,105988,0.06403993480783758,0.000358916205545609
NGC 4472,outer,no_winsor,0.38032143284796516,0.013516179050781892,4.182706218959843e-05,108630,0.058970608322676664,0.0005779753184128004
NGC 4472,outer,no_winsor,0.38927017244438783,0.011697304137267212,3.604592454017633e-05,111168,0.05391562982094961,0.00027792616663012865
NGC 4472,outer,no_winsor,0.39821891204081056,0.0100054557049157,3.0251990038324707e-05,113728,0.0491371858519263,0.00030083111285044713
NGC 4472,outer,no_winsor,0.40716765163723323,0.00859319460743253,2.5817528921961896e-05,116220,0.04469485974774338,0.00032561834436797886
NGC 4472,outer,no_winsor,0.41611639123365596,0.0074162681301456574,2.225578105961215e-05,118796,0.040516308059290504,0.0002174595660557997
NGC 4472,outer,no_winsor,0.4250651308300787,0.00625976111367786,1.850855839864645e-05,121358,0.036667735723344023,0.00019714065069987752
NGC 4472,outer,no_winsor,0.4340138704265014,0.005385050139476313,1.5933969371985356e-05,123956,0.03315325367501465,0.00031434750977338944
NGC 4472,outer,no_winsor,0.4429626100229241,0.00463440014310099,1.3465991826156827e-05,126388,0.0300861201032459,0.00019236218713999473
NGC 4472,outer,no_winsor,0.45191134961934676,0.003958312798617928,1.1477823306354715e-05,129098,0.0273498462747702,0.00024898447019633244
NGC 4472,outer,no_winsor,0.4608600892157695,0.0034774153700242705,9.997596247032202e-06,131586,0.024966648922853316,0.000265774976195096
NGC 4472,outer,no_winsor,0.4698088288121922,0.0030674584775470803,8.760012621908153e-06,134164,0.02292906488981457,0.00019735574720796013
NGC 4472,outer,no_winsor,0.47875756840861494,0.002748834378191284,7.816134795569752e-06,136688,0.02115247321126125,0.00019589814490823744
NGC 4472,outer,no_winsor,0.4877063080050376,0.0025401608298127594,7.261238777839168e-06,139256,0.01964168484250243,0.00022448390084985688
NGC 4472,outer,no_winsor,0.4966550476014603,0.002373137483640758,6.680945064414416e-06,140783,0.018287274689291453,0.00026789537845937455
NGC 4472,outer,no_winsor,0.505603787197883,0.002265609829442653,7.096356781354459e-06,117804,0.01405027971722647,0.00013887892230684306
NGC 4472,outer,no_winsor,0.5145525267943057,0.002200203563990666,7.42225633369812e-06,102488,0.011033714241015133,0.00010277124314433344
NGC 4472,outer,no_winsor,0.5235012663907285,0.0021133893492819617,7.63057953736286e-06,92310,0.008886617134615752,0.00010272406019861356
NGC 4472,outer,no_winsor,0.5324500059871512,0.0021241327179539137,8.009914211111269e-06,84162,0.007250346880767767,4.385580953407445e-05
NGC 4472,outer,no_winsor,0.5413987455835739,0.002198150608505479,8.842509637944026e-06,77122,0.00594459513783467,3.096325793756551e-05
NGC 4472,outer,no_winsor,0.5503474851799965,0.0022207236479354206,9.163933751535335e-06,70964,0.004910969800801671,4.462682920081286e-05
NGC 4472,outer,no_winsor,0.5592962247764193,0.002227520840695102,9.566743553582962e-06,65190,0.004079899624095932,3.998395706610179e-05
NGC 4472,outer,no_winsor,0.568244964372842,0.002340005326005391,1.0490134888155715e-05,60014,0.003408143600309658,3.695843074587704e-05
NGC 4472,outer,no_winsor,0.5771937039692647,0.0024059567187341385,1.0941973597303488e-05,55018,0.00286435539826323,2.9030941531655895e-05
NGC 4472,outer,no_winsor,0.5861424435656875,0.002590324656906942,1.2068170543963844e-05,50368,0.0024398825372762265,1.7198595840960874e-05
NGC 4472,outer,no_winsor,0.5950911831621102,0.0026899842220636664,1.305122286558392e-05,45928,0.0021369031338845613,2.0268677183761e-05
NGC 4472,outer,no_winsor,0.6040399227585328,0.002793825933099637,1.3887913169244371e-05,41700,0.0019280610865926293,1.5287521101696497e-05
NGC 4472,outer,no_winsor,0.6129886623549555,0.002899847229272077,1.5171801392546895e-05,37506,0.0017828188113036233,1.4418054563617133e-05
NGC 4472,outer,no_winsor,0.6219374019513783,0.003054474963441984,1.667099852031999e-05,33632,0.001691038622955879,6.734357342955919e-06
NGC 4472,outer,no_winsor,0.630886141547801,0.00328677126542421,1.9100861944981925e-05,29662,0.0016323706913314627,1.203731034602095e-05
NGC 4472,outer,no_winsor,0.6398348811442237,0.0033334258322535084,2.0550872666168526e-05,26016,0.0016074920593250458,1.2747150943546458e-05
NGC 4472,outer,no_winsor,0.6487836207406463,0.00346152642629594,2.3176163041310304e-05,22232,0.0015900742234788087,4.604534714001845e-06
NGC 4472,outer,no_winsor,0.657732360337069,0.003631633012228281,2.6020017821011033e-05,18762,0.0015798898489488467,5.165319254141281e-06
NGC 4472,outer,no_winsor,0.6666810999334918,0.003541112079222821,2.8345263005625227e-05,15114,0.0015836370853937018,1.3716500738798604e-05
NGC 4472,outer,no_winsor,0.6756298395299145,0.003920737504208964,3.675974235842206e-05,11792,0.0015725039946198603,1.265048350163602e-05
NGC 4472,outer,no_winsor,0.6845785791263372,0.0038385264110561033,4.19338827104548e-05,8266,0.001572565756482966,4.517488270668484e-06
NGC 4472,outer,no_winsor,0.69352731872276,0.0040782834130322085,5.8920559268400984e-05,5048,0.0015717013347931127,5.551317273022908e-06
NGC 4472,outer,no_winsor,0.7024760583191827,0.004169065083976965,9.281113207382122e-05,1680,0.0015766194070325696,5.725022540403559e-06
NGC 4472,outer,raw_global_3p5,0.004474369798211354,175.41274002501004,64.427700063824,1285,0.9035448356636862,0.008963204012741302
NGC 4472,outer,raw_global_3p5,0.013423109394634064,1.9406215794923651,0.036069502172265296,3832,0.8088895895937758,0.0008388510021093744
NGC 4472,outer,raw_global_3p5,0.02237184899105677,1.3179407857884233,0.016500247077446146,6388,0.7357641867479227,0.0002816212692336502
NGC 4472,outer,raw_global_3p5,0.03132058858747948,1.0909103873034374,0.011503217433268303,8936,0.6777054483869542,0.0005270090628182524
NGC 4472,outer,raw_global_3p5,0.04026932818390219,0.9471318713774721,0.009003277700911584,11494,0.6281837027646633,0.0019546604899911514
NGC 4472,outer,raw_global_3p5,0.0492180677803249,0.8666886872493539,0.007144731521720469,14076,0.5896788470813701,0.00011943612414672423
NGC 4472,outer,raw_global_3p5,0.058166807376747606,0.7660845731364907,0.005846460573619867,16600,0.5567833220124793,0.0012620067217374601
NGC 4472,outer,raw_global_3p5,0.06711554697317032,0.7099396514832064,0.005228703517018311,19148,0.5254168547697213,0.0011080892421165434
NGC 4472,outer,raw_global_3p5,0.07606428656959302,0.620967535806977,0.004205397570636425,21722,0.49580562168845066,0.0014517851548752688
NGC 4472,outer,raw_global_3p5,0.08501302616601573,0.5553808284241015,0.0035510434582948155,24268,0.4659995602049213,0.0004224418188992
NGC 4472,outer,raw_global_3p5,0.09396176576243845,0.49272635296319484,0.003059246949918651,26850,0.43763275699915166,0.0012673875856585941
NGC 4472,outer,raw_global_3p5,0.10291050535886115,0.437841158903211,0.002552507325437451,29396,0.41067812993298053,0.0005669077228180039
NGC 4472,outer,raw_global_3p5,0.11185924495528386,0.38845867272921314,0.002154912327501617,31914,0.3843760792518138,0.00041514797984521743
NGC 4472,outer,raw_global_3p5,0.12080798455170656,0.3514288421698242,0.001875958265555998,34528,0.3596527542616171,0.0005275203276131379
NGC 4472,outer,raw_global_3p5,0.12975672414812928,0.310516368127741,0.0016344476000901326,37016,0.33844005678823996,0.0014560600494127557
NGC 4472,outer,raw_global_3p5,0.138705463744552,0.2766272999592641,0.0014003827183020467,39600,0.31777515155134817,0.00017198523354062576
NGC 4472,outer,raw_global_3p5,0.14765420334097468,0.2493691251181573,0.001198558595235168,42128,0.29883901468329827,0.001471741743500053
NGC 4472,outer,raw_global_3p5,0.1566029429373974,0.2249380929116629,0.001058501881944518,44770,0.2799537517078505,0.0003839415013011684
NGC 4472,outer,raw_global_3p5,0.16555168253382013,0.20474059546591572,0.0009447394772138887,47236,0.26109274412984307,0.0008044212022006215
NGC 4472,outer,raw_global_3p5,0.1745004221302428,0.18917879383222072,0.0008626963586248426,49828,0.24440820264830404,0.0006334191357646743
NGC 4472,outer,raw_global_3p5,0.18344916172666553,0.16731574268249408,0.000744744811383203,52346,0.2276790751436233,0.0005994572639436794
NGC 4472,outer,raw_global_3p5,0.19239790132308826,0.15062692919824963,0.0006494865830874079,55010,0.21246766793803348,0.0009684833606873995
NGC 4472,outer,raw_global_3p5,0.20134664091951093,0.13411383096236046,0.0005703983355169366,57472,0.19800472452295587,0.0006549899527712961
NGC 4472,outer,raw_global_3p5,0.21029538051593366,0.12156221284921875,0.0004995018672398172,60096,0.18483017885555778,0.0009997760915715162
NGC 4472,outer,raw_global_3p5,0.2192441201123564,0.10877636671383535,0.00043727055989951186,62528,0.17240056200112774,0.0006688059971749144
NGC 4472,outer,raw_global_3p5,0.22819285970877906,0.09693988153982265,0.0003830154313596687,65198,0.16125572021406373,0.0005703725131644933
NGC 4472,outer,raw_global_3p5,0.2371415993052018,0.08689344832103067,0.0003378328683319141,67664,0.15111937439569373,0.0002420985652577739
NGC 4472,outer,raw_global_3p5,0.24609033890162446,0.07721179235793837,0.0002929505493562574,70312,0.14226143263853513,0.00022040655512078281
NGC 4472,outer,raw_global_3p5,0.2550390784980472,0.07003566545122086,0.00026217132584941696,72788,0.13436509299252583,0.0002483633888366739
NGC 4472,outer,raw_global_3p5,0.2639878180944699,0.06328693082987917,0.00023192464405384313,75328,0.12751158846955526,0.0002477809315845488
NGC 4472,outer,raw_global_3p5,0.27293655769089264,0.05725392587205798,0.00020618777435717168,77996,0.12141843246787459,0.0003841730067825151
NGC 4472,outer,raw_global_3p5,0.2818852972873153,0.051556856826612804,0.00018187468390259414,80504,0.11579165938058107,0.00020130975804365337
NGC 4472,outer,raw_global_3p5,0.29083403688373805,0.046114123458319514,0.00016151161097076127,83036,0.11046734021370018,0.00014930235829915914
NGC 4472,outer,raw_global_3p5,0.2997827764801607,0.041718749224728645,0.00014297345061474958,85576,0.10529323078550451,0.0005892757885127853
NGC 4472,outer,raw_global_3p5,0.30873151607658345,0.03706528297682452,0.000125621573340041,88154,0.10044512383159691,0.0002537387420069798
NGC 4472,outer,raw_global_3p5,0.3176802556730062,0.03333160592913265,0.00011166302652655112,90728,0.09539722473953574,0.00032203788020337466
NGC 4472,outer,raw_global_3p5,0.3266289952694289,0.02950197675898006,9.717059837274605e-05,93260,0.09018113480633548,0.00033536011956026695
NGC 4472,outer,raw_global_3p5,0.3355777348658516,0.026236771139221928,8.581403082065095e-05,95764,0.08525291391380077,0.0004359942741127496
NGC 4472,outer,raw_global_3p5,0.3445264744622743,0.023172089058491187,7.48707142729285e-05,98414,0.07989993593245705,0.0002497855613969451
NGC 4472,outer,raw_global_3p5,0.353475214058697,0.02076916639527064,6.659898962714723e-05,100920,0.07470004267692482,0.0002508621795706669
NGC 4472,outer,raw_global_3p5,0.3624239536551197,0.018201169146507858,5.7349686284023814e-05,103510,0.06944166132060693,0.00043728941517012906
NGC 4472,outer,raw_global_3p5,0.37137269325154243,0.015854746317939653,4.9498708350418394e-05,105988,0.06403993480783758,0.000358916205545609
NGC 4472,outer,raw_global_3p5,0.38032143284796516,0.013487039893514428,4.1750904237618896e-05,108630,0.058970608322676664,0.0005779753184128004
NGC 4472,outer,raw_global_3p5,0.38927017244438783,0.011664408118376641,3.593947350040962e-05,111168,0.05391562982094961,0.00027792616663012865
NGC 4472,outer,raw_global_3p5,0.39821891204081056,0.009982783482620562,3.0167647381083658e-05,113728,0.0491371858519263,0.00030083111285044713
NGC 4472,outer,raw_global_3p5,0.40716765163723323,0.00857176595397613,2.574759699105499e-05,116220,0.04469485974774338,0.00032561834436797886
NGC 4472,outer,raw_global_3p5,0.41611639123365596,0.0073990866657956495,2.220345424034101e-05,118796,0.040516308059290504,0.0002174595660557997
NGC 4472,outer,raw_global_3p5,0.4250651308300787,0.006247793871784581,1.8473156162684473e-05,121358,0.036667735723344023,0.00019714065069987752
NGC 4472,outer,raw_global_3p5,0.4340138704265014,0.00537417560508887,1.5894440916373396e-05,123956,0.03315325367501465,0.00031434750977338944
NGC 4472,outer,raw_global_3p5,0.4429626100229241,0.004622637256806144,1.3432419538578794e-05,126388,0.0300861201032459,0.00019236218713999473
NGC 4472,outer,raw_global_3p5,0.45191134961934676,0.003952289228836573,1.1465681508772624e-05,129098,0.0273498462747702,0.00024898447019633244
NGC 4472,outer,raw_global_3p5,0.4608600892157695,0.0034728987779499352,9.985299684808751e-06,131586,0.024966648922853316,0.000265774976195096
NGC 4472,outer,raw_global_3p5,0.4698088288121922,0.0030630915708003887,8.75006072028208e-06,134164,0.02292906488981457,0.00019735574720796013
NGC 4472,outer,raw_global_3p5,0.47875756840861494,0.002747436547922081,7.807262068348091e-06,136688,0.02115247321126125,0.00019589814490823744
NGC 4472,outer,raw_global_3p5,0.4877063080050376,0.002538285994159794,7.248509641548162e-06,139256,0.01964168484250243,0.00022448390084985688
NGC 4472,outer,raw_global_3p5,0.4966550476014603,0.0023708971733770175,6.672687920452366e-06,140783,0.018287274689291453,0.00026789537845937455
NGC 4472,outer,raw_global_3p5,0.505603787197883,0.0022640792031075217,7.096213791191999e-06,117804,0.01405027971722647,0.00013887892230684306
NGC 4472,outer,raw_global_3p5,0.5145525267943057,0.0021989719174076035,7.4157095245697646e-06,102488,0.011033714241015133,0.00010277124314433344
NGC 4472,outer,raw_global_3p5,0.5235012663907285,0.0021113546564356348,7.615947603482701e-06,92310,0.008886617134615752,0.00010272406019861356
NGC 4472,outer,raw_global_3p5,0.5324500059871512,0.0021226173155430603,7.99721886819217e-06,84162,0.007250346880767767,4.385580953407445e-05
NGC 4472,outer,raw_global_3p5,0.5413987455835739,0.0021994691698111178,8.85181407220491e-06,77122,0.00594459513783467,3.096325793756551e-05
NGC 4472,outer,raw_global_3p5,0.5503474851799965,0.0022235460631915213,9.170652957806988e-06,70964,0.004910969800801671,4.462682920081286e-05
NGC 4472,outer,raw_global_3p5,0.5592962247764193,0.00223020462794247,9.591210008027543e-06,65190,0.004079899624095932,3.998395706610179e-05
NGC 4472,outer,raw_global_3p5,0.568244964372842,0.0023437970631235345,1.0489461030447436e-05,60014,0.003408143600309658,3.695843074587704e-05
NGC 4472,outer,raw_global_3p5,0.5771937039692647,0.0024077362211863866,1.0937430038376552e-05,55018,0.00286435539826323,2.9030941531655895e-05
NGC 4472,outer,raw_global_3p5,0.5861424435656875,0.002588662105637583,1.2040256867922059e-05,50368,0.0024398825372762265,1.7198595840960874e-05
NGC 4472,outer,raw_global_3p5,0.5950911831621102,0.002691213743554412,1.3068033048758689e-05,45928,0.0021369031338845613,2.0268677183761e-05
NGC 4472,outer,raw_global_3p5,0.6040399227585328,0.00279662946125465,1.3905897648474415e-05,41700,0.0019280610865926293,1.5287521101696497e-05
NGC 4472,outer,raw_global_3p5,0.6129886623549555,0.002896741128127816,1.516376551286672e-05,37506,0.0017828188113036233,1.4418054563617133e-05
NGC 4472,outer,raw_global_3p5,0.6219374019513783,0.003050451551979576,1.663644644067891e-05,33632,0.001691038622955879,6.734357342955919e-06
NGC 4472,outer,raw_global_3p5,0.630886141547801,0.0032831305325296345,1.9074162674990002e-05,29662,0.0016323706913314627,1.203731034602095e-05
NGC 4472,outer,raw_global_3p5,0.6398348811442237,0.003337768186282187,2.0567234429509494e-05,26016,0.0016074920593250458,1.2747150943546458e-05
NGC 4472,outer,raw_global_3p5,0.6487836207406463,0.00346135723391944,2.3174917806652766e-05,22232,0.0015900742234788087,4.604534714001845e-06
NGC 4472,outer,raw_global_3p5,0.657732360337069,0.003629746900655042,2.5989351711902574e-05,18762,0.0015798898489488467,5.165319254141281e-06
NGC 4472,outer,raw_global_3p5,0.6666810999334918,0.003535045924628461,2.8302062239706798e-05,15114,0.0015836370853937018,1.3716500738798604e-05
NGC 4472,outer,raw_global_3p5,0.6756298395299145,0.003924870795164953,3.6780083731734007e-05,11792,0.0015725039946198603,1.265048350163602e-05
NGC 4472,outer,raw_global_3p5,0.6845785791263372,0.003834202225182972,4.193307554048528e-05,8266,0.001572565756482966,4.517488270668484e-06
NGC 4472,outer,raw_global_3p5,0.69352731872276,0.004078133685723813,5.8796293003267446e-05,5048,0.0015717013347931127,5.551317273022908e-06
NGC 4472,outer,raw_global_3p5,0.7024760583191827,0.004169570043641209,9.272048639249486e-05,1680,0.0015766194070325696,5.725022540403559e-06
NGC 4472,outer,normalized_full_3p5,0.004474369798211354,175.52265068291416,64.45710111875007,1285,0.9035448356636862,0.008963204012741302
NGC 4472,outer,normalized_full_3p5,0.013423109394634064,1.9441549474722437,0.0361576142946648,3832,0.8088895895937758,0.0008388510021093744
NGC 4472,outer,normalized_full_3p5,0.02237184899105677,1.3192181769899969,0.016515891887079016,6388,0.7357641867479227,0.0002816212692336502
NGC 4472,outer,normalized_full_3p5,0.03132058858747948,1.09192422085382,0.011515483034487742,8936,0.6777054483869542,0.0005270090628182524
NGC 4472,outer,normalized_full_3p5,0.04026932818390219,0.9476688903903402,0.00900784234098248,11494,0.6281837027646633,0.0019546604899911514
NGC 4472,outer,normalized_full_3p5,0.0492180677803249,0.86730798067779,0.00714978178348107,14076,0.5896788470813701,0.00011943612414672423
NGC 4472,outer,normalized_full_3p5,0.058166807376747606,0.7666795954439649,0.0058505856178805256,16600,0.5567833220124793,0.0012620067217374601
NGC 4472,outer,normalized_full_3p5,0.06711554697317032,0.7104731559483283,0.0052323064908419755,19148,0.5254168547697213,0.0011080892421165434
NGC 4472,outer,normalized_full_3p5,0.07606428656959302,0.6214878722110851,0.0042087136447447665,21722,0.49580562168845066,0.0014517851548752688
NGC 4472,outer,normalized_full_3p5,0.08501302616601573,0.5558503966133614,0.00355409475162812,24268,0.4659995602049213,0.0004224418188992
NGC 4472,outer,normalized_full_3p5,0.09396176576243845,0.4931837796370306,0.0030616290292535832,26850,0.43763275699915166,0.0012673875856585941
NGC 4472,outer,normalized_full_3p5,0.10291050535886115,0.4382915101214009,0.0025550523971419096,29396,0.41067812993298053,0.0005669077228180039
NGC 4472,outer,normalized_full_3p5,0.11185924495528386,0.38883611430855386,0.002156905860303881,31914,0.3843760792518138,0.00041514797984521743
NGC 4472,outer,normalized_full_3p5,0.12080798455170656,0.3517770781079209,0.0018779335145341052,34528,0.3596527542616171,0.0005275203276131379
NGC 4472,outer,normalized_full_3p5,0.12975672414812928,0.31084493825167603,0.0016362036583372065,37016,0.33844005678823996,0.0014560600494127557
NGC 4472,outer,normalized_full_3p5,0.138705463744552,0.27687411486887037,0.001401619625462485,39600,0.31777515155134817,0.00017198523354062576
NGC 4472,outer,normalized_full_3p5,0.14765420334097468,0.24962486399102302,0.0011998567103805424,42128,0.29883901468329827,0.001471741743500053
NGC 4472,outer,normalized_full_3p5,0.1566029429373974,0.22517647565559656,0.0010599183521454913,44770,0.2799537517078505,0.0003839415013011684
NGC 4472,outer,normalized_full_3p5,0.16555168253382013,0.20496966928621638,0.0009455393685322517,47236,0.26109274412984307,0.0008044212022006215
NGC 4472,outer,normalized_full_3p5,0.1745004221302428,0.18937816168181798,0.0008637273735335519,49828,0.24440820264830404,0.0006334191357646743
NGC 4472,outer,normalized_full_3p5,0.18344916172666553,0.16748969830513732,0.0007455648605285376,52346,0.2276790751436233,0.0005994572639436794
NGC 4472,outer,normalized_full_3p5,0.19239790132308826,0.15081212678353742,0.0006503126433615184,55010,0.21246766793803348,0.0009684833606873995
NGC 4472,outer,normalized_full_3p5,0.20134664091951093,0.13426867184442942,0.0005711062135397702,57472,0.19800472452295587,0.0006549899527712961
NGC 4472,outer,normalized_full_3p5,0.21029538051593366,0.12170500625924455,0.0005000783846377442,60096,0.18483017885555778,0.0009997760915715162
NGC 4472,outer,normalized_full_3p5,0.2192441201123564,0.10890150211736427,0.0004377994862986965,62528,0.17240056200112774,0.0006688059971749144
NGC 4472,outer,normalized_full_3p5,0.22819285970877906,0.09705488267341367,0.0003834546538927501,65198,0.16125572021406373,0.0005703725131644933
NGC 4472,outer,normalized_full_3p5,0.2371415993052018,0.08699680667170599,0.00033823419681495043,67664,0.15111937439569373,0.0002420985652577739
NGC 4472,outer,normalized_full_3p5,0.24609033890162446,0.07731001488541983,0.00029333540710074497,70312,0.14226143263853513,0.00022040655512078281
NGC 4472,outer,normalized_full_3p5,0.2550390784980472,0.0701377063827456,0.00026255416542350906,72788,0.13436509299252583,0.0002483633888366739
NGC 4472,outer,normalized_full_3p5,0.2639878180944699,0.06335998746634167,0.0002322056856606907,75328,0.12751158846955526,0.0002477809315845488
NGC 4472,outer,normalized_full_3p5,0.27293655769089264,0.057314982391188964,0.00020636801557340716,77996,0.12141843246787459,0.0003841730067825151
NGC 4472,outer,normalized_full_3p5,0.2818852972873153,0.05161524924465503,0.00018208473957290273,80504,0.11579165938058107,0.00020130975804365337
NGC 4472,outer,normalized_full_3p5,0.29083403688373805,0.04616910952945251,0.00016170344434602785,83036,0.11046734021370018,0.00014930235829915914
NGC 4472,outer,normalized_full_3p5,0.2997827764801607,0.04177967791304412,0.00014317371230806062,85576,0.10529323078550451,0.0005892757885127853
NGC 4472,outer,normalized_full_3p5,0.30873151607658345,0.03711392325992569,0.00012580926984218012,88154,0.10044512383159691,0.0002537387420069798
NGC 4472,outer,normalized_full_3p5,0.3176802556730062,0.03337121935107083,0.00011181171364117056,90728,0.09539722473953574,0.00032203788020337466
NGC 4472,outer,normalized_full_3p5,0.3266289952694289,0.0295409001973391,9.731077979223087e-05,93260,0.09018113480633548,0.00033536011956026695
NGC 4472,outer,normalized_full_3p5,0.3355777348658516,0.026269997280941912,8.593418404055465e-05,95764,0.08525291391380077,0.0004359942741127496
NGC 4472,outer,normalized_full_3p5,0.3445264744622743,0.023206395682071196,7.498846375028907e-05,98414,0.07989993593245705,0.0002497855613969451
NGC 4472,outer,normalized_full_3p5,0.353475214058697,0.020795680718846493,6.669657209428286e-05,100920,0.07470004267692482,0.0002508621795706669
NGC 4472,outer,normalized_full_3p5,0.3624239536551197,0.018222308045942413,5.742052881727077e-05,103510,0.06944166132060693,0.00043728941517012906
NGC 4472,outer,normalized_full_3p5,0.37137269325154243,0.015878133027086423,4.958589810527241e-05,105988,0.06403993480783758,0.000358916205545609
NGC 4472,outer,normalized_full_3p5,0.38032143284796516,0.013497015132431279,4.177593619335549e-05,108630,0.058970608322676664,0.0005779753184128004
NGC 4472,outer,normalized_full_3p5,0.38927017244438783,0.011680295619611947,3.598788402044098e-05,111168,0.05391562982094961,0.00027792616663012865
NGC 4472,outer,normalized_full_3p5,0.39821891204081056,0.009993566208752625,3.0212153507872e-05,113728,0.0491371858519263,0.00030083111285044713
NGC 4472,outer,normalized_full_3p5,0.40716765163723323,0.008581106442092689,2.577723917056988e-05,116220,0.04469485974774338,0.00032561834436797886
NGC 4472,outer,normalized_full_3p5,0.41611639123365596,0.007407479520969579,2.2227852455799874e-05,118796,0.040516308059290504,0.0002174595660557997
NGC 4472,outer,normalized_full_3p5,0.4250651308300787,0.006252802001010478,1.8491154126713247e-05,121358,0.036667735723344023,0.00019714065069987752
NGC 4472,outer,normalized_full_3p5,0.4340138704265014,0.005378356301654288,1.5909791829571953e-05,123956,0.03315325367501465,0.00031434750977338944
NGC 4472,outer,normalized_full_3p5,0.4429626100229241,0.004627998874288758,1.3447714309548204e-05,126388,0.0300861201032459,0.00019236218713999473
NGC 4472,outer,normalized_full_3p5,0.45191134961934676,0.003953493543830319,1.1466807152196282e-05,129098,0.0273498462747702,0.00024898447019633244
NGC 4472,outer,normalized_full_3p5,0.4608600892157695,0.00347373856654561,9.990315038198034e-06,131586,0.024966648922853316,0.000265774976195096
NGC 4472,outer,normalized_full_3p5,0.4698088288121922,0.003062544418397533,8.75003860209167e-06,134164,0.02292906488981457,0.00019735574720796013
NGC 4472,outer,normalized_full_3p5,0.47875756840861494,0.0027463337053901635,7.808084884521604e-06,136688,0.02115247321126125,0.00019589814490823744
NGC 4472,outer,normalized_full_3p5,0.4877063080050376,0.0025378614432515594,7.257124071487161e-06,139256,0.01964168484250243,0.00022448390084985688
NGC 4472,outer,normalized_full_3p5,0.4966550476014603,0.0023703631989444437,6.674564574990869e-06,140783,0.018287274689291453,0.00026789537845937455
NGC 4472,outer,normalized_full_3p5,0.505603787197883,0.0022631680215130286,7.092840722662386e-06,117804,0.01405027971722647,0.00013887892230684306
NGC 4472,outer,normalized_full_3p5,0.5145525267943057,0.002199617762913407,7.421160696254886e-06,102488,0.011033714241015133,0.00010277124314433344
NGC 4472,outer,normalized_full_3p5,0.5235012663907285,0.002112018467943412,7.620696610517726e-06,92310,0.008886617134615752,0.00010272406019861356
NGC 4472,outer,normalized_full_3p5,0.5324500059871512,0.002123375450269384,8.003032083611802e-06,84162,0.007250346880767767,4.385580953407445e-05
NGC 4472,outer,normalized_full_3p5,0.5413987455835739,0.002195668760198578,8.836765270125992e-06,77122,0.00594459513783467,3.096325793756551e-05
NGC 4472,outer,normalized_full_3p5,0.5503474851799965,0.002221808287459872,9.167132837784437e-06,70964,0.004910969800801671,4.462682920081286e-05
NGC 4472,outer,normalized_full_3p5,0.5592962247764193,0.0022278574801535473,9.569281514370893e-06,65190,0.004079899624095932,3.998395706610179e-05
NGC 4472,outer,normalized_full_3p5,0.568244964372842,0.0023432655388938984,1.0496961419580743e-05,60014,0.003408143600309658,3.695843074587704e-05
NGC 4472,outer,normalized_full_3p5,0.5771937039692647,0.00240646488517331,1.0940855212693118e-05,55018,0.00286435539826323,2.9030941531655895e-05
NGC 4472,outer,normalized_full_3p5,0.5861424435656875,0.002589692882056449,1.205350187030181e-05,50368,0.0024398825372762265,1.7198595840960874e-05
NGC 4472,outer,normalized_full_3p5,0.5950911831621102,0.0026911730703174136,1.3065850628055025e-05,45928,0.0021369031338845613,2.0268677183761e-05
NGC 4472,outer,normalized_full_3p5,0.6040399227585328,0.0027954465650730904,1.390286139838795e-05,41700,0.0019280610865926293,1.5287521101696497e-05
NGC 4472,outer,normalized_full_3p5,0.6129886623549555,0.0028990480061149627,1.5178144524181957e-05,37506,0.0017828188113036233,1.4418054563617133e-05
NGC 4472,outer,normalized_full_3p5,0.6219374019513783,0.0030515589070913836,1.6664383060286316e-05,33632,0.001691038622955879,6.734357342955919e-06
NGC 4472,outer,normalized_full_3p5,0.630886141547801,0.003285672534413898,1.9092007383653587e-05,29662,0.0016323706913314627,1.203731034602095e-05
NGC 4472,outer,normalized_full_3p5,0.6398348811442237,0.0033344690138431034,2.055262718689564e-05,26016,0.0016074920593250458,1.2747150943546458e-05
NGC 4472,outer,normalized_full_3p5,0.6487836207406463,0.003459124488043015,2.3134914093784487e-05,22232,0.0015900742234788087,4.604534714001845e-06
NGC 4472,outer,normalized_full_3p5,0.657732360337069,0.0036322637162796005,2.602630240626156e-05,18762,0.0015798898489488467,5.165319254141281e-06
NGC 4472,outer,normalized_full_3p5,0.6666810999334918,0.0035428301033869247,2.8335499985849894e-05,15114,0.0015836370853937018,1.3716500738798604e-05
NGC 4472,outer,normalized_full_3p5,0.6756298395299145,0.003924559840748967,3.675884496848276e-05,11792,0.0015725039946198603,1.265048350163602e-05
NGC 4472,outer,normalized_full_3p5,0.6845785791263372,0.003835822589460358,4.193922412729289e-05,8266,0.001572565756482966,4.517488270668484e-06
NGC 4472,outer,normalized_full_3p5,0.69352731872276,0.0040787851691273394,5.8887947255113846e-05,5048,0.0015717013347931127,5.551317273022908e-06
NGC 4472,outer,normalized_full_3p5,0.7024760583191827,0.004170436707854642,9.282346998522293e-05,1680,0.0015766194070325696,5.725022540403559e-06
NGC 4472,outer,normalized_union_3p5,0.004474369798211354,175.54463208155806,64.46419116911703,1285,0.9035448356636862,0.008963204012741302
NGC 4472,outer,normalized_union_3p5,0.013423109394634064,1.9445165367318846,0.03616779747964487,3832,0.8088895895937758,0.0008388510021093744
NGC 4472,outer,normalized_union_3p5,0.02237184899105677,1.3193802114855462,0.016517726647023306,6388,0.7357641867479227,0.0002816212692336502
NGC 4472,outer,normalized_union_3p5,0.03132058858747948,1.092186221491152,0.01151849026570492,8936,0.6777054483869542,0.0005270090628182524
NGC 4472,outer,normalized_union_3p5,0.04026932818390219,0.9478230192863687,0.009009249170186901,11494,0.6281837027646633,0.0019546604899911514
NGC 4472,outer,normalized_union_3p5,0.0492180677803249,0.8674666692924412,0.007150903737669549,14076,0.5896788470813701,0.00011943612414672423
NGC 4472,outer,normalized_union_3p5,0.058166807376747606,0.7668235475144439,0.005851794675997565,16600,0.5567833220124793,0.0012620067217374601
NGC 4472,outer,normalized_union_3p5,0.06711554697317032,0.7105884984681741,0.005232907846652854,19148,0.5254168547697213,0.0011080892421165434
NGC 4472,outer,normalized_union_3p5,0.07606428656959302,0.6216071113057108,0.00420961299331129,21722,0.49580562168845066,0.0014517851548752688
NGC 4472,outer,normalized_union_3p5,0.08501302616601573,0.5559757333880984,0.0035549230421041537,24268,0.4659995602049213,0.0004224418188992
NGC 4472,outer,normalized_union_3p5,0.09396176576243845,0.4932774978901825,0.0030621254771976717,26850,0.43763275699915166,0.0012673875856585941
NGC 4472,outer,normalized_union_3p5,0.10291050535886115,0.43842285207889253,0.002555854752977256,29396,0.41067812993298053,0.0005669077228180039
NGC 4472,outer,normalized_union_3p5,0.11185924495528386,0.38893196707778016,0.0021573313915267934,31914,0.3843760792518138,0.00041514797984521743
NGC 4472,outer,normalized_union_3p5,0.12080798455170656,0.3518854733858948,0.0018784321075509716,34528,0.3596527542616171,0.0005275203276131379
NGC 4472,outer,normalized_union_3p5,0.12975672414812928,0.310936607738939,0.0016367256354490442,37016,0.33844005678823996,0.0014560600494127557
NGC 4472,outer,normalized_union_3p5,0.138705463744552,0.27695746575086677,0.0014020491808379946,39600,0.31777515155134817,0.00017198523354062576
NGC 4472,outer,normalized_union_3p5,0.14765420334097468,0.24969729674424926,0.001200218307363551,42128,0.29883901468329827,0.001471741743500053
NGC 4472,outer,normalized_union_3p5,0.1566029429373974,0.22526179839521168,0.0010603221420639407,44770,0.2799537517078505,0.0003839415013011684
NGC 4472,outer,normalized_union_3p5,0.16555168253382013,0.2050443144837688,0.0009458467897147641,47236,0.26109274412984307,0.0008044212022006215
NGC 4472,outer,normalized_union_3p5,0.1745004221302428,0.1894505733823153,0.0008640546379978254,49828,0.24440820264830404,0.0006334191357646743
NGC 4472,outer,normalized_union_3p5,0.18344916172666553,0.16755890047985023,0.0007459149688016715,52346,0.2276790751436233,0.0005994572639436794
NGC 4472,outer,normalized_union_3p5,0.19239790132308826,0.15087665990929497,0.0006505797042244521,55010,0.21246766793803348,0.0009684833606873995
NGC 4472,outer,normalized_union_3p5,0.20134664091951093,0.13432756660155976,0.0005713875927901456,57472,0.19800472452295587,0.0006549899527712961
NGC 4472,outer,normalized_union_3p5,0.21029538051593366,0.12176611538820535,0.0005003231052977832,60096,0.18483017885555778,0.0009997760915715162
NGC 4472,outer,normalized_union_3p5,0.2192441201123564,0.10895712519644783,0.00043800815601066,62528,0.17240056200112774,0.0006688059971749144
NGC 4472,outer,normalized_union_3p5,0.22819285970877906,0.09710525900715365,0.0003836315979589098,65198,0.16125572021406373,0.0005703725131644933
NGC 4472,outer,normalized_union_3p5,0.2371415993052018,0.08704085495693392,0.0003383998955215033,67664,0.15111937439569373,0.0002420985652577739
NGC 4472,outer,normalized_union_3p5,0.24609033890162446,0.07735269499828513,0.00029350237675455866,70312,0.14226143263853513,0.00022040655512078281
NGC 4472,outer,normalized_union_3p5,0.2550390784980472,0.07018082135158259,0.00026273013044452495,72788,0.13436509299252583,0.0002483633888366739
NGC 4472,outer,normalized_union_3p5,0.2639878180944699,0.06339642004791478,0.0002323458462902256,75328,0.12751158846955526,0.0002477809315845488
NGC 4472,outer,normalized_union_3p5,0.27293655769089264,0.05734872220705187,0.0002064956382677151,77996,0.12141843246787459,0.0003841730067825151
NGC 4472,outer,normalized_union_3p5,0.2818852972873153,0.05164697864615291,0.00018220071470108755,80504,0.11579165938058107,0.00020130975804365337
NGC 4472,outer,normalized_union_3p5,0.29083403688373805,0.04619944183929809,0.00016181554064620505,83036,0.11046734021370018,0.00014930235829915914
NGC 4472,outer,normalized_union_3p5,0.2997827764801607,0.041807061013595916,0.00014326425723580746,85576,0.10529323078550451,0.0005892757885127853
NGC 4472,outer,normalized_union_3p5,0.30873151607658345,0.03713863591377884,0.00012588513256069558,88154,0.10044512383159691,0.0002537387420069798
NGC 4472,outer,normalized_union_3p5,0.3176802556730062,0.033393865152670905,0.00011188420224032967,90728,0.09539722473953574,0.00032203788020337466
NGC 4472,outer,normalized_union_3p5,0.3266289952694289,0.029560973412417573,9.738845814313241e-05,93260,0.09018113480633548,0.00033536011956026695
NGC 4472,outer,normalized_union_3p5,0.3355777348658516,0.026288292858821397,8.599498104966188e-05,95764,0.08525291391380077,0.0004359942741127496
NGC 4472,outer,normalized_union_3p5,0.3445264744622743,0.023223195278084387,7.504335279699388e-05,98414,0.07989993593245705,0.0002497855613969451
NGC 4472,outer,normalized_union_3p5,0.353475214058697,0.02081026331126924,6.673803673270794e-05,100920,0.07470004267692482,0.0002508621795706669
NGC 4472,outer,normalized_union_3p5,0.3624239536551197,0.018236236264062372,5.746983678581058e-05,103510,0.06944166132060693,0.00043728941517012906
NGC 4472,outer,normalized_union_3p5,0.37137269325154243,0.0158919368919995,4.963051133554184e-05,105988,0.06403993480783758,0.000358916205545609
NGC 4472,outer,normalized_union_3p5,0.38032143284796516,0.01350839797065327,4.1808047680439e-05,108630,0.058970608322676664,0.0005779753184128004
NGC 4472,outer,normalized_union_3p5,0.38927017244438783,0.011690407593669945,3.60231428639024e-05,111168,0.05391562982094961,0.00027792616663012865
NGC 4472,outer,normalized_union_3p5,0.39821891204081056,0.010001019575504939,3.0237231988013054e-05,113728,0.0491371858519263,0.00030083111285044713
NGC 4472,outer,normalized_union_3p5,0.40716765163723323,0.0085876818894784,2.57982065588829e-05,116220,0.04469485974774338,0.00032561834436797886
NGC 4472,outer,normalized_union_3p5,0.41611639123365596,0.0074129427535778135,2.224773932757056e-05,118796,0.040516308059290504,0.0002174595660557997
NGC 4472,outer,normalized_union_3p5,0.4250651308300787,0.0062570320001785985,1.850088713141643e-05,121358,0.036667735723344023,0.00019714065069987752
NGC 4472,outer,normalized_union_3p5,0.4340138704265014,0.005382692588794424,1.5925157256964226e-05,123956,0.03315325367501465,0.00031434750977338944
NGC 4472,outer,normalized_union_3p5,0.4429626100229241,0.004632444126810117,1.3459475860368931e-05,126388,0.0300861201032459,0.00019236218713999473
NGC 4472,outer,normalized_union_3p5,0.45191134961934676,0.003956271987800266,1.1473115146201622e-05,129098,0.0273498462747702,0.00024898447019633244
NGC 4472,outer,normalized_union_3p5,0.4608600892157695,0.0034759684326053078,9.996650640169379e-06,131586,0.024966648922853316,0.000265774976195096
NGC 4472,outer,normalized_union_3p5,0.4698088288121922,0.0030653981750459473,8.755869795046402e-06,134164,0.02292906488981457,0.00019735574720796013
NGC 4472,outer,normalized_union_3p5,0.47875756840861494,0.0027477427485657433,7.811870382830998e-06,136688,0.02115247321126125,0.00019589814490823744
NGC 4472,outer,normalized_union_3p5,0.4877063080050376,0.002538967843388761,7.258125478328658e-06,139256,0.01964168484250243,0.00022448390084985688
NGC 4472,outer,normalized_union_3p5,0.4966550476014603,0.002371816361224111,6.678100021957031e-06,140783,0.018287274689291453,0.00026789537845937455
NGC 4472,outer,normalized_union_3p5,0.505603787197883,0.002264171337015482,7.094524036672843e-06,117804,0.01405027971722647,0.00013887892230684306
NGC 4472,outer,normalized_union_3p5,0.5145525267943057,0.0021998773734356247,7.421528178616123e-06,102488,0.011033714241015133,0.00010277124314433344
NGC 4472,outer,normalized_union_3p5,0.5235012663907285,0.0021126810106076675,7.625277533212638e-06,92310,0.008886617134615752,0.00010272406019861356
NGC 4472,outer,normalized_union_3p5,0.5324500059871512,0.0021238698796855107,8.007443356053249e-06,84162,0.007250346880767767,4.385580953407445e-05
NGC 4472,outer,normalized_union_3p5,0.5413987455835739,0.0021966322835890125,8.838150371083783e-06,77122,0.00594459513783467,3.096325793756551e-05
NGC 4472,outer,normalized_union_3p5,0.5503474851799965,0.0022211859139855375,9.164589374006026e-06,70964,0.004910969800801671,4.462682920081286e-05
NGC 4472,outer,normalized_union_3p5,0.5592962247764193,0.0022271537429227103,9.565650793724343e-06,65190,0.004079899624095932,3.998395706610179e-05
NGC 4472,outer,normalized_union_3p5,0.568244964372842,0.002341714698321209,1.0493599546691674e-05,60014,0.003408143600309658,3.695843074587704e-05
NGC 4472,outer,normalized_union_3p5,0.5771937039692647,0.002405905380095824,1.0943255868691362e-05,55018,0.00286435539826323,2.9030941531655895e-05
NGC 4472,outer,normalized_union_3p5,0.5861424435656875,0.0025898599433022192,1.2060833234280641e-05,50368,0.0024398825372762265,1.7198595840960874e-05
NGC 4472,outer,normalized_union_3p5,0.5950911831621102,0.002690864051276756,1.3061186277614345e-05,45928,0.0021369031338845613,2.0268677183761e-05
NGC 4472,outer,normalized_union_3p5,0.6040399227585328,0.002794650571202546,1.389620504915449e-05,41700,0.0019280610865926293,1.5287521101696497e-05
NGC 4472,outer,normalized_union_3p5,0.6129886623549555,0.0028991787531999088,1.5172703912934904e-05,37506,0.0017828188113036233,1.4418054563617133e-05
NGC 4472,outer,normalized_union_3p5,0.6219374019513783,0.003052981486245429,1.667138656079826e-05,33632,0.001691038622955879,6.734357342955919e-06
NGC 4472,outer,normalized_union_3p5,0.630886141547801,0.0032859462843786245,1.9089621607291674e-05,29662,0.0016323706913314627,1.203731034602095e-05
NGC 4472,outer,normalized_union_3p5,0.6398348811442237,0.003333104333599385,2.055092603090518e-05,26016,0.0016074920593250458,1.2747150943546458e-05
NGC 4472,outer,normalized_union_3p5,0.6487836207406463,0.003460995076351627,2.3151223319553444e-05,22232,0.0015900742234788087,4.604534714001845e-06
NGC 4472,outer,normalized_union_3p5,0.657732360337069,0.0036323986548206463,2.6020863457803343e-05,18762,0.0015798898489488467,5.165319254141281e-06
NGC 4472,outer,normalized_union_3p5,0.6666810999334918,0.0035422321535064343,2.834085262693003e-05,15114,0.0015836370853937018,1.3716500738798604e-05
NGC 4472,outer,normalized_union_3p5,0.6756298395299145,0.003921601746451207,3.675856799515331e-05,11792,0.0015725039946198603,1.265048350163602e-05
NGC 4472,outer,normalized_union_3p5,0.6845785791263372,0.0038375984316548145,4.193988131959883e-05,8266,0.001572565756482966,4.517488270668484e-06
NGC 4472,outer,normalized_union_3p5,0.69352731872276,0.004076344728061421,5.885343340836168e-05,5048,0.0015717013347931127,5.551317273022908e-06
NGC 4472,outer,normalized_union_3p5,0.7024760583191827,0.004170280306404288,9.282365186709676e-05,1680,0.0015766194070325696,5.725022540403559e-06
