sma,intens,x0_full,y0_full,eps,pa,node_origin,grad
20.0,503.78655576568895,8457.694695361806,3116.2423557601946,0.12168914193006279,1.7709278311948249,fitted,-12.335774094347602
30.0,380.4288148222129,8457.744039800607,3116.0918625743484,0.13955863633294244,1.7890900217697734,fitted,-10.044281924276063
40.0,302.9009172801677,8457.727001735457,3116.3512215492515,0.167841378516528,1.834534059779079,fitted,-6.871746256522623
50.0,242.99388969176047,8457.727001735457,3116.3512215492515,0.167841378516528,1.834534059779079,fitted,-5.14341872611259
60.0,200.03254275791588,8457.967084147826,3116.291926421958,0.16988369282668153,1.8339020588975343,fitted,-3.789966721124917
70.0,167.19455526926214,8457.854291639982,3116.5235762535285,0.17332112910202815,1.8604628667215117,fitted,-2.803141334830998
80.0,143.9697160612959,8457.771903060835,3116.3774553489834,0.18460623590177028,1.867442198263317,fitted,-2.10231896733612
90.0,125.14817592253974,8458.02000426159,3116.120974899212,0.1880191557572577,1.8686076561770584,fitted,-1.6327549071068532
100.0,111.31461791915885,8457.739879736948,3116.6279803156167,0.1920972963708879,1.8838121983378717,fitted,-1.30181698561884
110.0,99.11183621016293,8457.840490670573,3116.1751181791014,0.19868996098078104,1.889856271539812,fitted,-1.128132456148522
120.0,88.75196879618841,8457.689172856353,3116.5399736659488,0.19534159513701105,1.9039364927053315,fitted,-0.9788234564881811
130.0,79.53536708039931,8457.95640493425,3116.299064684265,0.19521266950986524,1.9091388454301492,fitted,-0.854100917722036
140.0,71.66995044174769,8458.079979239536,3116.001748257198,0.18998780577498528,1.891227140407448,fitted,-0.7063935322341628
150.0,65.40749643571606,8458.114365391204,3116.31535352865,0.19227331872517522,1.9150227771899686,fitted,-0.5911983379001239
160.0,59.84598368374521,8457.875838298047,3115.8536208762303,0.1967732814094285,1.9123215364710342,fitted,-0.5523118205456417
170.0,54.36126002480322,8457.62989561489,3116.333036685278,0.1893540587669194,1.9178561027855088,fitted,-0.5004253140216488
180.0,49.837477403312235,8457.777493842563,3117.0241757439157,0.186606560582232,1.914956109336454,fitted,-0.42237381203765556
190.0,45.91378378405011,8457.914219978193,3116.568411640977,0.1863716100352609,1.9312036611732608,fitted,-0.3713458556859049
200.0,42.41056028959414,8457.756971665422,3116.0610055506995,0.1818489281665655,1.9455744663242123,fitted,-0.3282885247869306
210.0,39.3480132883115,8457.544227155735,3116.35948257242,0.17883482518025717,1.9362316266226633,fitted,-0.2855100847987302
220.0,36.700358593619534,8457.981370953248,3115.8113148826374,0.1760909515800028,1.949306608907508,fitted,-0.24198117466717442
230.0,34.50838979496801,8458.47162949063,3116.875927244859,0.183800009316012,1.9690150571160894,fitted,-0.22644958591002365
240.0,32.17136687541906,8457.908939314544,3116.499329431459,0.1743002217942307,1.9534088169936417,fitted,-0.18821483064990635
250.0,30.744093181969884,8458.5382711817,3116.409945142699,0.18235572368526587,1.9816668869275014,fitted,-0.1620151584924951
260.0,28.93106370556916,8457.79034351535,3116.632193581884,0.17556102760405534,1.9816668869275014,fitted,-0.16757673407312534
270.0,27.392558500507377,8457.618184723162,3117.672568186073,0.17859119077149982,1.9916519172995806,fitted,-0.13453008075481526
280.0,26.240462090472853,8457.911503169973,3116.332450860695,0.1818820681193905,1.992900476414799,fitted,-0.12137957098345727
290.0,24.964967080838232,8457.911503169973,3116.332450860695,0.1768629666424317,1.992900476414799,fitted,-0.11395845640916172
300.0,23.96129296228962,8458.165266402946,3115.767400829846,0.17897228286138117,1.98821574273223,fitted,-0.10642440851281325
310.0,22.836478910581967,8458.154354405327,3115.407438751151,0.17799474750365385,2.0089282962446555,fitted,-0.0956045302795296
320.0,22.049202356699027,8459.182490504958,3114.8985878390304,0.18676037488618,2.0089282962446555,fitted,-0.09244267534298486
330.0,20.98762540372227,8458.552036255453,3117.1841972444786,0.17726591987668677,1.9996315539008436,fitted,-0.09927939704240192
340.0,20.06361441585099,8459.182656374966,3115.8049243847936,0.17726591987668677,2.0066475250745355,fitted,-0.08365445633862709
350.0,19.314536276949728,8458.168944139165,3115.898754137239,0.17540247390757543,2.0365940803931615,fitted,-0.08009228593713243
360.0,18.46176869710834,8458.924307891364,3115.8643127254136,0.1706140493664192,2.030833723573444,fitted,-0.07257127133995382
370.0,17.86311085015065,8458.564265603623,3117.6712041134056,0.17028814775437898,2.030833723573444,fitted,-0.07946668833470483
380.0,16.872434930414244,8459.093512052037,3116.603088232757,0.16078866590133817,2.030833723573444,fitted,-0.07228814443942504
390.0,16.41734796136215,8459.05479574547,3117.0787895001113,0.1665259225659554,2.038827673313099,fitted,-0.04943297967429947
400.0,15.883775336928254,8459.05479574547,3117.0787895001113,0.1665259225659554,2.038827673313099,fitted,-0.051959890281007316
410.0,15.378150155742004,8458.4911331173,3118.1464855182485,0.1717106998663595,2.06950767018293,fitted,-0.053580865020482184
420.0,14.81215803651861,8459.883540299259,3116.887144807161,0.17173423564883528,2.043880289097782,fitted,-0.060250371390502176
430.0,14.17314272793196,8458.616884353589,3116.63430455263,0.1580999858809698,2.0508389316105498,fitted,-0.05246147700480126
440.0,13.762928496422585,8461.073305557853,3115.5485892964716,0.1626829245617702,2.0742572246719155,fitted,-0.05441175494119612
450.0,13.084907629108038,8459.228429640123,3114.5324227657115,0.1517431203527703,2.0742572246719155,fitted,-0.051722033807836354
460.0,12.728487820265858,8458.3261833929,3117.707424178169,0.1565502414856202,2.046023478838906,fitted,-0.04200541898272832
470.0,12.244799249453472,8460.527691329044,3115.8575499577264,0.15159409721940928,2.0675753884658423,fitted,-0.047042877525985016
480.0,11.787630269746158,8458.378199053623,3115.5426095766984,0.14659790625485847,2.060675039712088,fitted,-0.04394734744705495
490.0,11.365852300512373,8462.211668465628,3117.6705565991824,0.13946767432007018,2.082568971006886,fitted,-0.03654798257714553
500.0,11.056670618203247,8460.618107974744,3116.775472314588,0.14569804150636007,2.0958867440525424,fitted,-0.03656039748514983
510.0,10.634644350809376,8461.176272162103,3115.303816141622,0.1450209508385418,2.0849413205516467,fitted,-0.03471802182841088
520.0,10.36231018163503,8460.945996331648,3118.956559179912,0.14794688423579308,2.0622382685971994,fitted,-0.027907475744514177
530.0,10.076494835919092,8460.945996331648,3118.956559179912,0.14794688423579308,2.138911282001398,fitted,-0.03466522195924586
540.0,9.669005742450112,8462.608732274219,3116.863292128639,0.14530514243685982,2.1272709416704463,fitted,-0.037963714349923
550.0,9.317220548920632,8461.687633918053,3116.336309150483,0.13950674385133746,2.0938605102817713,fitted,-0.030283494607867834
560.0,9.063335850292756,8461.872305434375,3116.0476154510598,0.1438715352111812,2.1398822997512634,fitted,-0.027625218910776184
570.0,8.764716170705109,8461.091212821153,3115.568358570956,0.13829398255703523,2.1211358165367793,fitted,-0.02540059206530527
580.0,8.55532400898665,8461.091212821153,3115.568358570956,0.14546538446641166,2.1211358165367793,fitted,-0.020710608716505697
590.0,8.350503996374995,8462.116713508749,3116.244665346245,0.1448225779610225,2.1538135408611203,fitted,-0.02491090496803263
600.0,8.057105909625998,8460.861414957608,3116.3990884936743,0.13703492639141016,2.1538135408611203,fitted,-0.029958523570562168
610.0,7.751333524963751,8460.861414957608,3116.3990884936743,0.13058455951917988,2.2028945872375787,fitted,-0.021107492051630938
620.0,7.634956068593379,8463.980017780177,3115.2116891559517,0.1395483933924777,2.1907546756136216,fitted,-0.0177008661813725
630.0,7.397316201336301,8460.52514638245,3116.0464446269225,0.1330960946197214,2.1907546756136216,fitted,-0.023293055448809018
640.0,7.1690949596171984,8460.52514638245,3116.0464446269225,0.1330960946197214,2.1482204073697844,fitted,-0.01822249832839131
650.0,7.032866234768475,8460.52514638245,3116.0464446269225,0.13691997338332468,2.2332300981965556,fitted,-0.01581778318270106
660.0,6.852739295963177,8462.981964877106,3117.7468422737848,0.13691997338332468,2.186625647502175,fitted,-0.01594862885705921
670.0,6.713893657627291,8463.758212017347,3116.649876794027,0.13691997338332468,2.186625647502175,fitted,-0.01782720462952394
680.0,6.496195203372698,8461.137341366912,3120.353600107645,0.13691997338332468,2.186625647502175,fitted,-0.017736977046247705
690.0,6.359154116702337,8464.29363072135,3116.4906534622905,0.13483174381005616,2.243070627568125,fitted,-0.013850804641014226
700.0,6.219179110552414,8463.024235551775,3118.085445809459,0.13974351342563834,2.243070627568125,fitted,-0.014081744567542919
710.0,6.0775192253514785,8463.024235551775,3118.085445809459,0.13974351342563834,2.2131980973773175,fitted,-0.012624484692450765
720.0,5.966689416703399,8463.482511695329,3118.4615873230173,0.1450889221571849,2.258077091429936,fitted,-0.012875897165699169
730.0,5.820001282037495,8463.036266024934,3116.18552710187,0.1400436081310797,2.274370217317187,fitted,-0.013730982724616725
740.0,5.692069762211064,8462.576153427095,3121.030922152397,0.13892463083436193,2.2507861485109144,fitted,-0.012586489010616075
750.0,5.568271501825174,8466.56359653145,3118.799842113408,0.13892463083436193,2.2507861485109144,fitted,-0.011286712095732154
760.0,5.466335520296421,8462.091992378519,3115.183903825272,0.13892463083436193,2.2507861485109144,fitted,-0.010896952780878433
770.0,5.350332446207605,8465.269929318192,3115.6573928956454,0.14423795217283383,2.2507861485109144,fitted,-0.010698920471564533
780.0,5.25235711086513,8467.707555691537,3117.9725204448955,0.14380835897620323,2.2642471609071055,fitted,-0.01091772908294466
790.0,5.131977864548712,8467.707555691537,3117.9725204448955,0.14380835897620323,2.2642471609071055,fitted,-0.010439750353738652
800.0,5.043562103790357,8467.707555691537,3117.9725204448955,0.14380835897620323,2.2642471609071055,fitted,-0.011281027901684438
810.0,4.906357306515023,8469.90758524227,3119.8010841823016,0.14005289436546264,2.2642471609071055,fitted,-0.010410732124691124
820.0,4.835347461296535,8469.90758524227,3119.8010841823016,0.14005289436546264,2.3719379085731447,fitted,-0.008878609569830198
830.0,4.728785115118419,8465.192039262578,3124.3704419594874,0.14005289436546264,2.326789832825989,fitted,-0.011586735508688717
840.0,4.6036127511227605,8463.118732459057,3118.061961385484,0.13634741505091424,2.2949369903653096,fitted,-0.009689912066521566
850.0,4.534986873787988,8459.648828514351,3121.9794009248512,0.13634741505091424,2.3229865282034274,fitted,-0.004932682848267911
860.0,4.504959094157402,8466.198794937782,3115.5896221725598,0.14760160189096871,2.3229865282034274,fitted,-0.007780829719261861
870.0,4.3793702794027505,8461.536454616726,3120.572374140367,0.14872246976615786,2.3376008105672788,fitted,-0.013023965180151097
880.0,4.24447979055438,8456.284199070988,3125.6793755263975,0.133030324063632,2.370215248866107,fitted,-0.006631952926360629
890.0,4.246731220875538,8456.99828435416,3114.824573725648,0.1419488633837198,2.370215248866107,fitted,-0.005111223308206725
900.0,4.142255324390246,8458.071335621215,3127.2734374222046,0.1419488633837198,2.328182761062635,fitted,-0.009554032588186656
910.0,4.055650569111805,8462.608589739692,3122.4745946641997,0.1400008661932332,2.328182761062635,fitted,-0.008987635761965596
920.0,3.962502609150934,8462.608589739692,3122.4745946641997,0.1400008661932332,2.2876683923932335,fitted,-0.006749903204910335
930.0,3.920652505013598,8465.946252267451,3119.2329355196803,0.1400008661932332,2.322231115342864,fitted,-0.00580517309231543
940.0,3.8463991473046253,8465.274586812382,3119.951847857582,0.1400008661932332,2.3600661192456136,fitted,-0.010619717890053759
950.0,3.708258147212523,8464.822283425023,3130.3086863760504,0.13070607374060916,2.344581700251857,fitted,-0.009943859199114202
960.0,3.6475219633223412,8471.790494224511,3120.019918506847,0.133722263206923,2.373801677875915,fitted,-0.003799502045127439
970.0,3.7500069963446645,8462.34301007532,3124.827867694339,0.15801437696179518,2.373801677875915,fitted,-0.0008080188894191709
980.0,3.631361585533958,8459.267769592203,3127.7966784347614,0.1401031371307035,2.373801677875915,fitted,-0.012819539137388092
990.0,3.4936162135969027,8464.070239872555,3123.6049910411602,0.1401031371307035,2.3985849598747406,fitted,-0.00880597943656709
1000.0,3.455241996802616,8464.966054643468,3124.532893093134,0.13892054128546352,2.39456419703373,fitted,-0.006033172181308344
1010.0,3.372952769970736,8470.210509485327,3118.538400802062,0.13892054128546352,2.435619548404721,fitted,-0.009021888591261806
1020.0,3.27480422497738,8460.729350067168,3132.2270139029533,0.1301599873901104,2.3891544716076516,fitted,-0.007064696842605222
1030.0,3.2316588331186313,8463.025338573045,3133.1054529896473,0.1375943534814788,2.4320213006877376,fitted,-0.0049160895905667745
1040.0,3.1764824331660444,8463.025338573045,3133.1054529896473,0.1375943534814788,2.4320213006877376,fitted,-0.004821851986617509
1050.0,3.135221793386281,8462.012806454792,3136.9102393676903,0.1409792147079851,2.402084055881476,fitted,-0.007291779985222768
1060.0,3.030646833461589,8458.486125615624,3128.9093615955867,0.1325402168772889,2.3817756506906758,fitted,-0.0037215448072644985
1070.0,3.060790897240991,8461.251776797166,3126.7697098146004,0.15005771087911204,2.396975661380256,fitted,-0.004850969945378192
1080.0,2.933627434554025,8461.788883441386,3132.0009365467927,0.13211443940330075,2.42842372449656,fitted,-0.007754447752753246
1090.0,2.9057019421859263,8463.172599916224,3133.549383013058,0.13998643482909098,2.4123158631902757,fitted,-0.0015643394850447744
1100.0,2.9023406448531297,8459.403633607233,3129.3317252278425,0.14473312418599446,2.4123158631902757,fitted,-0.006317201998590228
1110.0,2.7793579022141217,8459.403633607233,3129.3317252278425,0.1352116848300326,2.408665651657887,fitted,-0.005950370997799781
1120.0,2.783333224897134,8461.544219410553,3126.056239299266,0.14340387790531126,2.4179824641790653,fitted,-0.004178989657236598
1130.0,2.6957781090693897,8457.895898995914,3135.2776590865956,0.13812106883533598,2.456628090611519,fitted,-0.003426057832020812
1140.0,2.714812068256718,8457.895898995914,3135.2776590865956,0.15351143405148254,2.456628090611519,fitted,-0.0035878067829455016
1150.0,2.6240219734104797,8461.648499621379,3132.212138635463,0.14460821607395472,2.4944996098437993,fitted,-0.005343430157299966
1160.0,2.6079434651107185,8459.769838031973,3129.7259117802337,0.15428025285811417,2.4944996098437993,fitted,-0.002809788154917747
1170.0,2.5678262103121248,8464.004694577092,3137.800777103375,0.1511591360555386,2.443030322335736,fitted,-0.0038305500806893765
1180.0,2.531332463496931,8466.56903219816,3133.4404183921824,0.1511591360555386,2.481415272067986,fitted,-0.0037759047771213972
1190.0,2.492308114769697,8455.028331115453,3134.5221789212524,0.14340940026854948,2.481415272067986,fitted,-0.0054090030507699
1200.0,2.423152402481533,8449.861411720167,3127.8671152669945,0.13894299802468604,2.481415272067986,fitted,-0.006022136475310957
1210.0,2.3718653852634777,8460.352443558952,3141.379709396034,0.13894299802468604,2.481415272067986,fitted,-0.0036452699469790685
1220.0,2.3502470035419516,8457.996135235691,3137.611087987964,0.1445731980467111,2.488559427633638,fitted,-0.003535560095994872
1230.0,2.3011541833435802,8460.828195181817,3141.313119218937,0.1445731980467111,2.488559427633638,fitted,-0.004003040683290137
1240.0,2.270186189876149,8459.551758928135,3132.311644314245,0.15136653045650206,2.488559427633638,fitted,-0.00360836471549153
1250.0,2.2289868890337496,8466.962100728522,3141.998344913477,0.15096055959537152,2.488559427633638,fitted,-0.002826294866889678
1260.0,2.2136602925383553,8456.144903006934,3135.714838730218,0.1557049591079848,2.495385833131331,fitted,-0.0033987297648828017
1270.0,2.1610122937360936,8464.80314737631,3146.938860835067,0.1507750671242313,2.466245917737584,fitted,-0.0055364224562386875
1280.0,2.1029318434135815,8460.985788213651,3142.17308326144,0.14294150906919142,2.4729629508633715,fitted,-0.004718481749074343
1290.0,2.0666426587546067,8456.559500266214,3135.933350427485,0.13429124552034366,2.5434781819131045,fitted,-0.0018121515138831423
1300.0,2.0666888131359187,8453.137135579114,3131.4204807418287,0.14627711693832743,2.499040592798295,fitted,-0.002258447451196055
1310.0,2.0214737097306856,8458.007070405802,3137.9265817861165,0.1423501863579844,2.499040592798295,fitted,-0.004151208133362993
1320.0,1.9836646504686588,8455.998641115853,3144.27799087456,0.14279038211456543,2.499040592798295,fitted,-0.0039067847609016385
1330.0,1.9433380145126529,8462.796899917968,3139.300912380219,0.14279038211456543,2.499040592798295,fitted,-0.00343951177545303
1340.0,1.9148744149595982,8462.887886305201,3139.4282566569996,0.14279038211456543,2.521207001056355,fitted,-0.0031441118920871756
1350.0,1.8804557766709094,8458.465191234603,3142.5882341328743,0.13653486477571675,2.4560671698441285,fitted,-0.002282822768744264
1360.0,1.869217959584713,8456.47226446889,3139.9720718926815,0.1450561642257714,2.4905980935229715,fitted,-0.0019232388136869228
1370.0,1.841991000397171,8455.191131112964,3148.9588451031814,0.14347634883803015,2.466558693073958,fitted,-0.0030923945945446675
1380.0,1.8073700676938196,8451.07465964887,3143.8062797225166,0.14347634883803015,2.5112760740889715,fitted,-0.0038378929410729954
1390.0,1.765233141575711,8451.07465964887,3143.8062797225166,0.14347634883803015,2.5658924926590365,fitted,-0.003576763111379755
1400.0,1.7358348054662245,8451.07465964887,3143.8062797225166,0.14925536270842302,2.5371390354025127,fitted,-0.0016761271362436326
1410.0,1.7317105988508383,8451.967009530554,3145.0982392164283,0.15000479474852726,2.5371390354025127,fitted,-0.0016595765111337313
1420.0,1.7026432752435499,8453.51689822444,3145.1842895681666,0.15165712793445238,2.5371390354025127,fitted,-0.0029443062977120515
1430.0,1.6728244728965973,8454.478473731724,3146.576475112478,0.15165712793445238,2.5371390354025127,fitted,-0.005213415019002421
1440.0,1.5983749748635014,8454.478473731724,3146.576475112478,0.13673403705947887,2.5839380543955914,fitted,-0.0037384567522019243
1450.0,1.5980553378525588,8454.207864459931,3147.4432960381087,0.14691948560067541,2.5600028358131617,fitted,-0.001168529117665107
1460.0,1.5750043925101993,8451.166143987362,3144.551542059969,0.15190915770035945,2.5227487051011925,fitted,-0.0033408405357676528
1470.0,1.5312385271372058,8454.560450448069,3148.774247185353,0.13956012761553374,2.5476090776212392,fitted,-0.002710916564165844
1480.0,1.5207860612268824,8448.162435683293,3153.7948859894937,0.143503655426913,2.5429271806471694,fitted,-0.0023778928513174757
1490.0,1.4836806701108562,8450.639592832802,3160.185546400281,0.143503655426913,2.473937331704912,fitted,-0.0031426609896549884
1500.0,1.4579328414337827,8450.639592832802,3160.185546400281,0.143503655426913,2.473937331704912,fitted,-0.001811104062261182
1510.0,1.4474585888656326,8450.639592832802,3160.185546400281,0.143503655426913,2.473937331704912,fitted,-0.002556287105616395
1520.0,1.4068070993214548,8450.639592832802,3160.185546400281,0.143503655426913,2.473937331704912,fitted,-0.002279829140566714
1530.0,1.4018620060542983,8450.639592832802,3160.185546400281,0.143503655426913,2.473937331704912,fitted,-0.0025105335685330797
1540.0,1.3565964279507932,8450.639592832802,3160.185546400281,0.143503655426913,2.473937331704912,fitted,-0.0030866426814619373
1550.0,1.3401291524250596,8450.639592832802,3160.185546400281,0.143503655426913,2.473937331704912,fitted,-0.0015499383808323386
1560.0,1.3255976603341464,8450.639592832802,3160.185546400281,0.143503655426913,2.473937331704912,fitted,-0.00228322810782281
1570.0,1.2944645902686034,8450.639592832802,3160.185546400281,0.143503655426913,2.473937331704912,fitted,-0.003093136391679774
1580.0,1.263734932500551,8450.639592832802,3160.185546400281,0.143503655426913,2.473937331704912,fitted,-0.002168636799958579
1590.0,1.2510918542694318,8450.639592832802,3160.185546400281,0.143503655426913,2.473937331704912,fitted,-0.0015098649400848373
1600.0,1.2335376336988542,8450.639592832802,3160.185546400281,0.143503655426913,2.473937331704912,fitted,-0.0026978577104232347
1610.0,1.1971347000609671,8450.639592832802,3160.185546400281,0.143503655426913,2.473937331704912,fitted,-0.0026932961729565054
1620.0,1.179671710239724,8450.639592832802,3160.185546400281,0.143503655426913,2.473937331704912,fitted,-0.0014088262875861291
1630.0,1.1689581743092445,8450.639592832802,3160.185546400281,0.143503655426913,2.473937331704912,fitted,-0.0013948678483828303
1640.0,1.1517743532720675,8450.639592832802,3160.185546400281,0.143503655426913,2.473937331704912,fitted,-0.0022397319095609825
1650.0,1.1241635361180249,8450.639592832802,3160.185546400281,0.143503655426913,2.473937331704912,fitted,-0.0028814452514065226
1660.0,1.094145448243937,8450.639592832802,3160.185546400281,0.143503655426913,2.473937331704912,fitted,-0.0017083869227695558
1670.0,1.0899957976626338,8450.639592832802,3160.185546400281,0.143503655426913,2.473937331704912,fitted,-0.002939169666689423
1680.0,1.0353620549101485,8450.639592832802,3160.185546400281,0.143503655426913,2.473937331704912,fitted,-0.002875149406314459
1690.0,1.0324928095363446,8450.639592832802,3160.185546400281,0.143503655426913,2.473937331704912,fitted,-0.0003345728821851912
1700.0,1.0286705972664447,8450.639592832802,3160.185546400281,0.143503655426913,2.473937331704912,fitted,-0.002385044303154643
1710.0,0.9847919234732517,8450.639592832802,3160.185546400281,0.143503655426913,2.473937331704912,fitted,-0.003052790235506547
1720.0,0.9676147925563138,8450.639592832802,3160.185546400281,0.143503655426913,2.473937331704912,fitted,-0.0021212288272194958
1730.0,0.9423673469288618,8450.639592832802,3160.185546400281,0.143503655426913,2.473937331704912,fitted,-0.0024798667621074464
1740.0,0.9180174573141648,8450.639592832802,3160.185546400281,0.143503655426913,2.473937331704912,fitted,-0.001424802164418365
1750.0,0.9138713036404945,8450.639592832802,3160.185546400281,0.143503655426913,2.473937331704912,fitted,-0.0022943687522751334
1760.0,0.8721300822686622,8450.639592832802,3160.185546400281,0.143503655426913,2.473937331704912,fitted,-0.003356947276742811
1770.0,0.8467323581056383,8450.639592832802,3160.185546400281,0.143503655426913,2.473937331704912,fitted,-0.001375993425173422
1780.0,0.8446102137651937,8450.639592832802,3160.185546400281,0.143503655426913,2.473937331704912,fitted,-0.0023524772117536007
1790.0,0.7996828138705663,8450.639592832802,3160.185546400281,0.143503655426913,2.473937331704912,fitted,-0.005599356446405429
1800.0,0.7326230848370852,8450.639592832802,3160.185546400281,0.143503655426913,2.473937331704912,fitted,-0.006336348395033287
1810.0,0.6729558459699005,8450.639592832802,3160.185546400281,0.143503655426913,2.473937331704912,fitted,-0.004631833882080954
1820.0,0.6399864071954661,8450.639592832802,3160.185546400281,0.143503655426913,2.473937331704912,fitted,-0.002849744350623262
1830.0,0.6159609589574353,8450.639592832802,3160.185546400281,0.143503655426913,2.473937331704912,fitted,-0.0034248262272530473
1840.0,0.5714898826504051,8450.639592832802,3160.185546400281,0.143503655426913,2.473937331704912,fitted,-0.003555097491952486
1850.0,0.5448590091183856,8450.639592832802,3160.185546400281,0.143503655426913,2.473937331704912,fitted,-0.00029451838330723547
1860.0,0.5758696620474603,8450.639592832802,3160.185546400281,0.143503655426913,2.473937331704912,fitted,-0.0003096073451868066
1870.0,0.5892710689200812,8450.639592832802,3160.185546400281,0.143503655426913,2.473937331704912,fitted,-0.0010442392069379691
1880.0,0.5549848779087009,8450.639592832802,3160.185546400281,0.143503655426913,2.473937331704912,fitted,-0.002196857497110377
1890.0,0.5453339189778736,8450.639592832802,3160.185546400281,0.143503655426913,2.473937331704912,fitted,-0.0017570194369169623
1900.0,0.5198444891703616,8450.639592832802,3160.185546400281,0.143503655426913,2.473937331704912,fitted,-0.0017394685082834204
1910.0,0.5105445488122052,8450.639592832802,3160.185546400281,0.143503655426913,2.473937331704912,fitted,-0.002101831578643848
1920.0,0.4778078575974847,8450.639592832802,3160.185546400281,0.143503655426913,2.473937331704912,fitted,-0.0013455768259423018
1930.0,0.4836330122933592,8450.639592832802,3160.185546400281,0.143503655426913,2.473937331704912,fitted,-0.00029291565945149535
1940.0,0.47194954440845477,8450.639592832802,3160.185546400281,0.143503655426913,2.473937331704912,fitted,-0.0010209822199196722
1950.0,0.46321336789496576,8450.639592832802,3160.185546400281,0.143503655426913,2.473937331704912,fitted,-0.0009407971745717697
1960.0,0.4531336009170194,8450.639592832802,3160.185546400281,0.143503655426913,2.473937331704912,fitted,-0.0009500490705495023
1970.0,0.4442123864839757,8450.639592832802,3160.185546400281,0.143503655426913,2.473937331704912,fitted,-0.0009974070484989662
1980.0,0.43318545994704005,8450.639592832802,3160.185546400281,0.143503655426913,2.473937331704912,fitted,-0.0006077653751020179
1990.0,0.43205707898193535,8450.639592832802,3160.185546400281,0.143503655426913,2.473937331704912,fitted,-0.000588406449080478
2000.0,0.4214173309654305,8450.639592832802,3160.185546400281,0.143503655426913,2.473937331704912,synthetic,-0.0010508741902542445
2010.0,0.41103959517685046,8450.639592832802,3160.185546400281,0.143503655426913,2.473937331704912,synthetic,-0.0010249955804008891
2020.0,0.4009174193574127,8450.639592832802,3160.185546400281,0.143503655426913,2.473937331704912,synthetic,-0.0009997542518264484
2030.0,0.3910445101403215,8450.639592832802,3160.185546400281,0.143503655426913,2.473937331704912,synthetic,-0.0009751345109743209
2040.0,0.3814147291379263,8450.639592832802,3160.185546400281,0.143503655426913,2.473937331704912,synthetic,-0.0009511210507541779
2050.0,0.37202208912523793,8450.639592832802,3160.185546400281,0.143503655426913,2.473937331704912,synthetic,-0.0009392640012688358
