run_id,job_id,target,sample_count,max_process_rss_bytes,max_children_rss_bytes,max_swap_used_bytes,min_ram_available_bytes,min_disk_free_bytes,first_sample_at,last_sample_at
run-20260720T164920Z-5f8824d560b3-6a51d38a,job-cc2e116c39243db11fc20d8367e31350a6335de0c12ea0fcae8c8fb47b2c988d,IC 3349,11,5916540928,1742372864,9390522368,11276599296,157249548288,1784566165.080718,1784566435.1306381
run-20260720T164920Z-5f8824d560b3-6a51d38a,job-c0982bac4c684eabde52a8306a054103fa02b69f81dd9a0245db7ee76953d3e1,IC 3358,114,11449565184,1538588672,9390522368,7483621376,155875405824,1784566465.2765021,1784569826.350469
run-20260720T164920Z-5f8824d560b3-6a51d38a,job-d0cfab08b5ae857c63df7e0bef07e3bfb8362e446d54abd8b165eda1af50ed18,IC 3363,5,5993250816,1446199296,9356967936,11628462080,155660824576,1784569856.955143,1784569946.998281
run-20260720T164920Z-5f8824d560b3-6a51d38a,job-5b6d675db0108f129880561dda30daeda17211d22d7add64b5aae9ab33282c42,IC 3381,133,10912563200,2670182400,9356967936,7438565376,154685497344,1784569977.116498,1784573908.382229
run-20260720T164920Z-5f8824d560b3-6a51d38a,job-dfc9619f565c1f98bb05b4033c2b9153a19cf18fca952834515ff683a486838d,IC 3383,6,7256195072,1761558528,9348579328,11872026624,154489507840,1784573938.996398,1784574059.038912
run-20260720T164920Z-5f8824d560b3-6a51d38a,job-b1e48d7d87779d4d15d263f3e6391b739b7f47c9d80d2b2ff8a443e22005a0b8,IC 3388,5,5973835776,1386774528,9348579328,11184586752,154539393024,1784574089.176664,1784574179.209347
run-20260720T164920Z-5f8824d560b3-6a51d38a,job-6391437cae2b14b2dde7c0f79e44313407e273f34e9d972b6345e0c6396fdf62,IC 3393,123,12221890560,1485881344,9629073408,6523453440,152705445888,1784574209.385777,1784577840.260832
run-20260720T164920Z-5f8824d560b3-6a51d38a,job-2e91649b320028a6597d5347ace16b3461bd0055fdf7d3adab968fcf50af5bea,IC 3437,113,11393875968,1504657408,9578741760,7819935744,150378110976,1784577870.8935921,1784581201.8209422
run-20260720T164920Z-5f8824d560b3-6a51d38a,job-240047d6ad5dc73cfd4c360731d23b8d3128bfcd42c64e9ce5a7614a8dbe85d9,IC 3442,14,5925175296,1541783552,9520021504,11979767808,150201065472,1784581232.4494789,1784581592.572714
run-20260720T164920Z-5f8824d560b3-6a51d38a,job-4999086c503725a77c7e89f77721b20a22967dae0d72118872b2b9c11e618c7b,IC 3443,120,10920706048,1676410880,9520021504,6971162624,149892841472,1784581622.7175732,1784585163.7935722
run-20260720T164920Z-5f8824d560b3-6a51d38a,job-7305039fc431005aeb8f0848752d98f03c17d08f345683f407cea2171c762eee,IC 3457,117,12255444992,1542078464,9520021504,7614447616,149010198528,1784585194.413402,1784588645.509425
run-20260720T164920Z-5f8824d560b3-6a51d38a,job-3007825ec9c987b05eeb7ba3755e08a8895ed6624e893536ad2c283a1ce55684,IC 3461,126,12289097728,1481850880,9571205120,7577108480,148159070208,1784588676.124168,1784592397.30737
run-20260720T164920Z-5f8824d560b3-6a51d38a,job-65f51acd1d83e9d768edb6e9c0cede8638b703c4391675dce9e30f0f362ca3a4,IC 3466,4,5964480512,1831223296,9571205120,12313575424,148746076160,1784592427.9416661,1784592487.973422
run-20260720T164920Z-5f8824d560b3-6a51d38a,job-6599880840b927b535336f66c4c1eb322174a301bfdbc7bd2d54ff21ccae17ed,IC 3468,133,11126489088,2250457088,10945560576,6577766400,145288769536,1784592518.1120782,1784596449.348922
run-20260720T164920Z-5f8824d560b3-6a51d38a,job-64a7dbddcd03f1447aaaf3adfdf39ae33d5449850a1fca6b3f3696b34891fa84,IC 3470,145,8822882304,1627815936,17555652608,6835814400,143890419712,1784596479.9953651,1784600770.665216
run-20260720T164920Z-5f8824d560b3-6a51d38a,job-61fe7f542274d5a8ef9211ec20fb46b0328089f3d1fc31cdc1fa0057deb0ab44,IC 3475,18,5831475200,807649280,17178165248,9436528640,195062165504,1784600801.3018072,1784601281.371283
run-20260720T164920Z-5f8824d560b3-6a51d38a,job-4211913ef367c80d671491e406541f9c8267da6522c945521133c8825da3d494,IC 3486,132,11664015360,1615675392,28319219712,6468206592,116120076288,1784601311.577709,1784605212.5459359
run-20260720T164920Z-5f8824d560b3-6a51d38a,job-3b1dadec3ba5f24c3945e660325ab0375b543971513c0ad7c3d2344a88f5fb47,IC 3492,4,5929451520,1540800512,20951072768,14670970880,212625760256,1784605243.2011461,1784605303.235847
run-20260720T164920Z-5f8824d560b3-6a51d38a,job-ef76bdd3999e8959cad3388723d8b43c642fed4f4e86118982f15a640193a650,IC 3635,7,7969275904,1597800448,20942684160,14419869696,212392644608,1784605333.400975,1784605483.4566631
run-20260720T164920Z-5f8824d560b3-6a51d38a,job-7aa06d4a180bf85419ce68e2f8e2c44b712b0faa3dcf7017ae25292be7cff3fc,NGC 4294,7,5917638656,1891385344,20934295552,14381350912,212194504704,1784605513.619159,1784605663.678219
run-20260720T164920Z-5f8824d560b3-6a51d38a,job-c2d5edf2eac881979abd5c66d5288cfe2fa4bb3ee7f0ce3a964963b318d1e1cd,NGC 4299,11,7992983552,1883881472,20925906944,14372323328,211759063040,1784605693.8528562,1784605963.945876
run-20260720T164920Z-5f8824d560b3-6a51d38a,job-cb9553577f70ecbaaf49fb85f910ef7003ffd6d45a90c1acc36fd026d1607960,NGC 4306,144,13459685376,1574518784,20783104000,10083926016,209270894592,1784605994.137708,1784610255.5635872
run-20260720T164920Z-5f8824d560b3-6a51d38a,job-692d7651b4be58691bd0e202811999e81fc6a1e8466d4c3a7727e7ac56fec782,NGC 4313,25,5891080192,2418606080,16624189440,13231554560,208220696576,1784610286.1971562,1784610976.421411
run-20260720T164920Z-5f8824d560b3-6a51d38a,job-7fa94d968a0ee80e0b41c8d2d54bd4c65df55e6b29caf855edabb2fd875d599e,NGC 4351,26,5920489472,2444148736,16607412224,13362954240,206966501376,1784611006.5790122,1784611726.976358
run-20260720T164920Z-5f8824d560b3-6a51d38a,job-70f76d998feb2ed7b10b6a83703de5506b719ad766fd8afb59ebe85735a0919e,NGC 4371,136,13711671296,1853489152,16607412224,9965223936,203949076480,1784611757.174818,1784615778.483239
run-20260720T164920Z-5f8824d560b3-6a51d38a,job-5fc473f0d09584eca5d3499a8323450a81fbe2592ca94d69ea7e4ee5a80e7343,NGC 4387,10,5961072640,1887354880,16515137536,14519435264,203749990400,1784615809.145694,1784616049.2360451
run-20260720T164920Z-5f8824d560b3-6a51d38a,job-1d0d0ee50401df87b2bfc36ae11e7011097cbe9c71aad383cc743023d82b66f2,NGC 4388,8,6243876864,2096316416,16515137536,13163102208,203654766592,1784616079.403369,1784616259.4758809
run-20260720T164920Z-5f8824d560b3-6a51d38a,job-9b8a035b409d29e6ea235ad78adae843294bd2c2ae89b47b88e64d4d6eaac81b,NGC 4402,20,5905924096,2317811712,16515137536,12773474304,203547758592,1784616289.640054,1784616829.838689
run-20260720T164920Z-5f8824d560b3-6a51d38a,job-fc1e75a022ae2153706d5f37bb43912b9067eaba6981d4757e483d0ce3fbe911,NGC 4413,122,12962840576,2279342080,16506748928,10172186624,202992553984,1784616860.043691,1784620461.302776
run-20260720T164920Z-5f8824d560b3-6a51d38a,job-9643ca2935bde8391ab5583cdc2bca07044b60d7381afc9d62143784cec7af60,NGC 4435,17,5930254336,2304442368,16456220672,13842874368,203045847040,1784620491.954019,1784620942.1148732
run-20260720T164920Z-5f8824d560b3-6a51d38a,job-bacbaa20eea2650dea6c5bdbf1f22324de149948b30813b8a72b14b07f97fb7c,NGC 4436,146,13196640256,1826947072,16439443456,9803464704,202807009280,1784620972.28721,1784625293.3228219
run-20260720T164920Z-5f8824d560b3-6a51d38a,job-0dfeb66040f0d460b5c84fbf046b5a57cd38cc044ccce21eae9e068c11bd1e0d,NGC 4438,150,14022033408,2089041920,16281239552,9530490880,202297528320,1784625323.978401,1784629765.371719
run-20260720T164920Z-5f8824d560b3-6a51d38a,job-588bb373439fc4f23239c70b39233861fe2c128701254f907d190e3acc370831,NGC 4442,147,12534382592,1788510208,16256073728,9221652480,199092404224,1784629796.0260532,1784634147.6047099
run-20260720T164920Z-5f8824d560b3-6a51d38a,job-c5670970b0bc34c6653cf94dabd24e519580586dd7fb33fb899440ba763358f6,NGC 4452,13,8059305984,2117222400,16214130688,12683821056,198609580032,1784634178.263585,1784634508.3622131
run-20260720T164920Z-5f8824d560b3-6a51d38a,job-c70019e8109897e40b8b8cbdefa5bfde4d5441138ad31453d77982d213b1bbb9,NGC 4458,144,13022314496,1712275456,28503244800,6081052672,107763924992,1784634538.522325,1784638799.476647
run-20260720T164920Z-5f8824d560b3-6a51d38a,job-9cf66bc6a052bb17545d1fdd1af66c101b15d2232cc8d85c3ebc880d01c242b0,NGC 4459,160,11415666688,1511899136,32511754240,3114647552,22203338752,1784638830.211393,1784643570.9485881
run-20260720T164920Z-5f8824d560b3-6a51d38a,job-2da10bbe0bc611fc820bc269f2e66e1eeda3eca4dc434c4248fa1a1e1a145131,NGC 4461,237,13470744576,2120646656,22493593600,6651396096,47487614976,1784643601.667856,1784649111.662431
run-20260720T164920Z-5f8824d560b3-6a51d38a,job-a7cece59c6f8e83b6e5619b2b9db3447418404754e3f789e61bce3efb09205ee,NGC 4473,145,13951057920,2106212352,20299579392,8756051968,175359680512,1784649142.3778791,1784653433.731414
run-20260720T164920Z-5f8824d560b3-6a51d38a,job-cfc6d4203c1c9b97ee6a450e71b39fed1db204d7ff87d7fd337b4734b074ec81,NGC 4474,141,13716209664,1736114176,22780248064,6491521024,166882775040,1784653464.394709,1784657634.344846
run-20260720T164920Z-5f8824d560b3-6a51d38a,job-34a3c32eb7981a962cbea5611fc8d93434308ccbc8b771854f3995ec5b8f2db1,NGC 4476,135,9976840192,1672708096,22251569152,8274690048,163214237696,1784657665.014418,1784661657.640095
run-20260720T164920Z-5f8824d560b3-6a51d38a,job-c62fcb3cefe0b5f1e86cdc967352db9f554a0c483999977116a7a75e6b5b9937,NGC 4477,132,9952706560,1812627456,18396676096,8046133248,165518843904,1784661688.2718542,1784665589.2024179
run-20260720T164920Z-5f8824d560b3-6a51d38a,job-c3bc4f46350545868f5c8eda68e560cda76db56b00f27925a2d00dcb8546f00d,NGC 4478,139,12207898624,1677524992,17368154112,8283422720,164366827520,1784665619.8876312,1784669730.977828
run-20260720T164920Z-5f8824d560b3-6a51d38a,job-0f71e30869646f89b188dd2b9812a22c24a5352994e2f90c82acba8e3da79a43,NGC 4479,17,7298023424,1872478208,17309368320,12721963008,165565534208,1784669761.647695,1784670211.769341
run-20260720T164920Z-5f8824d560b3-6a51d38a,job-88bf47d29c54d349bd532b1fe6f83f185712e0294ca5b319f5dae199bdfa01ce,NGC 4482,131,11687804928,1738489856,17309368320,8751448064,163950268416,1784670241.9563751,1784674112.9995909
run-20260720T164920Z-5f8824d560b3-6a51d38a,job-ccafc268a0d778d7195e3a428b82ba636d0002ae74001e11c4eda971bda497ce,NGC 4497,90,5933350912,2191704064,16948658176,11919048704,160080437248,1784677926.031873,1784680566.515795
run-20260720T164920Z-5f8824d560b3-6a51d38a,job-f36bed0b060c7e65950e83ba29744472e1f12fa07f98ecf86dadbf70dc2ee2a0,NGC 4503,8,5952634880,1928462336,16806051840,13080100864,160071544832,1784680596.733906,1784680776.771064
run-20260720T164920Z-5f8824d560b3-6a51d38a,job-6557013d24f18a6762387d272470f8ce8f02c5601bbf2b14b02885f1e2bed6ca,NGC 4506,117,9170092032,1928953856,16789274624,7718191104,152438718464,1784680806.972943,1784684257.7188349
run-20260720T164920Z-5f8824d560b3-6a51d38a,job-166c0b57f2ab6f45b17055f44e8f86d510546337a0ff0a804c075f8635159b46,NGC 4528,143,9568616448,1955790848,16520773632,6228000768,152156299264,1784684288.3948228,1784688519.799201
run-20260720T164920Z-5f8824d560b3-6a51d38a,job-279beec6c80486afadadc749b5b409fa6e4d460eaabd0c2422fd7b5a300b90c5,NGC 4531,137,10931552256,2085683200,16442261504,7582433280,149068795904,1784688550.465313,1784692601.7990882
run-20260720T164920Z-5f8824d560b3-6a51d38a,job-cea29b2dba217dcd19cdd54daa9dbd7ae6393149561c4b1ffe569509d15541f8,NGC 4548,7,5973049344,2166669312,16202530816,11656118272,148922609664,1784692632.4607072,1784692782.516475
run-20260720T164920Z-5f8824d560b3-6a51d38a,job-9b4747c6a831180c14acbdceea4ef6d2918fc331958ee26175b3d8e1e9474fb2,NGC 4550,136,10087464960,2131132416,16202530816,8164671488,145305935872,1784692812.705434,1784696834.048057
run-20260720T164920Z-5f8824d560b3-6a51d38a,job-5dc8cc66a00806024dfd73a00d64c9009b021fe69d06c9a79bc86beb165c034c,NGC 4551,14,5905203200,2106408960,16185753600,11492835328,144737525760,1784696864.702475,1784697224.819138
run-20260720T164920Z-5f8824d560b3-6a51d38a,job-c3936a8f04f79774ec2e484e9fe9da40aa0d05224b1170951c22ad2dc6a1af2b,NGC 4564,138,9771139072,1818345472,16185753600,7444037632,140858605568,1784697255.0136802,1784701336.2009568
run-20260720T164920Z-5f8824d560b3-6a51d38a,job-d66d4edaa17a6dc943f9fc491f135727e9504f09c0aae35b16d54955ec540416,NGC 4569,9,5980520448,1962246144,16001204224,11477336064,140471439360,1784701366.879869,1784701576.9519732
run-20260720T164920Z-5f8824d560b3-6a51d38a,job-dab7658513f0680e9a535a58ce3731737ea2d812d360ee80217abbd2f464d3f6,NGC 4571,133,9516007424,2548826112,16001204224,6599360512,138503188480,1784701607.111922,1784705538.0007198
run-20260720T164920Z-5f8824d560b3-6a51d38a,job-0005d2eb60b26845667da9d18b15ee35a7e427b3c67e068a862a312d75f78367,NGC 4579,142,12192776192,1943486464,15657271296,7971733504,136001384448,1784705568.689097,1784709770.13747
run-20260720T164920Z-5f8824d560b3-6a51d38a,job-f163ad637a720e54111d3abf28e995d84e5c2fd2ffdbd55e274cf03a9ae552fe,NGC 4606,148,9786245120,1986445312,15606939648,7390887936,135257534464,1784709800.824028,1784714181.621514
run-20260720T164920Z-5f8824d560b3-6a51d38a,job-1ad0a1afd84749d1ac1d6051190856526ea027d4b92736a12f0aa8f8b413037c,NGC4486A,8,7325384704,1489387520,17284202496,13097893888,164498833408,1784674143.6654909,1784674323.728022
run-20260720T164920Z-5f8824d560b3-6a51d38a,job-f51f97e72b9bb8c3f92bc5db867dddc43bf64ae532e6a2c0264ab53ea20803a4,NGC4486B,120,12033671168,1573240832,17284202496,6758400000,162131554304,1784674353.9090948,1784677895.3789709
run-20260720T164920Z-5f8824d560b3-6a51d38a,job-ad9002a8b2e8a20881502e8e0f357b624d326299857f987805e448944e6f9919,PGC 040707,126,10949967872,15368192,19207946240,6814842880,127261401088,1784714212.290617,1784717933.13061
run-20260720T164920Z-5f8824d560b3-6a51d38a,job-f477a084aa0b6b1b36f0bca447d2343cccd0f1a163302ebf5d75a7b2cd45cffd,PGC 040723,113,11202347008,14647296,20940062720,6163513344,130225008640,1784717963.847287,1784721294.481513
run-20260720T164920Z-5f8824d560b3-6a51d38a,job-1ce02ea43385f4ba69f367510b242ed129174a3f99d8b3dd74402c51d4761a08,PGC 041156,123,9694035968,1744945152,26348290048,5890211840,140050350080,1784721325.510952,1784724956.224212
run-20260720T164920Z-5f8824d560b3-6a51d38a,job-a06b3a19bc1eb2a8ed9a2dda1cd92805e48136b9ee46021cfa33592c3a5511be,PGC 041723,129,9106341888,1475280896,21283799040,6114213888,148443656192,1784724986.943973,1784728797.851019
run-20260720T164920Z-5f8824d560b3-6a51d38a,job-eacd519237e0032aafb5b8b3ff5679acc5b13c2adec1be49b6c98762deabe27e,PGC 041782,112,9092841472,1457356800,23963893760,6121816064,190852567040,1784728828.560501,1784732129.6663759
run-20260720T164920Z-5f8824d560b3-6a51d38a,job-347ca51d8e73ae45be4acb4b813f44f3af6dfc7259c4fe135a783975e5cb582b,PGC 041959,121,11250073600,234831872,24110759936,6855573504,189394718720,1784732160.329174,1784735731.510187
