galaxy,ring,branch,requested_kmin,effective_kmin,kmax,psf_id,n_fit,P0,P1,P0_sigma_formal,Pr,P_fluctuation,mbar,mbar_sigma_formal,chi2,chi2_reduced,aicc,condition_number
NGC 4697,inner,no_winsor,0.01,0.01,0.25,stpsf_O2024062601-NRCA3_FP1-1,27,2.6282146555180166,-0.21899837026063615,0.05815141544964645,0.0002958889936654,2.6279187665243513,26.950733909030227,0.024025513237274313,1012.9120723731152,40.51648289492461,1017.4120723731152,18.277793488163763
NGC 4697,inner,no_winsor,0.01,0.01,0.25,stpsf_field_1280_1024,27,2.6288664099558816,-0.21832615401373429,0.05764427900227266,0.0002958889936654,2.6285705209622163,26.9504646672018,0.023810082404422533,995.043292983652,39.80173171934608,999.543292983652,18.27841605883518
NGC 4697,inner,no_winsor,0.01,0.01,0.25,stpsf_field_768_1024,27,2.631499926631253,-0.22052445465425174,0.0584379863083777,0.0002958889936654,2.6312040376375876,26.94937743252763,0.02411376562234687,1020.2766443852086,40.811065775408345,1024.7766443852086,18.303731798682833
NGC 4697,inner,no_winsor,0.01,0.01,0.25,stpsf_field_1024_1280,27,2.639138053996318,-0.21448623470704017,0.05505532294373336,0.0002958889936654,2.638842165002653,26.946230212596454,0.022652191244110324,901.6350294573662,36.06540117829465,906.1350294573662,18.325616585447857
NGC 4697,inner,no_winsor,0.01,0.01,0.25,stpsf_field_1024_768,27,2.6289644052977383,-0.22303951372058026,0.05820461930250454,0.0002958889936654,2.628668516304073,26.950424190788304,0.02404063580817922,1014.17222729369,40.5668890917476,1018.67222729369,18.29275828681985
NGC 4697,inner,no_winsor,0.03,0.03,0.25,stpsf_O2024062601-NRCA3_FP1-1,25,2.6182990915881135,-0.21724952228027586,0.059132400063318005,0.0002958889936654,2.618003202594448,26.954838316085226,0.024523341896358918,941.7565872520814,40.945938576177454,946.3020417975359,18.485657998931938
NGC 4697,inner,no_winsor,0.03,0.03,0.25,stpsf_field_1280_1024,25,2.6192850798715237,-0.21663867755658286,0.05875228531448973,0.0002958889936654,2.6189891908778584,26.954429484790857,0.02435652789267117,929.134174435082,40.39713801891661,933.6796289805364,18.489202218435526
NGC 4697,inner,no_winsor,0.03,0.03,0.25,stpsf_field_768_1024,25,2.6218745031277164,-0.21882317944141533,0.05939633661017901,0.0002958889936654,2.621578614134051,26.95335653586162,0.02459920627212385,947.52456464775,41.19672020207609,952.0700191932045,18.51386395930926
NGC 4697,inner,no_winsor,0.03,0.03,0.25,stpsf_field_1024_1280,25,2.6300482124978615,-0.21290434940811642,0.056011862429751,0.0002958889936654,2.629752323504196,26.94997663104797,0.023125412379092918,838.5266537042778,36.45768059583816,843.0721082497323,18.54067986534559
NGC 4697,inner,no_winsor,0.03,0.03,0.25,stpsf_field_1024_768,25,2.6196529602499825,-0.22138291672942978,0.059242970131353344,0.0002958889936654,2.6193570712563172,26.954276985881243,0.024556498331158815,944.2753680974336,41.055450786844936,948.8208226428881,18.50521370080946
NGC 4697,inner,no_winsor,0.04,0.04,0.25,stpsf_O2024062601-NRCA3_FP1-1,24,2.608416962840339,-0.21551753968127246,0.058834916906721164,0.0002958889936654,2.608121073846674,26.95894437908021,0.024492421011478957,876.4281142279332,39.837641555815146,880.9995427993617,18.644080561216757
NGC 4697,inner,no_winsor,0.04,0.04,0.25,stpsf_field_1280_1024,24,2.609536281840883,-0.21493276304418113,0.0585074768517743,0.0002958889936654,2.6092403928472176,26.958478517096154,0.024345662454543768,866.0710924978732,39.36686784081242,870.6425210693018,18.648865920947696
NGC 4697,inner,no_winsor,0.04,0.04,0.25,stpsf_field_768_1024,24,2.612434998337574,-0.21716463741564376,0.05937115807819649,0.0002958889936654,2.6121391093439086,26.957272995923137,0.024677635127980147,889.5843256973108,40.43565116805958,894.1557542687393,18.676677176042208
NGC 4697,inner,no_winsor,0.04,0.04,0.25,stpsf_field_1024_1280,24,2.620746001770178,-0.21129579093047404,0.055837286225690556,0.0002958889936654,2.6204501127765125,26.953824009377602,0.023135171677219814,782.9194939557076,35.58724972525943,787.4909225271361,18.70488640214025
NGC 4697,inner,no_winsor,0.04,0.04,0.25,stpsf_field_1024_768,24,2.6105943847415887,-0.21978056832113696,0.05940672006264938,0.0002958889936654,2.6102984957479234,26.958038317044803,0.024709827969106847,891.8805258678462,40.54002390308392,896.4519544392748,18.671256896876756
NGC 4697,inner,raw_global_3p5,0.01,0.01,0.25,stpsf_O2024062601-NRCA3_FP1-1,27,2.4394128631110488,-0.20555350835740444,0.05424649078945959,0.0002958889936654,2.4391169741173835,27.031682178499846,0.024147008797110778,1033.6639061690776,41.3465562467631,1038.1639061690776,18.380975412995838
NGC 4697,inner,raw_global_3p5,0.01,0.01,0.25,stpsf_field_1280_1024,27,2.4401175250035525,-0.20493969104229667,0.05364366106079829,0.0002958889936654,2.439821636009887,27.03136855416666,0.023871771653248244,1010.51376575793,40.420550630317194,1015.01376575793,18.381775089832672
NGC 4697,inner,raw_global_3p5,0.01,0.01,0.25,stpsf_field_768_1024,27,2.442560421257359,-0.20698646847364524,0.05446628387658022,0.0002958889936654,2.4422645322636938,27.030281993611535,0.024213599944730366,1039.3031416365384,41.572125665461535,1043.8031416365384,18.407597817793068
NGC 4697,inner,raw_global_3p5,0.01,0.01,0.25,stpsf_field_1024_1280,27,2.44975746511607,-0.2013956671004389,0.05124578732063374,0.0002958889936654,2.449461576122405,27.027087171763494,0.022714953840356437,915.9835145171903,36.639340580687616,920.4835145171903,18.430054752225878
NGC 4697,inner,raw_global_3p5,0.01,0.01,0.25,stpsf_field_1024_768,27,2.440148140313589,-0.20930519862577857,0.054224709726995654,0.0002958889936654,2.4398522513199237,27.031354930243715,0.024130039231371355,1032.2293655044743,41.289174620178976,1036.7293655044743,18.395991978141975
NGC 4697,inner,raw_global_3p5,0.03,0.03,0.25,stpsf_O2024062601-NRCA3_FP1-1,25,2.4301861809338874,-0.20392831919072058,0.055138325666943815,0.0002958889936654,2.429890291940222,27.035797085023194,0.02463719314609208,960.5240740091772,41.761916261268574,965.0695285546317,18.58733801360195
NGC 4697,inner,raw_global_3p5,0.03,0.03,0.25,stpsf_field_1280_1024,25,2.431200538125659,-0.20337133479823036,0.05464274724277086,0.0002958889936654,2.430904649131994,27.035343939248893,0.02440556812053815,942.7549056949906,40.989343725869155,947.3003602404451,18.59106845016137
NGC 4697,inner,raw_global_3p5,0.03,0.03,0.25,stpsf_field_768_1024,25,2.4335914705707253,-0.2054033369003141,0.055328595591151594,0.0002958889936654,2.43329558157706,27.034276580996895,0.024687612901018976,964.4135891626579,41.93102561576774,968.9590437081124,18.61613570485114
NGC 4697,inner,raw_global_3p5,0.03,0.03,0.25,stpsf_field_1024_1280,25,2.4412850407646713,-0.19992323793448927,0.05210142499963063,0.0002958889936654,2.440989151771006,27.03084912646878,0.023174377239877253,850.9976669307904,36.99989856220828,855.5431214762449,18.643561872434287
NGC 4697,inner,raw_global_3p5,0.03,0.03,0.25,stpsf_field_1024_768,25,2.4314641573449687,-0.20776230846898802,0.055158086380978584,0.0002958889936654,2.4311682683513034,27.03522620307512,0.024633067216535038,960.2062722446778,41.74809879324686,964.7517267901324,18.606805016105596
NGC 4697,inner,raw_global_3p5,0.04,0.04,0.25,stpsf_O2024062601-NRCA3_FP1-1,24,2.4211205789270553,-0.2023415173930248,0.05492489550724854,0.0002958889936654,2.42082468993339,27.039855399648346,0.02463373239820093,895.9893504091226,40.72678865496012,900.5607789805512,18.746561553597044
NGC 4697,inner,raw_global_3p5,0.04,0.04,0.25,stpsf_field_1280_1024,24,2.422260732099353,-0.2018090572399053,0.05446868014601903,0.0002958889936654,2.421964843105688,27.03934416305937,0.02441762035822521,880.5095633708536,40.02316197140244,885.0809919422821,18.751545271703645
NGC 4697,inner,raw_global_3p5,0.04,0.04,0.25,stpsf_field_768_1024,24,2.4249388038428745,-0.20388503027803703,0.05536077218605754,0.0002958889936654,2.4246429148492092,27.038144280629417,0.024790122420772068,907.2730084508173,41.23968220230988,911.8444370222459,18.779781019777122
NGC 4697,inner,raw_global_3p5,0.04,0.04,0.25,stpsf_field_1024_1280,24,2.432761936767264,-0.1984513726672059,0.05199259827345866,0.0002958889936654,2.4324660477735986,27.03464678198939,0.0232070027767118,796.2111554029011,36.19141615467732,800.7825839743297,18.80862004778704
NGC 4697,inner,raw_global_3p5,0.04,0.04,0.25,stpsf_field_1024_768,24,2.423165104378588,-0.2062962429152842,0.05536065417563431,0.0002958889936654,2.4228692153849227,27.03893882007932,0.024808217536426636,908.5827853101141,41.29921751409609,913.1542138815427,18.77367881688323
NGC 4697,inner,normalized_full_3p5,0.01,0.01,0.25,stpsf_O2024062601-NRCA3_FP1-1,27,2.574091587678863,-0.2162113139972367,0.05758733830535889,0.0002958889936654,2.5737956986851978,26.97332857292001,0.02429278212164354,1041.9156595073805,41.67662638029522,1046.4156595073805,18.356485847206965
NGC 4697,inner,normalized_full_3p5,0.01,0.01,0.25,stpsf_field_1280_1024,27,2.574769021398469,-0.21555741443752136,0.05705789280726267,0.0002958889936654,2.574473132404804,26.973042840242062,0.024063106042278442,1022.5450888880086,40.901803555520345,1027.0450888880086,18.357232426611542
NGC 4697,inner,normalized_full_3p5,0.01,0.01,0.25,stpsf_field_768_1024,27,2.577343497482413,-0.2177128627064861,0.05785768993172657,0.0002958889936654,2.5770476084887477,26.971957645300254,0.02437602956019263,1048.9801507333475,41.9592060293339,1053.4801507333475,18.382743138922535
NGC 4697,inner,normalized_full_3p5,0.01,0.01,0.25,stpsf_field_1024_1280,27,2.584932146484075,-0.21181563900172654,0.05452760069166689,0.0002958889936654,2.5846362574904096,26.96876516892374,0.022905579095690926,927.5917469573367,37.103669878293466,932.0917469573367,18.40528466281751
NGC 4697,inner,normalized_full_3p5,0.01,0.01,0.25,stpsf_field_1024_768,27,2.574834430618818,-0.22016773849198942,0.057613835617846554,0.0002958889936654,2.5745385416251527,26.973015255469235,0.0242969472835288,1042.268628200182,41.690745128007286,1046.768628200182,18.371456889049515
NGC 4697,inner,normalized_full_3p5,0.03,0.03,0.25,stpsf_O2024062601-NRCA3_FP1-1,25,2.5641277480772984,-0.21445567892944722,0.05849902689453892,0.0002958889936654,2.563831859083633,26.97753989997137,0.024773274900024775,967.0621881042598,42.046182091489555,971.6076426497143,18.562274909776452
NGC 4697,inner,normalized_full_3p5,0.03,0.03,0.25,stpsf_field_1280_1024,25,2.565126146297836,-0.2138607899384129,0.058092342735595784,0.0002958889936654,2.5648302573041706,26.977117178768882,0.024591475224387236,953.0855775977874,41.43850337381684,957.6310321432419,18.565920818529854
NGC 4697,inner,normalized_full_3p5,0.03,0.03,0.25,stpsf_field_768_1024,25,2.567656269721998,-0.21600234025850673,0.058749937730911285,0.0002958889936654,2.5673603807283327,26.97604666248435,0.024845337218937835,972.629762175621,42.28825052937482,977.1752167210755,18.590767638651325
NGC 4697,inner,normalized_full_3p5,0.03,0.03,0.25,stpsf_field_1024_1280,25,2.5757595304949756,-0.21022095787399195,0.05541660260442702,0.0002958889936654,2.5754636415013104,26.972625191774636,0.023361934069955088,861.141811270706,37.44094831611765,865.6872658161604,18.61821768983269
NGC 4697,inner,normalized_full_3p5,0.03,0.03,0.25,stpsf_field_1024_768,25,2.5654478504492277,-0.2184994231868679,0.05858492747352853,0.0002958889936654,2.5651519614555625,26.97698100447823,0.024796884460227347,968.8845927952898,42.12541707805608,973.4300473407443,18.581770147189335
NGC 4697,inner,normalized_full_3p5,0.04,0.04,0.25,stpsf_O2024062601-NRCA3_FP1-1,24,2.5544715840378776,-0.21276480941959694,0.05824554793469855,0.0002958889936654,2.5541756950442123,26.981636829968316,0.024759181712275532,901.312690896824,40.96875867712836,905.8841194682526,18.720646919565265
NGC 4697,inner,normalized_full_3p5,0.04,0.04,0.25,stpsf_field_1280_1024,24,2.5556003570030104,-0.21219539872465842,0.057887734897548594,0.0002958889936654,2.555304468009345,26.981157113967463,0.02459621167518707,889.618580850337,40.43720822046986,894.1900094217656,18.72553583259353
NGC 4697,inner,normalized_full_3p5,0.04,0.04,0.25,stpsf_field_768_1024,24,2.558431358450802,-0.21438294621928483,0.05875951930202774,0.0002958889936654,2.5581354694571368,26.97995490132031,0.024938998830243385,914.3016533214459,41.55916606006572,918.8730818928744,18.753530737374906
NGC 4697,inner,normalized_full_3p5,0.04,0.04,0.25,stpsf_field_1024_1280,24,2.5666696021813817,-0.2086505330422379,0.05528091416017659,0.0002958889936654,2.5663737131877165,26.976464004194884,0.02338727583882476,805.1784971010879,36.599022595503996,809.7499256725165,18.782387208537322
NGC 4697,inner,normalized_full_3p5,0.04,0.04,0.25,stpsf_field_1024_768,24,2.5565937059949744,-0.2169346418497795,0.058776270976635854,0.0002958889936654,2.556297817001309,26.980735126919967,0.02496404173081345,916.1175296942747,41.641705895194306,920.6889582657033,18.747753077829245
NGC 4697,inner,normalized_union_3p5,0.01,0.01,0.25,stpsf_O2024062601-NRCA3_FP1-1,27,2.5716004922832156,-0.2160599938836391,0.05755408691112043,0.0002958889936654,2.5713046032895504,26.974379931499303,0.024302276677471764,1042.9471957130263,41.71788782852105,1047.4471957130263,18.35935911360608
NGC 4697,inner,normalized_union_3p5,0.01,0.01,0.25,stpsf_field_1280_1024,27,2.5722793151072043,-0.21540700868432425,0.057023164816661635,0.0002958889936654,2.571983426113539,26.974093335642067,0.02407173931322465,1023.4928192762218,40.939712771048875,1027.9928192762218,18.36011148306198
NGC 4697,inner,normalized_union_3p5,0.01,0.01,0.25,stpsf_field_768_1024,27,2.5748509792533656,-0.21756041524867928,0.057823707230294466,0.0002958889936654,2.5745550902597003,26.973008276589862,0.024385297743592757,1049.9965937517231,41.999863750068926,1054.4965937517231,18.385630999863633
NGC 4697,inner,normalized_union_3p5,0.01,0.01,0.25,stpsf_field_1024_1280,27,2.582436621608891,-0.21166960949622268,0.05449556271392599,0.0002958889936654,2.5821407326152257,26.969813978238616,0.022914245025386634,928.4881247196956,37.13952498878783,932.9881247196956,18.40819722600148
NGC 4697,inner,normalized_union_3p5,0.01,0.01,0.25,stpsf_field_1024_768,27,2.5723432468018714,-0.22001260949374418,0.05757917411085716,0.0002958889936654,2.572047357808206,26.974066347873737,0.024305848717149206,1043.2500861353833,41.730003445415335,1047.7500861353833,18.37433085306075
NGC 4697,inner,normalized_union_3p5,0.03,0.03,0.25,stpsf_O2024062601-NRCA3_FP1-1,25,2.5616398536288782,-0.21430498431657344,0.05846346265722571,0.0002958889936654,2.561343964635213,26.978593989579743,0.02478226233527956,967.972174952645,42.085746737071524,972.5176294980995,18.56507043530194
NGC 4697,inner,normalized_union_3p5,0.03,0.03,0.25,stpsf_field_1280_1024,25,2.562639107415222,-0.21371091359631353,0.05805502372589615,0.0002958889936654,2.5623432184215567,26.978170495330946,0.024599530880225564,953.9161639780535,41.474615825132766,958.461618523508,18.56872120726719
NGC 4697,inner,normalized_union_3p5,0.03,0.03,0.25,stpsf_field_768_1024,25,2.565166506913916,-0.21585043907223855,0.05871371390851085,0.0002958889936654,2.5648706179202505,26.977100093569103,0.024854121085441536,973.5271590311072,42.32726778396118,978.0726135765617,18.593577147627375
NGC 4697,inner,normalized_union_3p5,0.03,0.03,0.25,stpsf_field_1024_1280,25,2.573265891155317,-0.21007531321693038,0.055382182027831114,0.0002958889936654,2.5729700021616515,26.973676942622287,0.023370050982173648,861.926774555606,37.47507715459157,866.4722291010605,18.621050721950603
NGC 4697,inner,normalized_union_3p5,0.03,0.03,0.25,stpsf_field_1024_768,25,2.5629589005265783,-0.21834474985764815,0.05854789891127642,0.0002958889936654,2.562663011532913,26.978034998535858,0.024805280005375168,969.7498862204943,42.16303853132584,974.2953407659488,18.584564447998172
NGC 4697,inner,normalized_union_3p5,0.04,0.04,0.25,stpsf_O2024062601-NRCA3_FP1-1,24,2.5519923355527574,-0.21261568328082622,0.058210603932664765,0.0002958889936654,2.551696446559092,26.982691227719688,0.02476836940215038,902.1797078955475,41.008168540706706,906.751136466976,18.723421770763327
NGC 4697,inner,normalized_union_3p5,0.04,0.04,0.25,stpsf_field_1280_1024,24,2.5531218136888505,-0.2120470617719537,0.05785084050989363,0.0002958889936654,2.552825924695185,26.982210745811425,0.024604400719089196,890.4073002744724,40.47305910338511,894.978728845901,18.72831549352792
NGC 4697,inner,normalized_union_3p5,0.04,0.04,0.25,stpsf_field_768_1024,24,2.5559496603192517,-0.21423251288382691,0.058723568584092486,0.0002958889936654,2.5556537713255865,26.98100870686268,0.024947942948968252,915.1585508386324,41.598115947210566,919.729979410061,18.756319157158742
NGC 4697,inner,normalized_union_3p5,0.04,0.04,0.25,stpsf_field_1024_1280,24,2.5641838894743865,-0.20850630919506616,0.055246854177027724,0.0002958889936654,2.563888000480721,26.97751612537015,0.023395526547082074,805.924578407642,36.63293538216555,810.4960069790706,18.785199459271844
NGC 4697,inner,normalized_union_3p5,0.04,0.04,0.25,stpsf_field_1024_768,24,2.5541123090541213,-0.21678135404737567,0.058739228306561614,0.0002958889936654,2.553816420060456,26.98178956233328,0.02497254944052625,916.9437820081507,41.6792628185523,921.5152105795793,18.750525457272754
NGC 4697,outer,no_winsor,0.01,0.01,0.25,stpsf_O2024062601-NRCA3_FP1-1,27,2.2177624405223217,-0.1695389609649626,0.026643041871538195,0.0125066917615336,2.2052557487607882,27.141116342575497,0.01311744235609457,928.5065975546886,37.14026390218754,933.0065975546886,17.475175681168345
NGC 4697,outer,no_winsor,0.01,0.01,0.25,stpsf_field_1280_1024,27,2.2191193112537837,-0.16935126936660364,0.027070228421837938,0.0125066917615336,2.20661261949225,27.140448505912293,0.013319568105898433,957.2413851083318,38.289655404333274,961.7413851083318,17.485621529968707
NGC 4697,outer,no_winsor,0.01,0.01,0.25,stpsf_field_768_1024,27,2.2146771640660354,-0.16948722606837804,0.02732011594063384,0.0125066917615336,2.202170472304502,27.142636411989898,0.013469637963084235,978.8287459967594,39.15314983987037,983.3287459967594,17.454012466323917
NGC 4697,outer,no_winsor,0.01,0.01,0.25,stpsf_field_1024_1280,27,2.222140891657188,-0.16502130452166724,0.02512673170912478,0.0125066917615336,2.2096341998956546,27.138962791963028,0.012346388522194838,822.9139316305531,32.916557265222124,827.4139316305531,17.491292512276218
NGC 4697,outer,no_winsor,0.01,0.01,0.25,stpsf_field_1024_768,27,2.2144039237530277,-0.17219824620702776,0.027621555515914394,0.0125066917615336,2.2018972319914942,27.14277113603173,0.013619946662197683,1000.709766667509,40.02839066670036,1005.209766667509,17.46036654335962
NGC 4697,outer,no_winsor,0.03,0.03,0.25,stpsf_O2024062601-NRCA3_FP1-1,25,2.2126696043877194,-0.1686385961549552,0.027375328801207334,0.0125066917615336,2.200162912626186,27.14362665065947,0.013509174900667312,878.153800984413,38.18060004280056,882.6992555298675,17.70556604288669
NGC 4697,outer,no_winsor,0.03,0.03,0.25,stpsf_field_1280_1024,25,2.213779139837958,-0.16840822974543704,0.02774895844614914,0.0125066917615336,2.2012724480764243,27.143079255214314,0.013686651489069567,901.3003215752415,39.18697050327137,905.845776120696,17.714034809476832
NGC 4697,outer,no_winsor,0.03,0.03,0.25,stpsf_field_768_1024,25,2.2092944006195028,-0.16853454307433155,0.028007408715194956,0.0125066917615336,2.1967877088579693,27.145293524802412,0.013842328742522824,921.8232795649686,40.079273024563854,926.3687341104231,17.681568834721656
NGC 4697,outer,no_winsor,0.03,0.03,0.25,stpsf_field_1024_1280,25,2.2174822759399038,-0.16420844256665604,0.025873608372812912,0.0125066917615336,2.2049755841783703,27.14125428764362,0.012740237832866439,781.352906309145,33.97186549170196,785.8983608545996,17.725650353895393
NGC 4697,outer,no_winsor,0.03,0.03,0.25,stpsf_field_1024_768,25,2.2093328892995268,-0.17129406289094865,0.028433510222064574,0.0125066917615336,2.1968261975379932,27.14527450239659,0.014052678136783717,949.9454408932056,41.30197569100894,954.4908954386601,17.69072748914621
NGC 4697,outer,no_winsor,0.04,0.04,0.25,stpsf_O2024062601-NRCA3_FP1-1,24,2.2093071394879518,-0.16804731892294197,0.027938942526414576,0.0125066917615336,2.1968004477264182,27.145287228786405,0.013808410069735471,854.293092054606,38.83150418430027,858.8645206260345,17.91392327900383
NGC 4697,outer,no_winsor,0.04,0.04,0.25,stpsf_field_1280_1024,24,2.209762681072265,-0.16770309449078669,0.028141967903871537,0.0125066917615336,2.1972559893107313,27.145062107420888,0.013905868763138268,866.353717394355,39.37971442701614,870.9251459657836,17.916832966398566
NGC 4697,outer,no_winsor,0.04,0.04,0.25,stpsf_field_768_1024,24,2.205579198831897,-0.1678805991239746,0.02850576396313297,0.0125066917615336,2.1930725070703634,27.147131273547668,0.014112501925623766,892.1778726640694,40.55353966654861,896.7493012354979,17.886576169965707
NGC 4697,outer,no_winsor,0.04,0.04,0.25,stpsf_field_1024_1280,24,2.2136402741520156,-0.16354225075162906,0.026218387151285574,0.0125066917615336,2.201133582390482,27.14314775026081,0.012932541844916606,749.6940264695722,34.077001203162375,754.2654550410008,17.93006332932743
NGC 4697,outer,no_winsor,0.04,0.04,0.25,stpsf_field_1024_768,24,2.2056732099118235,-0.17064529971718265,0.028969521462910982,0.0125066917615336,2.19316651815029,27.1470847319741,0.014341482065542258,921.2546260538984,41.8752102751772,925.826054625327,17.896346276899187
NGC 4697,outer,raw_global_3p5,0.01,0.01,0.25,stpsf_O2024062601-NRCA3_FP1-1,27,2.20240491376896,-0.16930230347335679,0.026656016418171627,0.0125066917615336,2.1898982220074266,27.148703922343497,0.013215866294145015,946.1927858926495,37.847711435705975,950.6927858926495,17.518339213941207
NGC 4697,outer,raw_global_3p5,0.01,0.01,0.25,stpsf_field_1280_1024,27,2.2037554358850295,-0.1691164581211777,0.027070340338127476,0.0125066917615336,2.191248744123496,27.148034549316513,0.013413013314463294,974.5328254964699,38.981313019858796,979.0328254964699,17.52881908068887
NGC 4697,outer,raw_global_3p5,0.01,0.01,0.25,stpsf_field_768_1024,27,2.1993374141771413,-0.16925007495661423,0.02732022406301269,0.0125066917615336,2.186830722415608,27.150225833319723,0.013564175810805964,996.514604188448,39.860584167537915,1001.014604188448,17.497085724978025
NGC 4697,outer,raw_global_3p5,0.01,0.01,0.25,stpsf_field_1024_1280,27,2.2067926761306684,-0.164823318684761,0.025133357081890337,0.0125066917615336,2.194285984369135,27.146530676959497,0.01243602516960337,838.1908391229679,33.527633564918716,842.6908391229679,17.53475541635446
NGC 4697,outer,raw_global_3p5,0.01,0.01,0.25,stpsf_field_1024_768,27,2.199048932773401,-0.17193928004839887,0.027632937668223313,0.0125066917615336,2.1865422410118676,27.15036907045386,0.013721244578531742,1019.6340645626433,40.78536258250573,1024.1340645626433,17.50335323639204
NGC 4697,outer,raw_global_3p5,0.03,0.03,0.25,stpsf_O2024062601-NRCA3_FP1-1,25,2.1974011973667635,-0.1684181518073966,0.027412947593566744,0.0125066917615336,2.18489450560523,27.151187568433024,0.013622273114384551,896.5498696656283,38.98042911589688,901.0953242110828,17.748526411436313
NGC 4697,outer,raw_global_3p5,0.03,0.03,0.25,stpsf_field_1280_1024,25,2.1985079810267876,-0.16819027245612345,0.02777375731329024,0.0125066917615336,2.186001289265254,27.150637715417716,0.01379458191780875,919.2961286777482,39.96939689903253,923.8415832232027,17.7570389630125
NGC 4697,outer,raw_global_3p5,0.03,0.03,0.25,stpsf_field_768_1024,25,2.1940468073519757,-0.16831418808026236,0.028032669370337455,0.0125066917615336,2.181540115590442,27.152855741080206,0.013951649953112141,940.2493634764304,40.880407107670884,944.7948180218849,17.72444293803181
NGC 4697,outer,raw_global_3p5,0.03,0.03,0.25,stpsf_field_1024_1280,25,2.202221208137656,-0.1640260796688351,0.025901675395250758,0.0125066917615336,2.1897145163761227,27.148795006129646,0.012842946662772204,797.2374499733995,34.66249782493041,801.782904518854,17.768923934236803
NGC 4697,outer,raw_global_3p5,0.03,0.03,0.25,stpsf_field_1024_768,25,2.194068288274402,-0.17105167255118975,0.028467055684483898,0.0125066917615336,2.1815615965128683,27.152845050238355,0.0141677012690884,969.4826386769622,42.1514190729114,974.0280932224167,17.7335188735365
NGC 4697,outer,raw_global_3p5,0.04,0.04,0.25,stpsf_O2024062601-NRCA3_FP1-1,24,2.1940183874085863,-0.16782359743213893,0.027970951067046685,0.0125066917615336,2.181511695647053,27.152869885565675,0.0139211145718854,871.8685018611257,39.63038644823298,876.4399304325542,17.95663144104591
NGC 4697,outer,raw_global_3p5,0.04,0.04,0.25,stpsf_field_1280_1024,24,2.194479133090502,-0.16748331769835836,0.028161271549785455,0.0125066917615336,2.1819724413289685,27.152640597109848,0.014012877300597103,883.360929752542,40.152769534206456,887.9323583239706,17.959594732228087
NGC 4697,outer,raw_global_3p5,0.04,0.04,0.25,stpsf_field_768_1024,24,2.1903155553036937,-0.16765775026910168,0.02852518662093325,0.0125066917615336,2.17780886354216,27.15471434723749,0.01422109551499209,909.6897305817461,41.349533208261185,914.2611591531746,17.92920254254622
NGC 4697,outer,raw_global_3p5,0.04,0.04,0.25,stpsf_field_1024_1280,24,2.198365369861689,-0.1633578278086004,0.02624082778925619,0.0125066917615336,2.1858586781001557,27.150708549390608,0.013034061652321164,764.6510421312439,34.75686555142018,769.2224707026725,17.973100062639645
NGC 4697,outer,raw_global_3p5,0.04,0.04,0.25,stpsf_field_1024_768,24,2.1903915211868226,-0.1704002069352259,0.028997552605594827,0.0125066917615336,2.177884829425289,27.154676475469888,0.01445608706571541,939.8857707587327,42.72208048903331,944.4571993301613,17.938885363936187
NGC 4697,outer,normalized_full_3p5,0.01,0.01,0.25,stpsf_O2024062601-NRCA3_FP1-1,27,2.1999843418019895,-0.16986668622544884,0.02696654435519906,0.0125066917615336,2.187477650040456,27.149904688722923,0.013384618363124347,973.7089976997479,38.94835990798992,978.2089976997479,17.554804644202147
NGC 4697,outer,normalized_full_3p5,0.01,0.01,0.25,stpsf_field_1280_1024,27,2.2013273063694188,-0.16968008859307654,0.02738412280852315,0.0125066917615336,2.1888206146078852,27.149238324042017,0.013583540547055182,1002.7611947025114,40.11044778810046,1007.2611947025114,17.565280434933445
NGC 4697,outer,normalized_full_3p5,0.01,0.01,0.25,stpsf_field_768_1024,27,2.1969089068172085,-0.16981268453141196,0.027637584447508655,0.0125066917615336,2.184402215055675,27.151432229168766,0.013736996712373111,1025.4327185501163,41.01730874200465,1029.9327185501163,17.53345727314802
NGC 4697,outer,normalized_full_3p5,0.01,0.01,0.25,stpsf_field_1024_1280,27,2.2043968979734565,-0.16539831118857395,0.0254440800648651,0.0125066917615336,2.191890206211923,27.147716759428377,0.012603532259461009,863.7654893839222,34.55061957535688,868.2654893839222,17.571448703589002
NGC 4697,outer,normalized_full_3p5,0.01,0.01,0.25,stpsf_field_1024_768,27,2.196614876238509,-0.1724972271328489,0.027933170598823914,0.0125066917615336,2.1841081844769756,27.15157838408927,0.013885784068929279,1047.6747058322942,41.90698823329177,1052.1747058322942,17.53965222311921
NGC 4697,outer,normalized_full_3p5,0.03,0.03,0.25,stpsf_O2024062601-NRCA3_FP1-1,25,2.19488633645203,-0.1689663174687061,0.027715859479832985,0.0125066917615336,2.1823796446904966,27.15243799410034,0.013788669701192675,921.6445369293873,40.071501605625535,926.1899914748418,17.784392272186974
NGC 4697,outer,normalized_full_3p5,0.03,0.03,0.25,stpsf_field_1280_1024,25,2.195987511668172,-0.16873807157860526,0.02807994157615472,0.0125066917615336,2.1834808199066384,27.151890296419666,0.013962755669192375,944.9811774073177,41.086138148144244,949.5266319527722,17.792906628620564
NGC 4697,outer,normalized_full_3p5,0.03,0.03,0.25,stpsf_field_768_1024,25,2.191526364285091,-0.16886100350962488,0.02834273866428289,0.0125066917615336,2.1790196725235575,27.15411087194756,0.014122285309233394,966.5923717915318,42.02575529528399,971.1378263369863,17.760221498718604
NGC 4697,outer,normalized_full_3p5,0.03,0.03,0.25,stpsf_field_1024_1280,25,2.1997281305943304,-0.1645845132078693,0.026205303321208614,0.0125066917615336,2.187221438832797,27.150031864457247,0.013008306368690305,820.6268538927485,35.6794284301195,825.172308438203,17.805014729553665
NGC 4697,outer,normalized_full_3p5,0.03,0.03,0.25,stpsf_field_1024_768,25,2.19153980814,-0.17159324188475808,0.028759535434019243,0.0125066917615336,2.1790331163784664,27.15410417332287,0.014329873473715312,995.1048838326587,43.26542973185473,999.6503383781132,17.76921543720071
NGC 4697,outer,normalized_full_3p5,0.04,0.04,0.25,stpsf_O2024062601-NRCA3_FP1-1,24,2.1914263494390798,-0.1683584847310481,0.028267189875603414,0.0125066917615336,2.1789196576775463,27.15416070730832,0.014085288251255441,895.5567866875109,40.70712666761413,900.1282152589395,17.99196993046811
NGC 4697,outer,normalized_full_3p5,0.04,0.04,0.25,stpsf_field_1280_1024,24,2.191886553634322,-0.1680188003701181,0.028459562604046487,0.0125066917615336,2.1793798618727886,27.153931415881253,0.014178151331655023,907.3627695067313,41.24376225030597,911.9341980781599,17.994950609650974
NGC 4697,outer,normalized_full_3p5,0.04,0.04,0.25,stpsf_field_768_1024,24,2.1877206760958603,-0.16819178414903813,0.028828281139741157,0.0125066917615336,2.1752139843343268,27.156008783189282,0.014389346877953953,934.4719853848542,42.47599933567519,939.0434139562827,17.964461973151085
NGC 4697,outer,normalized_full_3p5,0.04,0.04,0.25,stpsf_field_1024_1280,24,2.195799302772511,-0.16390393339796436,0.026536250410997338,0.0125066917615336,2.1832926110109776,27.151983887358345,0.013196292455002834,786.446317886415,35.74755990392796,791.0177464578436,18.008681022027393
NGC 4697,outer,normalized_full_3p5,0.04,0.04,0.25,stpsf_field_1024_768,24,2.1877880287735882,-0.17092879627188615,0.02928238934158696,0.0125066917615336,2.1752813370120547,27.155975165297388,0.014615557872461228,963.9681817403225,43.81673553365102,968.5396103117511,17.97405794439737
NGC 4697,outer,normalized_union_3p5,0.01,0.01,0.25,stpsf_O2024062601-NRCA3_FP1-1,27,2.198939304608229,-0.16986384752418446,0.02698466897048693,0.0125066917615336,2.1864326128466955,27.150423508117917,0.013400016036407896,976.258015286456,39.05032061145824,980.758015286456,17.558582699892
NGC 4697,outer,normalized_union_3p5,0.01,0.01,0.25,stpsf_field_1280_1024,27,2.2002815714023183,-0.1696773205548069,0.027401344947618964,0.0125066917615336,2.1877748796407848,27.149757171322953,0.013598580249527766,1005.2995827449072,40.21198330979629,1009.7995827449072,17.569059684585543
NGC 4697,outer,normalized_union_3p5,0.01,0.01,0.25,stpsf_field_768_1024,27,2.195864784207303,-0.16980976001398035,0.027654827837108157,0.0125066917615336,2.1833580924457694,27.151951324385337,0.013752140761054323,1028.0185223818066,41.12074089527226,1032.5185223818066,17.537226843630002
NGC 4697,outer,normalized_union_3p5,0.01,0.01,0.25,stpsf_field_1024_1280,27,2.2033533456017396,-0.1653982402410554,0.02546131780506273,0.0125066917615336,2.190846653840206,27.14823379827836,0.012618078272777956,866.0339747046838,34.641358988187356,870.5339747046838,17.575251578674976
NGC 4697,outer,normalized_union_3p5,0.01,0.01,0.25,stpsf_field_1024_768,27,2.1955696176048862,-0.1724927644870069,0.027950167501124265,0.0125066917615336,2.1830629258433527,27.15209811420053,0.013900885964293182,1050.2853607491106,42.011414429964425,1054.7853607491106,17.543413003513088
NGC 4697,outer,normalized_union_3p5,0.03,0.03,0.25,stpsf_O2024062601-NRCA3_FP1-1,25,2.193840547738663,-0.16896338656068174,0.02773483157515978,0.0125066917615336,2.1813338559771296,27.152958399800756,0.013804723514242117,924.0903437105985,40.177841030895586,928.635798256053,17.788124989202558
NGC 4697,outer,normalized_union_3p5,0.03,0.03,0.25,stpsf_field_1280_1024,25,2.1949413140328486,-0.1687352645698942,0.028097977717244094,0.0125066917615336,2.182434622271315,27.15241064303965,0.013978421794074037,947.4089850824604,41.19169500358523,951.9544396279149,17.796641249972648
NGC 4697,outer,normalized_union_3p5,0.03,0.03,0.25,stpsf_field_768_1024,25,2.1904817889397794,-0.16885804186654288,0.028360826091060058,0.0125066917615336,2.177975097178246,27.15463147541517,0.014138075189108935,969.0679597051162,42.13338955239636,973.6134142505707,17.763946312975616
NGC 4697,outer,normalized_union_3p5,0.03,0.03,0.25,stpsf_field_1024_1280,25,2.1986835245890846,-0.16458429591021628,0.02622319541947117,0.0125066917615336,2.186176832827551,27.15055053049712,0.013023407916432377,822.7998718781201,35.773907472961746,827.3453264235746,17.808772547752064
NGC 4697,outer,normalized_union_3p5,0.03,0.03,0.25,stpsf_field_1024_768,25,2.1904938328240418,-0.17158869255895048,0.02877720182935369,0.0125066917615336,2.1779871410625082,27.154625471469096,0.01434556215172092,997.6070638902654,43.37422016914197,1002.1525184357199,17.772930916740894
NGC 4697,outer,normalized_union_3p5,0.04,0.04,0.25,stpsf_O2024062601-NRCA3_FP1-1,24,2.190376180287777,-0.16835481077131453,0.028285787271134052,0.0125066917615336,2.1778694885262433,27.15468412336198,0.014101351564982368,897.8933280359136,40.81333309254153,902.4647566073421,17.995672296202052
NGC 4697,outer,normalized_union_3p5,0.04,0.04,0.25,stpsf_field_1280_1024,24,2.1908366291150974,-0.16801537089248297,0.028477192670006035,0.0125066917615336,2.178329937353564,27.15445459945123,0.014193772284680292,909.6600005939358,41.3481818451789,914.2314291653644,17.998655894632325
NGC 4697,outer,normalized_union_3p5,0.04,0.04,0.25,stpsf_field_768_1024,24,2.186672076633574,-0.1681881439790025,0.02884595851991664,0.0125066917615336,2.1741653848720404,27.156532307272105,0.01440511459889147,936.8264772836914,42.583021694713246,941.3979058551199,17.968156945378123
NGC 4697,outer,normalized_union_3p5,0.04,0.04,0.25,stpsf_field_1024_1280,24,2.194750854277398,-0.16390308028789385,0.02655370633332706,0.0125066917615336,2.1822441625158646,27.15250539871922,0.013211317428096836,788.4960926366377,35.84073148348353,793.0675212080663,18.012409909240706
NGC 4697,outer,normalized_union_3p5,0.04,0.04,0.25,stpsf_field_1024_768,24,2.1867379462039667,-0.17092354833213655,0.02929962300330618,0.0125066917615336,2.174231254442433,27.15649941377903,0.014631222605900548,966.3505652375227,43.92502569261467,970.9219938089512,17.977743105651324
